customerID,gender,SeniorCitizen,Partner,Dependents,tenure,PhoneService,MultipleLines,InternetService,OnlineSecurity,OnlineBackup,DeviceProtection,TechSupport,StreamingTV,StreamingMovies,Contract,PaperlessBilling,PaymentMethod,MonthlyCharges,TotalCharges,Churn
CUST-00001,Male,0,No,No,67,Yes,No,Fiber optic,No,No,No,No,No,Yes,One year,No,Electronic check,70.63,4670.68,No
CUST-00002,Female,1,No,No,25,Yes,No,Fiber optic,Yes,No,No,No,No,No,Two year,No,Credit card (automatic),60.65,1600.24,Yes
CUST-00003,Male,0,No,No,61,Yes,No,Fiber optic,No,No,No,No,Yes,No,Month-to-month,Yes,Mailed check,61.45,3770.03,Yes
CUST-00004,Male,0,Yes,No,26,Yes,No,DSL,No,No,Yes,No,No,Yes,Month-to-month,Yes,Electronic check,57.58,1454.84,No
CUST-00005,Male,0,Yes,No,34,Yes,Yes,DSL,Yes,Yes,No,No,No,Yes,One year,Yes,Bank transfer (automatic),62.82,2033.82,No
CUST-00006,Female,1,Yes,No,9,Yes,Yes,Fiber optic,No,Yes,Yes,No,No,Yes,Month-to-month,Yes,Credit card (automatic),78.77,676.37,Yes
CUST-00007,Male,0,Yes,Yes,40,Yes,No,Fiber optic,No,Yes,No,No,Yes,Yes,One year,No,Credit card (automatic),79.97,3186.88,Yes
CUST-00008,Male,0,Yes,No,7,No,No phone service,No,No internet service,No internet service,No internet service,No internet service,No internet service,No internet service,Two year,Yes,Credit card (automatic),26.02,181.26,No
CUST-00009,Male,0,Yes,No,30,Yes,No,Fiber optic,No,No,Yes,Yes,No,No,Month-to-month,Yes,Bank transfer (automatic),54.89,1682.15,No
CUST-00010,Female,0,Yes,Yes,66,Yes,Yes,Fiber optic,Yes,No,No,No,No,Yes,One year,No,Credit card (automatic),79.21,5276.32,No
CUST-00011,Male,0,Yes,Yes,30,Yes,Yes,Fiber optic,No,Yes,No,No,Yes,Yes,Month-to-month,Yes,Mailed check,79.36,2228.54,Yes
CUST-00012,Male,0,Yes,No,68,Yes,No,No,No internet service,No internet service,No internet service,No internet service,No internet service,No internet service,One year,No,Mailed check,24.53,1660.54,No
CUST-00013,Male,0,No,No,58,No,No phone service,DSL,No,No,Yes,No,No,No,Month-to-month,Yes,Bank transfer (automatic),45.79,2735.3,Yes
CUST-00014,Male,0,No,Yes,55,Yes,Yes,No,No internet service,No internet service,No internet service,No internet service,No internet service,No internet service,Month-to-month,Yes,Credit card (automatic),27.03,1448.39,No
CUST-00015,Female,0,Yes,No,14,No,No phone service,Fiber optic,No,Yes,No,No,Yes,No,One year,No,Electronic check,69.45,972.8,No
CUST-00016,Male,0,Yes,No,37,Yes,No,No,No internet service,No internet service,No internet service,No internet service,No internet service,No internet service,Two year,Yes,Mailed check,19.28,631.63,No
CUST-00017,Female,0,Yes,Yes,44,Yes,Yes,No,No internet service,No internet service,No internet service,No internet service,No internet service,No internet service,Month-to-month,No,Bank transfer (automatic),32.09,1407.92,No
CUST-00018,Female,0,No,Yes,6,Yes,No,DSL,Yes,No,No,Yes,No,No,One year,No,Electronic check,46.12,341.47,No
CUST-00019,Female,1,Yes,No,26,No,No phone service,Fiber optic,No,Yes,No,Yes,Yes,No,Two year,No,Electronic check,71.91,1778.21,No
CUST-00020,Male,0,No,No,14,Yes,Yes,Fiber optic,No,Yes,Yes,No,No,Yes,Month-to-month,Yes,Mailed check,80.59,1211.96,Yes
CUST-00021,Female,1,Yes,No,8,Yes,No,Fiber optic,No,Yes,Yes,No,No,No,Month-to-month,No,Credit card (automatic),74.87,544.15,Yes
CUST-00022,Male,0,Yes,No,24,Yes,Yes,DSL,No,No,No,No,No,No,Month-to-month,Yes,Bank transfer (automatic),47.7,1156.55,No
CUST-00023,Female,0,Yes,Yes,39,Yes,Yes,No,No internet service,No internet service,No internet service,No internet service,No internet service,No internet service,Two year,No,Bank transfer (automatic),27.62,1082.54,No
CUST-00024,Female,1,Yes,No,49,Yes,No,No,No internet service,No internet service,No internet service,No internet service,No internet service,No internet service,Month-to-month,Yes,Electronic check,23.8,1146.22,No
CUST-00025,Female,0,No,No,63,Yes,No,Fiber optic,No,No,No,No,Yes,No,Month-to-month,No,Mailed check,65.03,4125.7,Yes
CUST-00026,Female,0,No,No,26,Yes,Yes,DSL,No,No,Yes,No,Yes,No,Two year,Yes,Credit card (automatic),66.8,1839.07,No
CUST-00027,Female,0,No,No,10,Yes,No,No,No internet service,No internet service,No internet service,No internet service,No internet service,No internet service,Two year,No,Credit card (automatic),29.38,254.8,No
CUST-00028,Female,0,No,Yes,58,Yes,Yes,Fiber optic,Yes,No,No,No,Yes,No,One year,Yes,Credit card (automatic),72.38,4277.42,No
CUST-00029,Female,0,No,No,14,Yes,No,Fiber optic,Yes,No,No,No,No,No,Month-to-month,Yes,Credit card (automatic),60.75,899.73,No
CUST-00030,Female,0,No,Yes,71,Yes,No,DSL,Yes,Yes,No,No,Yes,No,Month-to-month,No,Credit card (automatic),56.25,4006.35,No
CUST-00031,Male,0,Yes,Yes,39,Yes,No,DSL,No,No,No,No,Yes,No,Month-to-month,Yes,Electronic check,53.59,2135.33,No
CUST-00032,Male,0,Yes,No,31,Yes,No,Fiber optic,No,No,Yes,No,Yes,No,Two year,Yes,Electronic check,69.64,2230.59,No
CUST-00033,Female,0,Yes,Yes,50,Yes,No,DSL,Yes,No,No,Yes,No,No,Two year,No,Bank transfer (automatic),47.82,2414.61,No
CUST-00034,Female,0,No,No,16,Yes,No,Fiber optic,No,No,No,No,Yes,No,Month-to-month,Yes,Bank transfer (automatic),58.53,972.28,Yes
CUST-00035,Female,0,Yes,Yes,72,Yes,No,DSL,No,No,Yes,No,No,No,Month-to-month,No,Credit card (automatic),45.95,3391.65,No
CUST-00036,Male,0,No,Yes,51,No,No phone service,No,No internet service,No internet service,No internet service,No internet service,No internet service,No internet service,Month-to-month,Yes,Mailed check,25.99,1424.87,No
CUST-00037,Female,1,Yes,No,15,Yes,No,No,No internet service,No internet service,No internet service,No internet service,No internet service,No internet service,Month-to-month,No,Mailed check,20.22,296.49,No
CUST-00038,Male,0,No,Yes,38,Yes,No,DSL,Yes,No,No,No,Yes,Yes,Month-to-month,No,Credit card (automatic),73.03,2777.83,No
CUST-00039,Male,1,Yes,Yes,71,Yes,No,DSL,No,No,No,No,No,No,One year,No,Electronic check,40.36,2825.24,Yes
CUST-00040,Male,0,Yes,No,72,Yes,No,Fiber optic,No,No,Yes,No,No,Yes,Month-to-month,No,Mailed check,78.0,5641.4,Yes
CUST-00041,Male,0,No,Yes,21,Yes,No,Fiber optic,No,No,Yes,No,No,No,Two year,Yes,Electronic check,65.51,1314.14,No
CUST-00042,Male,0,Yes,Yes,16,Yes,No,DSL,No,No,No,No,No,No,Month-to-month,No,Credit card (automatic),35.25,424.33,Yes
CUST-00043,Female,0,No,No,67,Yes,Yes,Fiber optic,No,No,No,Yes,No,No,One year,Yes,Bank transfer (automatic),60.43,4140.55,No
CUST-00044,Female,0,Yes,Yes,65,Yes,No,No,No internet service,No internet service,No internet service,No internet service,No internet service,No internet service,One year,No,Electronic check,23.46,1516.47,No
CUST-00045,Female,0,Yes,No,13,Yes,No,DSL,No,No,No,Yes,No,Yes,One year,Yes,Mailed check,51.88,688.56,No
CUST-00046,Female,0,No,Yes,64,Yes,No,DSL,No,No,No,No,Yes,No,Month-to-month,Yes,Bank transfer (automatic),52.91,3458.74,No
CUST-00047,Female,1,No,Yes,61,Yes,No,Fiber optic,Yes,No,Yes,Yes,No,No,Month-to-month,Yes,Credit card (automatic),61.74,3755.15,No
CUST-00048,Male,0,Yes,No,32,Yes,No,No,No internet service,No internet service,No internet service,No internet service,No internet service,No internet service,Month-to-month,Yes,Electronic check,26.72,835.15,Yes
CUST-00049,Female,0,No,No,12,Yes,No,DSL,No,No,No,No,Yes,Yes,One year,No,Electronic check,54.05,625.73,No
CUST-00050,Female,0,No,Yes,41,Yes,No,Fiber optic,No,Yes,Yes,No,No,Yes,One year,Yes,Mailed check,77.94,3221.93,No
CUST-00051,Male,0,No,No,66,Yes,No,DSL,Yes,Yes,No,Yes,Yes,Yes,Month-to-month,Yes,Bank transfer (automatic),78.43,5172.7,Yes
CUST-00052,Female,0,Yes,Yes,8,Yes,No,No,No internet service,No internet service,No internet service,No internet service,No internet service,No internet service,One year,Yes,Credit card (automatic),22.57,187.68,Yes
CUST-00053,Male,0,Yes,Yes,59,Yes,Yes,Fiber optic,No,No,No,No,No,Yes,Two year,Yes,Mailed check,68.62,4042.27,No
CUST-00054,Female,1,No,No,25,Yes,No,Fiber optic,No,Yes,Yes,No,Yes,Yes,Month-to-month,No,Electronic check,90.46,2392.04,Yes
CUST-00055,Male,0,No,Yes,5,No,No phone service,No,No internet service,No internet service,No internet service,No internet service,No internet service,No internet service,Month-to-month,Yes,Credit card (automatic),20.39,138.85,Yes
CUST-00056,Female,0,No,No,45,Yes,Yes,Fiber optic,No,No,No,Yes,No,No,Month-to-month,Yes,Credit card (automatic),59.76,2625.07,Yes
CUST-00057,Female,0,Yes,Yes,2,Yes,No,Fiber optic,Yes,No,No,No,No,No,Month-to-month,No,Electronic check,56.52,89.78,Yes
CUST-00058,Male,0,Yes,No,42,Yes,Yes,DSL,No,No,No,No,No,No,Month-to-month,Yes,Bank transfer (automatic),45.26,1909.24,Yes
CUST-00059,Male,0,No,No,38,Yes,No,Fiber optic,No,Yes,Yes,Yes,Yes,No,One year,No,Electronic check,76.59,2996.53,Yes
CUST-00060,Male,0,Yes,No,3,Yes,Yes,DSL,No,No,No,No,No,No,Month-to-month,Yes,Credit card (automatic),42.55,114.64,Yes
CUST-00061,Male,0,Yes,Yes,46,Yes,Yes,No,No internet service,No internet service,No internet service,No internet service,No internet service,No internet service,One year,Yes,Mailed check,27.12,1268.16,No
CUST-00062,Male,0,Yes,No,22,Yes,No,Fiber optic,Yes,Yes,No,No,No,Yes,Month-to-month,Yes,Credit card (automatic),76.52,1687.39,Yes
CUST-00063,Male,0,No,No,33,Yes,No,No,No internet service,No internet service,No internet service,No internet service,No internet service,No internet service,One year,Yes,Mailed check,21.11,628.12,No
CUST-00064,Male,0,Yes,No,32,Yes,Yes,DSL,No,Yes,No,No,Yes,No,Two year,Yes,Bank transfer (automatic),59.78,1920.04,No
CUST-00065,Male,0,No,No,17,Yes,Yes,DSL,No,No,No,No,No,Yes,Two year,No,Mailed check,57.94,890.62,No
CUST-00066,Female,0,No,No,56,Yes,No,Fiber optic,No,No,No,No,No,No,Two year,Yes,Mailed check,52.58,2934.14,No
CUST-00067,Female,0,No,No,3,Yes,No,DSL,No,Yes,No,No,No,No,One year,Yes,Bank transfer (automatic),50.99,82.01,No
CUST-00068,Male,1,Yes,No,70,Yes,No,DSL,Yes,No,Yes,Yes,No,No,Two year,No,Electronic check,49.41,3502.25,No
CUST-00069,Female,1,Yes,No,49,Yes,No,No,No internet service,No internet service,No internet service,No internet service,No internet service,No internet service,One year,No,Electronic check,22.34,1117.77,No
CUST-00070,Female,0,No,No,55,Yes,Yes,DSL,No,Yes,No,No,Yes,No,Month-to-month,Yes,Electronic check,61.62,3415.73,No
CUST-00071,Female,0,No,Yes,31,Yes,No,Fiber optic,No,No,No,Yes,Yes,Yes,Two year,No,Mailed check,83.38,2671.07,No
CUST-00072,Female,0,No,No,21,Yes,Yes,No,No internet service,No internet service,No internet service,No internet service,No internet service,No internet service,Month-to-month,Yes,Bank transfer (automatic),24.09,519.25,No
CUST-00073,Male,0,No,No,16,Yes,No,DSL,No,No,No,Yes,No,No,Two year,No,Electronic check,37.16,615.81,No
CUST-00074,Female,1,No,No,17,Yes,Yes,Fiber optic,No,No,No,No,No,No,Two year,Yes,Electronic check,55.92,1011.39,Yes
CUST-00075,Male,0,No,Yes,1,Yes,No,No,No internet service,No internet service,No internet service,No internet service,No internet service,No internet service,Two year,Yes,Bank transfer (automatic),18.0,39.2,No
CUST-00076,Female,1,Yes,No,72,Yes,Yes,No,No internet service,No internet service,No internet service,No internet service,No internet service,No internet service,Two year,No,Mailed check,30.81,2206.48,No
CUST-00077,Female,1,Yes,No,65,Yes,Yes,Fiber optic,No,No,No,No,No,No,Month-to-month,Yes,Electronic check,61.47,3991.59,Yes
CUST-00078,Female,0,No,No,66,Yes,Yes,No,No internet service,No internet service,No internet service,No internet service,No internet service,No internet service,Month-to-month,Yes,Electronic check,25.69,1715.56,No
CUST-00079,Male,0,Yes,No,37,Yes,Yes,DSL,No,Yes,No,No,No,Yes,Month-to-month,No,Mailed check,56.46,2076.37,Yes
CUST-00080,Female,0,No,No,24,Yes,Yes,DSL,No,Yes,Yes,Yes,No,No,Month-to-month,No,Electronic check,54.86,1294.45,No
CUST-00081,Male,1,Yes,No,62,Yes,No,Fiber optic,No,No,No,No,Yes,No,Month-to-month,Yes,Bank transfer (automatic),61.87,3879.9,Yes
CUST-00082,Female,0,No,Yes,21,Yes,No,Fiber optic,Yes,No,No,No,Yes,Yes,Month-to-month,No,Credit card (automatic),82.59,1749.66,Yes
CUST-00083,Male,1,Yes,Yes,37,Yes,No,Fiber optic,No,No,No,No,No,Yes,Two year,Yes,Bank transfer (automatic),68.81,2587.22,No
CUST-00084,Female,0,Yes,Yes,35,Yes,No,Fiber optic,No,No,Yes,Yes,Yes,No,Month-to-month,No,Mailed check,72.91,2658.65,Yes
CUST-00085,Male,0,No,Yes,38,No,No phone service,No,No internet service,No internet service,No internet service,No internet service,No internet service,No internet service,Two year,No,Mailed check,23.65,850.11,No
CUST-00086,Male,1,Yes,No,53,Yes,No,Fiber optic,No,Yes,Yes,No,Yes,No,Month-to-month,No,Credit card (automatic),81.13,4260.32,Yes
CUST-00087,Female,0,Yes,No,15,Yes,No,No,No internet service,No internet service,No internet service,No internet service,No internet service,No internet service,Month-to-month,Yes,Electronic check,27.0,301.57,Yes
CUST-00088,Male,0,Yes,No,42,Yes,Yes,Fiber optic,No,No,Yes,No,No,No,Month-to-month,No,Mailed check,68.07,2800.12,Yes
CUST-00089,Female,0,No,No,4,Yes,No,Fiber optic,No,Yes,No,No,No,No,Two year,No,Electronic check,57.42,170.09,Yes
CUST-00090,Female,0,No,No,39,Yes,Yes,Fiber optic,Yes,No,No,No,No,No,Month-to-month,Yes,Mailed check,60.9,2338.87,No
CUST-00091,Female,0,No,No,23,Yes,Yes,Fiber optic,No,No,No,Yes,No,Yes,Month-to-month,No,Bank transfer (automatic),77.91,1725.35,Yes
CUST-00092,Female,0,Yes,No,15,Yes,Yes,Fiber optic,No,Yes,Yes,Yes,Yes,No,Two year,Yes,Bank transfer (automatic),81.39,1198.94,No
CUST-00093,Female,1,No,Yes,12,Yes,No,No,No internet service,No internet service,No internet service,No internet service,No internet service,No internet service,One year,Yes,Bank transfer (automatic),20.84,323.69,No
CUST-00094,Female,1,Yes,No,70,Yes,No,No,No internet service,No internet service,No internet service,No internet service,No internet service,No internet service,Two year,No,Electronic check,22.24,1612.08,No
CUST-00095,Female,0,No,Yes,54,Yes,No,Fiber optic,Yes,No,No,No,No,No,One year,Yes,Mailed check,63.43,3490.13,No
CUST-00096,Female,0,No,No,38,Yes,Yes,No,No internet service,No internet service,No internet service,No internet service,No internet service,No internet service,Month-to-month,No,Bank transfer (automatic),31.18,1243.48,Yes
CUST-00097,Female,0,No,No,28,Yes,Yes,Fiber optic,Yes,No,No,No,No,Yes,Month-to-month,No,Credit card (automatic),67.67,1927.48,Yes
CUST-00098,Female,0,No,No,19,Yes,No,DSL,No,Yes,No,No,No,No,One year,Yes,Electronic check,46.54,859.77,No
CUST-00099,Female,1,No,Yes,69,Yes,Yes,Fiber optic,No,Yes,Yes,No,Yes,No,Month-to-month,No,Electronic check,74.74,5237.71,Yes
CUST-00100,Male,0,No,No,64,Yes,Yes,DSL,Yes,Yes,No,No,Yes,No,Month-to-month,Yes,Bank transfer (automatic),64.33,4131.31,No
CUST-00101,Male,0,Yes,No,4,Yes,Yes,Fiber optic,No,No,Yes,No,Yes,No,Two year,Yes,Mailed check,75.84,216.64,No
CUST-00102,Female,0,No,Yes,10,Yes,Yes,No,No internet service,No internet service,No internet service,No internet service,No internet service,No internet service,One year,No,Mailed check,33.63,271.34,No
CUST-00103,Female,0,Yes,Yes,12,Yes,No,No,No internet service,No internet service,No internet service,No internet service,No internet service,No internet service,Month-to-month,Yes,Electronic check,22.38,219.97,No
CUST-00104,Female,0,Yes,No,69,Yes,No,Fiber optic,No,No,No,No,No,Yes,One year,Yes,Electronic check,63.43,4363.56,No
CUST-00105,Female,0,Yes,Yes,7,No,No phone service,No,No internet service,No internet service,No internet service,No internet service,No internet service,No internet service,Month-to-month,Yes,Electronic check,22.38,18.0,Yes
CUST-00106,Female,0,Yes,No,44,Yes,Yes,Fiber optic,No,No,Yes,No,Yes,No,Month-to-month,No,Bank transfer (automatic),70.32,3128.37,Yes
CUST-00107,Female,0,Yes,No,23,No,No phone service,Fiber optic,Yes,Yes,No,No,No,Yes,Month-to-month,Yes,Mailed check,72.62,1637.3,No
CUST-00108,Female,0,No,No,2,No,No phone service,No,No internet service,No internet service,No internet service,No internet service,No internet service,No internet service,Month-to-month,Yes,Electronic check,24.28,64.79,Yes
CUST-00109,Female,0,Yes,Yes,37,Yes,No,Fiber optic,No,No,No,No,Yes,No,Two year,Yes,Electronic check,65.94,2420.86,No
CUST-00110,Male,0,Yes,No,69,Yes,Yes,Fiber optic,Yes,No,No,No,No,No,Two year,No,Mailed check,66.41,4592.58,No
CUST-00111,Female,0,No,No,20,Yes,Yes,No,No internet service,No internet service,No internet service,No internet service,No internet service,No internet service,Month-to-month,Yes,Electronic check,24.77,430.36,No
CUST-00112,Male,0,Yes,Yes,44,Yes,Yes,DSL,No,No,Yes,No,Yes,Yes,Two year,Yes,Bank transfer (automatic),67.41,2987.87,No
CUST-00113,Female,0,No,Yes,70,Yes,No,No,No internet service,No internet service,No internet service,No internet service,No internet service,No internet service,Month-to-month,Yes,Mailed check,27.94,1923.11,No
CUST-00114,Female,0,No,Yes,51,Yes,No,Fiber optic,No,No,No,No,Yes,Yes,Month-to-month,No,Electronic check,79.16,4013.91,Yes
CUST-00115,Male,0,No,No,31,Yes,Yes,Fiber optic,No,No,Yes,Yes,No,No,Month-to-month,Yes,Electronic check,70.55,2285.27,Yes
CUST-00116,Female,1,No,No,41,Yes,No,Fiber optic,Yes,No,No,No,No,No,One year,Yes,Mailed check,62.87,2550.16,No
CUST-00117,Male,1,Yes,Yes,58,Yes,No,DSL,No,Yes,No,No,No,No,One year,No,Electronic check,46.19,2737.26,No
CUST-00118,Female,0,Yes,No,5,Yes,No,No,No internet service,No internet service,No internet service,No internet service,No internet service,No internet service,Month-to-month,Yes,Electronic check,32.76,112.33,No
CUST-00119,Female,1,Yes,No,33,No,No phone service,Fiber optic,Yes,Yes,No,Yes,No,Yes,Month-to-month,Yes,Credit card (automatic),72.85,2352.54,Yes
CUST-00120,Male,0,No,No,43,Yes,Yes,DSL,Yes,Yes,No,No,No,Yes,Two year,Yes,Bank transfer (automatic),63.34,2626.53,No
CUST-00121,Female,0,Yes,No,19,Yes,No,No,No internet service,No internet service,No internet service,No internet service,No internet service,No internet service,Two year,Yes,Bank transfer (automatic),26.07,414.19,No
CUST-00122,Male,0,Yes,Yes,32,Yes,No,Fiber optic,No,No,Yes,No,No,Yes,One year,No,Electronic check,65.68,2137.17,Yes
CUST-00123,Female,0,Yes,Yes,3,Yes,Yes,No,No internet service,No internet service,No internet service,No internet service,No internet service,No internet service,Month-to-month,Yes,Mailed check,24.21,49.22,Yes
CUST-00124,Male,0,No,No,1,Yes,No,No,No internet service,No internet service,No internet service,No internet service,No internet service,No internet service,Two year,No,Electronic check,27.72,45.93,No
CUST-00125,Male,0,Yes,Yes,41,Yes,No,DSL,No,No,No,No,No,No,One year,Yes,Credit card (automatic),44.94,1871.18,No
CUST-00126,Female,0,No,No,48,Yes,No,Fiber optic,No,Yes,Yes,No,No,No,Month-to-month,No,Mailed check,62.95,3076.28,No
CUST-00127,Female,0,Yes,No,39,Yes,Yes,Fiber optic,No,No,No,Yes,No,Yes,Two year,No,Credit card (automatic),69.84,2639.65,No
CUST-00128,Male,0,Yes,No,5,Yes,No,No,No internet service,No internet service,No internet service,No internet service,No internet service,No internet service,One year,Yes,Mailed check,19.12,101.71,Yes
CUST-00129,Female,1,Yes,No,11,Yes,No,Fiber optic,No,No,Yes,No,Yes,Yes,Month-to-month,Yes,Credit card (automatic),79.59,809.29,Yes
CUST-00130,Female,0,No,No,22,Yes,Yes,No,No internet service,No internet service,No internet service,No internet service,No internet service,No internet service,Month-to-month,Yes,Bank transfer (automatic),31.59,685.4,No
CUST-00131,Female,0,No,No,64,Yes,No,Fiber optic,No,Yes,No,No,No,No,Month-to-month,Yes,Bank transfer (automatic),67.78,4326.1,Yes
CUST-00132,Male,0,Yes,No,12,Yes,No,DSL,No,No,No,Yes,Yes,Yes,One year,Yes,Bank transfer (automatic),69.15,816.74,No
CUST-00133,Male,0,Yes,No,53,Yes,No,DSL,No,No,Yes,No,Yes,No,Month-to-month,No,Electronic check,48.39,2685.61,Yes
CUST-00134,Male,0,No,No,55,Yes,No,Fiber optic,No,Yes,No,No,Yes,Yes,Month-to-month,Yes,Bank transfer (automatic),80.28,4427.64,No
CUST-00135,Male,0,Yes,No,53,Yes,No,No,No internet service,No internet service,No internet service,No internet service,No internet service,No internet service,Month-to-month,Yes,Electronic check,31.56,1684.07,No
CUST-00136,Male,0,Yes,Yes,21,Yes,Yes,Fiber optic,Yes,No,No,No,No,No,Month-to-month,No,Bank transfer (automatic),64.25,1351.78,Yes
CUST-00137,Male,0,Yes,Yes,19,Yes,No,No,No internet service,No internet service,No internet service,No internet service,No internet service,No internet service,One year,Yes,Mailed check,28.76,589.36,Yes
CUST-00138,Male,0,Yes,No,69,Yes,Yes,Fiber optic,Yes,Yes,No,No,No,No,Two year,Yes,Credit card (automatic),64.28,4427.51,No
CUST-00139,Male,0,Yes,No,72,Yes,Yes,DSL,Yes,No,Yes,No,No,No,Month-to-month,Yes,Mailed check,58.38,4278.51,No
CUST-00140,Male,0,Yes,No,66,Yes,No,No,No internet service,No internet service,No internet service,No internet service,No internet service,No internet service,Month-to-month,Yes,Electronic check,25.77,1707.49,No
CUST-00141,Female,0,Yes,No,59,Yes,Yes,Fiber optic,No,Yes,No,No,No,Yes,Two year,Yes,Mailed check,76.33,4544.29,No
CUST-00142,Male,0,No,Yes,49,Yes,Yes,Fiber optic,No,No,Yes,Yes,No,No,Month-to-month,Yes,Mailed check,67.15,3193.97,No
CUST-00143,Female,0,Yes,No,59,Yes,Yes,DSL,No,Yes,No,No,Yes,No,Month-to-month,No,Electronic check,57.53,3310.92,No
CUST-00144,Female,1,No,No,23,Yes,No,DSL,No,Yes,Yes,No,No,No,Month-to-month,Yes,Bank transfer (automatic),48.92,1053.73,Yes
CUST-00145,Female,1,Yes,No,3,Yes,Yes,Fiber optic,No,No,No,Yes,Yes,No,One year,Yes,Mailed check,76.32,236.63,Yes
CUST-00146,Male,1,No,No,56,Yes,No,No,No internet service,No internet service,No internet service,No internet service,No internet service,No internet service,Two year,No,Mailed check,30.03,1640.84,No
CUST-00147,Male,0,Yes,No,58,No,No phone service,DSL,No,Yes,Yes,Yes,No,No,Two year,Yes,Bank transfer (automatic),61.84,3516.52,No
CUST-00148,Male,0,No,No,62,Yes,Yes,No,No internet service,No internet service,No internet service,No internet service,No internet service,No internet service,Month-to-month,No,Electronic check,25.93,1603.27,No
CUST-00149,Male,0,Yes,No,18,Yes,Yes,Fiber optic,No,No,No,No,Yes,Yes,Month-to-month,Yes,Electronic check,80.27,1440.4,Yes
CUST-00150,Female,0,No,No,61,Yes,Yes,Fiber optic,Yes,No,Yes,No,No,Yes,One year,No,Electronic check,78.63,4792.67,No
CUST-00151,Male,0,Yes,No,37,Yes,No,No,No internet service,No internet service,No internet service,No internet service,No internet service,No internet service,Two year,No,Mailed check,22.39,835.0,No
CUST-00152,Male,0,Yes,Yes,54,Yes,Yes,DSL,Yes,No,Yes,No,No,No,Two year,Yes,Credit card (automatic),55.57,2995.87,No
CUST-00153,Male,1,No,No,65,Yes,No,No,No internet service,No internet service,No internet service,No internet service,No internet service,No internet service,One year,Yes,Mailed check,21.75,1493.69,No
CUST-00154,Male,0,No,No,14,Yes,No,No,No internet service,No internet service,No internet service,No internet service,No internet service,No internet service,Two year,No,Electronic check,19.91,333.97,No
CUST-00155,Male,1,Yes,No,5,Yes,Yes,DSL,No,No,Yes,No,No,No,Month-to-month,No,Electronic check,51.59,309.82,Yes
CUST-00156,Female,0,No,No,62,Yes,Yes,Fiber optic,Yes,Yes,Yes,Yes,Yes,No,Month-to-month,Yes,Electronic check,88.21,5427.67,Yes
CUST-00157,Male,0,Yes,No,1,Yes,No,DSL,No,Yes,No,No,No,Yes,Month-to-month,Yes,Electronic check,56.36,106.26,Yes
CUST-00158,Female,0,Yes,No,63,Yes,No,Fiber optic,Yes,Yes,No,Yes,Yes,No,Month-to-month,No,Mailed check,86.96,5357.47,No
CUST-00159,Male,0,No,No,67,Yes,No,Fiber optic,Yes,Yes,No,No,No,No,One year,Yes,Mailed check,65.52,4411.47,No
CUST-00160,Female,0,Yes,No,20,Yes,Yes,No,No internet service,No internet service,No internet service,No internet service,No internet service,No internet service,Month-to-month,Yes,Mailed check,30.49,647.43,No
CUST-00161,Male,0,No,Yes,43,Yes,No,Fiber optic,No,Yes,No,Yes,No,Yes,Month-to-month,No,Mailed check,74.16,3284.51,No
CUST-00162,Male,0,Yes,No,42,Yes,Yes,Fiber optic,Yes,No,No,No,No,Yes,Month-to-month,No,Mailed check,76.13,3179.86,Yes
CUST-00163,Female,0,No,Yes,69,Yes,Yes,Fiber optic,Yes,No,No,No,No,No,Month-to-month,Yes,Bank transfer (automatic),66.06,4519.43,Yes
CUST-00164,Female,1,No,Yes,39,Yes,Yes,Fiber optic,No,No,No,Yes,No,No,Two year,Yes,Mailed check,64.99,2431.25,No
CUST-00165,Female,0,No,No,62,Yes,Yes,DSL,No,No,No,Yes,Yes,Yes,Month-to-month,No,Credit card (automatic),69.42,4245.64,No
CUST-00166,Male,1,No,No,48,Yes,No,DSL,No,Yes,No,No,No,Yes,Month-to-month,No,Credit card (automatic),54.04,2569.02,No
CUST-00167,Female,0,Yes,Yes,6,Yes,Yes,DSL,Yes,No,No,No,No,Yes,Month-to-month,No,Electronic check,58.04,350.5,Yes
CUST-00168,Male,0,No,No,42,Yes,No,DSL,No,No,Yes,Yes,No,No,Two year,Yes,Electronic check,44.39,1803.57,No
CUST-00169,Male,0,Yes,No,58,Yes,Yes,DSL,No,Yes,No,No,Yes,No,Month-to-month,Yes,Credit card (automatic),61.18,3542.28,No
CUST-00170,Female,0,No,Yes,43,Yes,Yes,Fiber optic,No,No,Yes,No,No,No,Two year,Yes,Electronic check,62.98,2699.03,No
CUST-00171,Female,0,No,No,10,Yes,No,DSL,Yes,No,No,No,No,Yes,Month-to-month,No,Bank transfer (automatic),57.6,564.23,Yes
CUST-00172,Male,0,No,No,39,Yes,No,No,No internet service,No internet service,No internet service,No internet service,No internet service,No internet service,Two year,Yes,Credit card (automatic),29.13,1143.76,No
CUST-00173,Male,0,No,No,13,Yes,No,DSL,No,No,No,No,No,No,Month-to-month,Yes,Electronic check,41.63,585.01,Yes
CUST-00174,Female,0,Yes,No,39,Yes,Yes,Fiber optic,Yes,No,No,No,No,No,Month-to-month,Yes,Electronic check,63.86,2512.66,Yes
CUST-00175,Female,0,No,No,11,Yes,Yes,Fiber optic,Yes,No,No,No,Yes,No,One year,Yes,Electronic check,66.69,777.69,Yes
CUST-00176,Female,0,Yes,No,16,Yes,Yes,DSL,No,Yes,Yes,No,No,No,One year,Yes,Bank transfer (automatic),54.85,869.56,No
CUST-00177,Male,0,No,No,33,Yes,No,DSL,No,No,Yes,Yes,Yes,Yes,Month-to-month,Yes,Bank transfer (automatic),66.73,2154.53,No
CUST-00178,Male,0,Yes,No,60,Yes,Yes,DSL,No,Yes,Yes,No,Yes,No,Month-to-month,No,Mailed check,62.72,3780.11,Yes
CUST-00179,Male,0,No,No,59,Yes,No,Fiber optic,No,No,No,Yes,No,No,Month-to-month,Yes,Credit card (automatic),67.02,3992.7,Yes
CUST-00180,Male,0,Yes,No,51,Yes,No,No,No internet service,No internet service,No internet service,No internet service,No internet service,No internet service,Month-to-month,No,Credit card (automatic),31.38,1630.11,No
CUST-00181,Male,0,No,Yes,15,Yes,No,No,No internet service,No internet service,No internet service,No internet service,No internet service,No internet service,Two year,Yes,Electronic check,24.07,343.5,No
CUST-00182,Male,0,Yes,Yes,43,Yes,No,DSL,No,Yes,No,Yes,No,Yes,Month-to-month,Yes,Credit card (automatic),56.34,2367.82,No
CUST-00183,Female,0,No,No,27,Yes,No,No,No internet service,No internet service,No internet service,No internet service,No internet service,No internet service,Month-to-month,No,Electronic check,26.29,693.51,No
CUST-00184,Male,0,Yes,No,56,Yes,Yes,Fiber optic,Yes,No,No,No,Yes,No,Month-to-month,No,Electronic check,77.35,4397.36,Yes
CUST-00185,Male,0,No,Yes,60,Yes,No,Fiber optic,No,No,No,No,No,No,Month-to-month,No,Bank transfer (automatic),49.06,2953.99,Yes
CUST-00186,Male,0,Yes,No,70,Yes,No,DSL,No,No,No,No,No,Yes,One year,No,Bank transfer (automatic),49.47,3437.61,No
CUST-00187,Female,1,No,Yes,47,Yes,No,DSL,No,No,Yes,No,No,No,Two year,Yes,Electronic check,40.68,1847.89,Yes
CUST-00188,Male,0,Yes,Yes,8,Yes,Yes,Fiber optic,No,No,No,No,No,Yes,Month-to-month,Yes,Electronic check,74.91,624.22,Yes
CUST-00189,Male,0,No,Yes,63,Yes,No,No,No internet service,No internet service,No internet service,No internet service,No internet service,No internet service,Month-to-month,No,Bank transfer (automatic),21.18,1311.58,No
CUST-00190,Female,0,Yes,No,7,Yes,Yes,DSL,No,Yes,No,No,Yes,Yes,Two year,No,Electronic check,74.86,515.87,No
CUST-00191,Male,0,No,No,2,Yes,No,Fiber optic,No,No,Yes,No,Yes,No,One year,Yes,Electronic check,63.81,52.08,No
CUST-00192,Male,0,Yes,Yes,17,Yes,No,DSL,No,Yes,No,No,No,No,Two year,No,Mailed check,35.33,610.04,No
CUST-00193,Male,0,Yes,No,4,Yes,No,DSL,Yes,Yes,Yes,Yes,Yes,Yes,Two year,No,Credit card (automatic),79.07,320.87,No
CUST-00194,Male,0,No,Yes,26,Yes,No,No,No internet service,No internet service,No internet service,No internet service,No internet service,No internet service,Month-to-month,Yes,Credit card (automatic),18.2,453.7,Yes
CUST-00195,Male,0,Yes,No,72,Yes,No,DSL,No,Yes,Yes,Yes,No,Yes,Month-to-month,No,Electronic check,56.88,4088.42,Yes
CUST-00196,Female,0,Yes,Yes,69,Yes,No,DSL,No,No,Yes,Yes,No,No,Two year,No,Electronic check,53.15,3702.83,No
CUST-00197,Female,0,No,No,5,Yes,No,No,No internet service,No internet service,No internet service,No internet service,No internet service,No internet service,Month-to-month,Yes,Mailed check,18.0,117.01,Yes
CUST-00198,Female,1,No,No,5,Yes,No,Fiber optic,Yes,No,No,No,No,Yes,Month-to-month,Yes,Mailed check,64.37,316.37,No
CUST-00199,Male,0,No,No,69,Yes,No,DSL,No,Yes,No,Yes,No,No,Month-to-month,Yes,Bank transfer (automatic),49.34,3490.95,No
CUST-00200,Male,1,Yes,Yes,3,Yes,No,Fiber optic,No,No,No,No,No,No,Month-to-month,Yes,Credit card (automatic),48.85,122.66,Yes
CUST-00201,Male,0,Yes,Yes,38,Yes,No,Fiber optic,Yes,No,Yes,No,No,Yes,Two year,Yes,Bank transfer (automatic),69.68,2574.13,No
CUST-00202,Female,1,No,No,1,Yes,No,Fiber optic,Yes,Yes,No,Yes,Yes,Yes,Two year,Yes,Electronic check,87.36,105.31,No
CUST-00203,Male,1,Yes,No,8,Yes,Yes,Fiber optic,No,Yes,Yes,No,No,Yes,Two year,Yes,Mailed check,81.79,601.67,No
CUST-00204,Male,0,No,No,13,Yes,No,Fiber optic,No,No,No,Yes,Yes,Yes,Month-to-month,Yes,Mailed check,79.55,1117.84,Yes
CUST-00205,Female,0,Yes,No,70,Yes,Yes,DSL,No,No,No,No,Yes,No,One year,Yes,Credit card (automatic),55.4,3936.07,Yes
CUST-00206,Male,0,No,No,50,Yes,No,No,No internet service,No internet service,No internet service,No internet service,No internet service,No internet service,Month-to-month,No,Mailed check,24.16,1142.74,No
CUST-00207,Female,0,No,No,8,Yes,No,DSL,No,No,No,No,Yes,No,Month-to-month,Yes,Bank transfer (automatic),52.69,413.65,Yes
CUST-00208,Female,0,No,No,30,Yes,Yes,No,No internet service,No internet service,No internet service,No internet service,No internet service,No internet service,Two year,Yes,Electronic check,24.61,689.91,No
CUST-00209,Female,0,Yes,Yes,40,Yes,Yes,DSL,No,No,No,Yes,No,No,Two year,Yes,Mailed check,48.49,1893.98,No
CUST-00210,Male,0,No,No,33,Yes,No,No,No internet service,No internet service,No internet service,No internet service,No internet service,No internet service,Month-to-month,Yes,Electronic check,21.43,692.19,No
CUST-00211,Male,0,Yes,No,52,Yes,No,No,No internet service,No internet service,No internet service,No internet service,No internet service,No internet service,Month-to-month,No,Electronic check,29.56,1530.07,No
CUST-00212,Male,1,No,No,33,Yes,Yes,Fiber optic,Yes,Yes,No,No,No,Yes,Month-to-month,No,Mailed check,77.85,2537.92,Yes
CUST-00213,Male,0,No,Yes,37,Yes,No,Fiber optic,No,No,Yes,Yes,No,Yes,Month-to-month,Yes,Bank transfer (automatic),77.25,2825.49,No
CUST-00214,Male,0,Yes,No,70,Yes,Yes,Fiber optic,No,Yes,No,No,No,No,Month-to-month,Yes,Credit card (automatic),66.67,4703.81,Yes
CUST-00215,Male,0,Yes,No,69,Yes,No,Fiber optic,Yes,No,No,No,Yes,Yes,Two year,No,Electronic check,86.54,5851.94,No
CUST-00216,Male,1,No,No,4,Yes,No,Fiber optic,No,No,No,No,No,No,Two year,Yes,Electronic check,52.83,189.42,No
CUST-00217,Female,0,Yes,Yes,60,Yes,No,Fiber optic,No,No,No,No,No,No,Two year,No,Mailed check,50.69,3054.98,No
CUST-00218,Male,0,No,No,31,Yes,Yes,Fiber optic,No,No,No,No,Yes,Yes,Two year,Yes,Electronic check,78.13,2397.32,No
CUST-00219,Female,0,Yes,Yes,14,Yes,No,DSL,No,No,No,Yes,Yes,Yes,One year,Yes,Credit card (automatic),62.3,953.43,No
CUST-00220,Male,0,Yes,No,60,No,No phone service,DSL,Yes,No,No,No,No,No,One year,No,Credit card (automatic),44.22,2689.6,No
CUST-00221,Male,0,No,No,68,Yes,No,Fiber optic,No,No,Yes,Yes,No,No,Month-to-month,No,Credit card (automatic),59.18,4037.6,Yes
CUST-00222,Male,1,No,No,26,No,No phone service,Fiber optic,Yes,No,No,No,No,Yes,Month-to-month,No,Bank transfer (automatic),67.15,1793.19,No
CUST-00223,Female,0,Yes,No,24,Yes,No,No,No internet service,No internet service,No internet service,No internet service,No internet service,No internet service,Month-to-month,No,Credit card (automatic),23.93,635.93,No
CUST-00224,Female,0,No,No,56,Yes,No,Fiber optic,Yes,No,No,Yes,No,No,Month-to-month,No,Credit card (automatic),64.84,3614.52,Yes
CUST-00225,Female,1,No,No,9,Yes,Yes,Fiber optic,No,Yes,No,No,Yes,Yes,Month-to-month,Yes,Mailed check,90.98,874.34,Yes
CUST-00226,Female,0,No,Yes,35,Yes,Yes,Fiber optic,Yes,No,Yes,No,No,No,Month-to-month,Yes,Bank transfer (automatic),71.6,2466.14,No
CUST-00227,Male,0,Yes,No,24,Yes,No,DSL,Yes,No,Yes,No,No,No,Month-to-month,Yes,Electronic check,46.33,984.54,No
CUST-00228,Female,1,Yes,No,31,Yes,No,No,No internet service,No internet service,No internet service,No internet service,No internet service,No internet service,Month-to-month,Yes,Credit card (automatic),19.4,618.15,No
CUST-00229,Male,0,No,Yes,66,Yes,Yes,Fiber optic,Yes,Yes,Yes,No,No,No,Month-to-month,Yes,Credit card (automatic),75.28,4981.14,No
CUST-00230,Male,0,No,No,66,Yes,Yes,No,No internet service,No internet service,No internet service,No internet service,No internet service,No internet service,Month-to-month,Yes,Credit card (automatic),30.63,2126.15,No
CUST-00231,Female,0,Yes,Yes,41,Yes,No,DSL,Yes,No,No,Yes,No,No,One year,No,Electronic check,45.63,1841.94,No
CUST-00232,Female,0,No,Yes,36,Yes,Yes,Fiber optic,Yes,Yes,Yes,No,Yes,Yes,Two year,No,Electronic check,101.65,3652.15,No
CUST-00233,Female,0,Yes,No,34,Yes,No,Fiber optic,No,No,No,No,No,No,Month-to-month,No,Electronic check,49.98,1779.93,Yes
CUST-00234,Female,0,Yes,No,39,Yes,No,Fiber optic,No,No,Yes,No,Yes,No,Two year,No,Mailed check,75.69,3050.15,No
CUST-00235,Female,0,No,No,23,No,No phone service,Fiber optic,No,No,No,No,No,No,One year,Yes,Electronic check,56.66,1266.99,Yes
CUST-00236,Female,1,No,No,44,Yes,No,DSL,No,Yes,Yes,No,No,No,Month-to-month,Yes,Credit card (automatic),48.55,2110.21,No
CUST-00237,Female,0,Yes,No,70,Yes,No,DSL,No,No,No,No,No,Yes,Month-to-month,No,Bank transfer (automatic),58.22,4027.97,No
CUST-00238,Female,1,No,Yes,58,Yes,No,Fiber optic,No,Yes,No,No,No,Yes,One year,No,Mailed check,61.46,3531.78,No
CUST-00239,Male,0,No,Yes,59,Yes,No,DSL,No,No,Yes,Yes,Yes,Yes,Two year,No,Mailed check,77.55,4524.22,No
CUST-00240,Female,0,No,No,26,Yes,No,DSL,No,No,Yes,Yes,No,Yes,Month-to-month,Yes,Electronic check,61.43,1575.12,No
CUST-00241,Female,0,No,No,22,Yes,No,No,No internet service,No internet service,No internet service,No internet service,No internet service,No internet service,One year,No,Mailed check,27.42,598.81,No
CUST-00242,Male,0,Yes,No,40,Yes,Yes,Fiber optic,Yes,No,Yes,No,No,No,Month-to-month,No,Mailed check,73.3,2835.29,Yes
CUST-00243,Female,0,Yes,No,11,Yes,No,No,No internet service,No internet service,No internet service,No internet service,No internet service,No internet service,Month-to-month,Yes,Bank transfer (automatic),22.23,225.51,No
CUST-00244,Male,1,Yes,Yes,9,No,No phone service,Fiber optic,No,Yes,No,No,No,Yes,Month-to-month,Yes,Electronic check,67.54,549.81,Yes
CUST-00245,Male,0,No,No,12,Yes,Yes,Fiber optic,No,No,No,No,No,No,Month-to-month,Yes,Bank transfer (automatic),62.82,756.32,No
CUST-00246,Female,0,No,No,26,Yes,Yes,DSL,Yes,Yes,Yes,No,No,No,One year,Yes,Bank transfer (automatic),60.62,1652.73,No
CUST-00247,Male,0,Yes,No,38,Yes,Yes,No,No internet service,No internet service,No internet service,No internet service,No internet service,No internet service,Month-to-month,Yes,Mailed check,27.5,1023.38,No
CUST-00248,Male,0,Yes,Yes,3,Yes,No,Fiber optic,Yes,No,No,No,No,No,One year,Yes,Credit card (automatic),53.28,207.78,Yes
CUST-00249,Male,0,Yes,No,15,Yes,Yes,Fiber optic,No,No,No,No,Yes,Yes,Month-to-month,Yes,Bank transfer (automatic),77.98,1154.12,Yes
CUST-00250,Male,0,Yes,Yes,47,Yes,Yes,DSL,Yes,No,Yes,No,No,No,Month-to-month,Yes,Bank transfer (automatic),59.83,2790.81,No
CUST-00251,Female,0,No,No,5,Yes,No,Fiber optic,No,Yes,Yes,Yes,No,No,Month-to-month,Yes,Credit card (automatic),65.53,270.5,Yes
CUST-00252,Male,0,No,Yes,54,No,No phone service,No,No internet service,No internet service,No internet service,No internet service,No internet service,No internet service,One year,No,Electronic check,18.75,1090.24,No
CUST-00253,Female,0,Yes,No,24,Yes,Yes,Fiber optic,No,Yes,No,Yes,Yes,No,Two year,Yes,Electronic check,83.7,2027.2,No
CUST-00254,Male,0,No,No,11,Yes,No,No,No internet service,No internet service,No internet service,No internet service,No internet service,No internet service,Month-to-month,Yes,Mailed check,28.01,297.46,Yes
CUST-00255,Male,0,No,No,33,Yes,Yes,Fiber optic,No,Yes,Yes,No,No,No,Month-to-month,No,Bank transfer (automatic),68.56,2293.9,Yes
CUST-00256,Male,1,No,No,57,Yes,Yes,Fiber optic,Yes,Yes,No,No,No,No,Month-to-month,No,Mailed check,71.1,4041.25,No
CUST-00257,Male,0,Yes,Yes,52,Yes,Yes,DSL,No,Yes,No,Yes,Yes,No,Two year,No,Electronic check,61.53,3128.51,No
CUST-00258,Female,0,Yes,No,64,Yes,No,Fiber optic,No,No,No,No,No,No,One year,No,Electronic check,53.58,3398.43,Yes
CUST-00259,Female,0,Yes,No,43,Yes,No,No,No internet service,No internet service,No internet service,No internet service,No internet service,No internet service,Two year,No,Credit card (automatic),28.1,1262.19,No
CUST-00260,Male,0,No,No,44,Yes,Yes,Fiber optic,No,No,Yes,No,No,Yes,Month-to-month,Yes,Electronic check,77.36,3414.72,Yes
CUST-00261,Male,1,No,No,36,Yes,Yes,Fiber optic,No,No,No,No,No,Yes,One year,Yes,Mailed check,63.63,2314.34,No
CUST-00262,Female,0,No,No,12,Yes,Yes,No,No internet service,No internet service,No internet service,No internet service,No internet service,No internet service,Month-to-month,Yes,Mailed check,25.18,440.76,No
CUST-00263,Male,0,Yes,No,56,Yes,No,DSL,No,No,No,No,No,No,Month-to-month,Yes,Mailed check,44.38,2481.15,Yes
CUST-00264,Male,0,Yes,No,3,Yes,No,DSL,Yes,Yes,No,No,No,No,One year,No,Bank transfer (automatic),45.66,233.85,No
CUST-00265,Male,0,Yes,No,50,No,No phone service,Fiber optic,Yes,No,No,Yes,Yes,Yes,Month-to-month,Yes,Credit card (automatic),79.39,4027.18,No
CUST-00266,Female,0,No,Yes,29,Yes,No,DSL,No,No,Yes,Yes,Yes,No,One year,Yes,Credit card (automatic),60.03,1776.48,No
CUST-00267,Female,0,Yes,Yes,16,Yes,No,DSL,No,No,No,Yes,No,Yes,One year,Yes,Electronic check,56.38,939.04,No
CUST-00268,Female,0,Yes,Yes,40,Yes,Yes,Fiber optic,No,No,No,No,Yes,No,Month-to-month,Yes,Electronic check,69.69,2685.4,Yes
CUST-00269,Male,0,No,Yes,27,Yes,Yes,Fiber optic,Yes,No,No,No,Yes,No,Month-to-month,Yes,Electronic check,68.77,1747.72,Yes
CUST-00270,Male,0,No,No,70,Yes,Yes,Fiber optic,No,No,Yes,Yes,No,No,Month-to-month,No,Bank transfer (automatic),69.14,4772.84,No
CUST-00271,Female,1,No,Yes,42,Yes,No,No,No internet service,No internet service,No internet service,No internet service,No internet service,No internet service,Month-to-month,Yes,Mailed check,26.48,1121.43,No
CUST-00272,Female,0,Yes,Yes,57,Yes,No,DSL,No,No,No,No,No,Yes,Month-to-month,No,Mailed check,51.79,3011.51,No
CUST-00273,Female,0,No,No,10,Yes,No,DSL,No,Yes,No,Yes,No,No,Month-to-month,No,Credit card (automatic),51.69,536.88,No
CUST-00274,Female,0,Yes,No,38,Yes,Yes,DSL,Yes,No,No,No,No,No,Month-to-month,No,Mailed check,56.95,2099.0,No
CUST-00275,Male,1,No,No,8,Yes,Yes,Fiber optic,No,Yes,Yes,No,No,No,Month-to-month,Yes,Credit card (automatic),70.44,483.07,Yes
CUST-00276,Female,0,Yes,No,18,Yes,Yes,No,No internet service,No internet service,No internet service,No internet service,No internet service,No internet service,Month-to-month,Yes,Mailed check,28.75,448.45,No
CUST-00277,Male,1,Yes,Yes,17,Yes,No,No,No internet service,No internet service,No internet service,No internet service,No internet service,No internet service,Month-to-month,Yes,Mailed check,23.51,494.37,No
CUST-00278,Female,0,No,Yes,58,Yes,No,DSL,Yes,No,Yes,No,Yes,Yes,Two year,No,Bank transfer (automatic),65.35,3712.39,No
CUST-00279,Male,0,No,No,66,Yes,No,DSL,Yes,No,No,No,Yes,No,Month-to-month,No,Credit card (automatic),59.87,4033.24,No
CUST-00280,Female,0,No,No,44,Yes,No,Fiber optic,No,No,No,No,No,Yes,One year,Yes,Credit card (automatic),62.24,2773.11,No
CUST-00281,Female,0,Yes,No,9,Yes,Yes,Fiber optic,Yes,Yes,Yes,No,Yes,No,Month-to-month,No,Mailed check,81.62,778.45,Yes
CUST-00282,Female,0,Yes,No,48,Yes,Yes,No,No internet service,No internet service,No internet service,No internet service,No internet service,No internet service,One year,Yes,Bank transfer (automatic),31.17,1500.82,No
CUST-00283,Female,0,No,Yes,39,Yes,Yes,Fiber optic,No,Yes,No,Yes,No,Yes,Month-to-month,Yes,Electronic check,74.59,2953.0,No
CUST-00284,Male,0,No,No,6,Yes,Yes,No,No internet service,No internet service,No internet service,No internet service,No internet service,No internet service,Month-to-month,No,Electronic check,29.9,155.25,Yes
CUST-00285,Female,0,No,Yes,30,Yes,No,No,No internet service,No internet service,No internet service,No internet service,No internet service,No internet service,One year,No,Electronic check,29.77,856.22,No
CUST-00286,Male,0,No,No,18,Yes,No,Fiber optic,No,No,No,Yes,Yes,No,Two year,Yes,Electronic check,66.86,1192.85,Yes
CUST-00287,Male,0,No,No,43,Yes,Yes,DSL,No,No,No,No,Yes,No,Two year,No,Mailed check,58.5,2538.43,No
CUST-00288,Male,0,No,No,33,Yes,Yes,DSL,Yes,No,Yes,No,No,Yes,Month-to-month,No,Bank transfer (automatic),66.15,2053.13,Yes
CUST-00289,Male,0,Yes,No,53,Yes,No,Fiber optic,Yes,No,Yes,Yes,Yes,Yes,Month-to-month,No,Electronic check,90.01,4739.41,No
CUST-00290,Female,0,Yes,No,56,No,No phone service,Fiber optic,No,No,Yes,No,No,Yes,One year,Yes,Electronic check,75.7,4249.81,No
CUST-00291,Male,0,Yes,No,19,Yes,No,DSL,No,No,No,Yes,No,No,Month-to-month,No,Mailed check,55.77,1075.0,Yes
CUST-00292,Male,1,Yes,No,69,Yes,Yes,DSL,No,No,Yes,Yes,No,No,One year,Yes,Credit card (automatic),56.28,3881.38,No
CUST-00293,Male,0,No,No,26,Yes,No,DSL,No,Yes,Yes,No,No,Yes,Two year,Yes,Electronic check,57.81,1476.45,No
CUST-00294,Female,0,No,No,29,Yes,Yes,DSL,Yes,No,No,No,Yes,Yes,Month-to-month,Yes,Bank transfer (automatic),67.28,1912.94,No
CUST-00295,Female,0,No,No,24,Yes,No,No,No internet service,No internet service,No internet service,No internet service,No internet service,No internet service,Two year,No,Bank transfer (automatic),24.55,588.82,No
CUST-00296,Female,1,Yes,No,6,Yes,Yes,Fiber optic,No,No,No,No,No,Yes,Month-to-month,Yes,Electronic check,71.24,375.4,Yes
CUST-00297,Female,0,Yes,Yes,54,Yes,Yes,Fiber optic,No,No,No,No,No,No,Month-to-month,Yes,Electronic check,59.37,3115.04,No
CUST-00298,Male,0,Yes,No,39,Yes,Yes,DSL,Yes,Yes,Yes,Yes,No,No,Month-to-month,No,Bank transfer (automatic),61.32,2411.76,No
CUST-00299,Male,1,No,No,4,Yes,Yes,No,No internet service,No internet service,No internet service,No internet service,No internet service,No internet service,Month-to-month,Yes,Mailed check,33.21,29.1,No
CUST-00300,Female,0,Yes,No,58,Yes,Yes,Fiber optic,No,Yes,No,Yes,No,Yes,Month-to-month,Yes,Electronic check,77.49,4491.92,Yes
CUST-00301,Male,0,No,No,48,Yes,No,Fiber optic,No,Yes,No,No,Yes,Yes,Month-to-month,Yes,Bank transfer (automatic),73.29,3554.9,Yes
CUST-00302,Male,0,Yes,Yes,60,Yes,Yes,DSL,No,Yes,No,Yes,Yes,No,Month-to-month,No,Mailed check,61.97,3682.33,No
CUST-00303,Male,0,Yes,Yes,26,Yes,No,No,No internet service,No internet service,No internet service,No internet service,No internet service,No internet service,Month-to-month,No,Bank transfer (automatic),28.74,730.58,No
CUST-00304,Female,0,No,No,40,Yes,No,No,No internet service,No internet service,No internet service,No internet service,No internet service,No internet service,One year,Yes,Electronic check,24.01,1045.23,No
CUST-00305,Female,0,No,Yes,56,Yes,Yes,No,No internet service,No internet service,No internet service,No internet service,No internet service,No internet service,Two year,No,Electronic check,23.34,1371.98,No
CUST-00306,Male,0,Yes,Yes,39,Yes,No,Fiber optic,Yes,Yes,No,No,Yes,Yes,Month-to-month,No,Electronic check,80.04,3212.65,Yes
CUST-00307,Female,1,No,Yes,39,Yes,No,Fiber optic,No,Yes,No,Yes,No,Yes,One year,No,Mailed check,77.11,2990.14,No
CUST-00308,Female,0,No,Yes,48,Yes,Yes,DSL,No,Yes,Yes,No,No,No,Two year,Yes,Bank transfer (automatic),54.84,2719.41,No
CUST-00309,Female,0,No,No,25,Yes,No,DSL,No,No,No,No,Yes,No,Month-to-month,Yes,Bank transfer (automatic),48.56,1212.1,No
CUST-00310,Female,0,No,No,34,No,No phone service,DSL,No,No,No,No,No,No,One year,No,Mailed check,36.39,1272.09,No
CUST-00311,Female,0,No,No,21,Yes,No,DSL,No,No,No,No,No,No,One year,No,Mailed check,38.39,834.69,No
CUST-00312,Male,0,Yes,No,25,Yes,Yes,DSL,No,No,No,Yes,No,Yes,Month-to-month,Yes,Bank transfer (automatic),60.19,1613.69,No
CUST-00313,Female,0,No,Yes,22,Yes,No,No,No internet service,No internet service,No internet service,No internet service,No internet service,No internet service,Two year,Yes,Electronic check,25.64,601.97,No
CUST-00314,Male,0,Yes,Yes,23,Yes,No,Fiber optic,No,No,Yes,No,No,No,Month-to-month,No,Electronic check,67.82,1536.7,Yes
CUST-00315,Male,0,No,No,25,Yes,Yes,Fiber optic,Yes,No,No,Yes,Yes,No,Two year,Yes,Electronic check,80.77,2050.64,No
CUST-00316,Female,0,Yes,No,26,Yes,No,DSL,No,Yes,No,No,Yes,Yes,One year,No,Electronic check,68.32,1887.64,No
CUST-00317,Male,0,Yes,Yes,30,Yes,No,DSL,Yes,Yes,No,No,No,No,Month-to-month,No,Electronic check,43.12,1334.2,Yes
CUST-00318,Male,0,No,No,38,No,No phone service,Fiber optic,Yes,No,Yes,No,No,No,One year,No,Mailed check,66.21,2493.61,Yes
CUST-00319,Male,0,Yes,No,34,Yes,Yes,No,No internet service,No internet service,No internet service,No internet service,No internet service,No internet service,Two year,Yes,Electronic check,33.63,1142.2,No
CUST-00320,Female,0,Yes,No,15,Yes,Yes,DSL,No,No,No,No,Yes,No,Two year,No,Bank transfer (automatic),59.69,846.41,No
CUST-00321,Female,1,No,Yes,44,Yes,Yes,DSL,Yes,Yes,No,No,Yes,No,One year,Yes,Electronic check,56.95,2488.29,No
CUST-00322,Male,0,No,No,10,Yes,Yes,DSL,No,Yes,No,Yes,No,No,Month-to-month,Yes,Electronic check,60.63,644.37,Yes
CUST-00323,Female,0,No,Yes,37,Yes,No,Fiber optic,No,Yes,No,Yes,No,Yes,Month-to-month,No,Bank transfer (automatic),76.55,2888.17,Yes
CUST-00324,Female,0,Yes,No,7,Yes,No,Fiber optic,No,No,No,Yes,No,Yes,Two year,Yes,Bank transfer (automatic),72.29,569.77,No
CUST-00325,Female,0,No,No,32,Yes,No,DSL,No,Yes,No,No,Yes,Yes,Two year,Yes,Electronic check,62.24,1996.46,No
CUST-00326,Female,0,Yes,No,11,Yes,No,Fiber optic,No,No,No,No,No,No,Month-to-month,No,Bank transfer (automatic),59.61,573.06,Yes
CUST-00327,Male,1,Yes,Yes,48,Yes,Yes,Fiber optic,Yes,No,No,Yes,Yes,No,Month-to-month,No,Electronic check,77.59,3686.99,Yes
CUST-00328,Male,1,No,Yes,68,Yes,No,DSL,No,No,No,No,Yes,No,One year,No,Credit card (automatic),45.51,3041.41,No
CUST-00329,Female,0,No,No,48,Yes,No,Fiber optic,Yes,No,No,No,No,No,Month-to-month,No,Electronic check,62.68,2995.13,No
CUST-00330,Female,0,No,No,45,Yes,No,DSL,Yes,No,Yes,No,Yes,Yes,Month-to-month,Yes,Mailed check,69.22,3104.92,No
CUST-00331,Male,0,No,No,33,Yes,No,No,No internet service,No internet service,No internet service,No internet service,No internet service,No internet service,One year,Yes,Credit card (automatic),18.0,703.07,No
CUST-00332,Male,0,Yes,No,4,Yes,No,Fiber optic,No,No,No,Yes,No,No,One year,Yes,Bank transfer (automatic),59.12,241.14,Yes
CUST-00333,Female,0,No,Yes,47,Yes,No,Fiber optic,No,No,Yes,No,Yes,No,Month-to-month,Yes,Bank transfer (automatic),69.79,3294.7,No
CUST-00334,Male,0,Yes,No,53,Yes,No,DSL,Yes,No,No,No,No,No,Two year,No,Bank transfer (automatic),46.36,2521.13,No
CUST-00335,Female,0,No,Yes,31,Yes,No,Fiber optic,No,No,No,No,No,Yes,Two year,No,Mailed check,61.38,1960.66,Yes
CUST-00336,Female,0,No,Yes,31,Yes,No,No,No internet service,No internet service,No internet service,No internet service,No internet service,No internet service,Month-to-month,Yes,Electronic check,18.89,510.95,No
CUST-00337,Male,0,No,No,27,Yes,Yes,Fiber optic,No,No,No,No,No,Yes,Month-to-month,No,Mailed check,64.5,1712.0,Yes
CUST-00338,Male,1,No,No,48,Yes,No,Fiber optic,No,No,No,No,Yes,No,Month-to-month,Yes,Electronic check,63.13,2959.91,Yes
CUST-00339,Female,0,No,No,36,Yes,Yes,DSL,No,Yes,No,No,No,Yes,Month-to-month,No,Electronic check,56.18,2092.74,Yes
CUST-00340,Female,0,No,No,49,Yes,No,DSL,No,No,No,Yes,No,Yes,Month-to-month,Yes,Electronic check,62.0,3088.05,Yes
CUST-00341,Male,0,Yes,No,31,Yes,No,Fiber optic,No,Yes,Yes,Yes,No,No,One year,Yes,Mailed check,75.35,2246.62,No
CUST-00342,Female,1,Yes,Yes,44,Yes,No,DSL,No,Yes,No,No,No,Yes,Month-to-month,No,Electronic check,57.5,2488.73,Yes
CUST-00343,Male,1,No,No,59,Yes,Yes,DSL,No,No,Yes,No,Yes,Yes,One year,No,Bank transfer (automatic),64.83,3767.38,No
CUST-00344,Female,0,No,No,23,Yes,Yes,Fiber optic,No,No,No,No,No,No,Month-to-month,No,Credit card (automatic),62.96,1500.15,No
CUST-00345,Male,0,Yes,No,68,Yes,No,DSL,No,No,No,Yes,No,No,One year,Yes,Electronic check,47.59,3212.17,No
CUST-00346,Male,0,Yes,No,42,Yes,Yes,Fiber optic,No,No,Yes,No,No,No,Two year,No,Bank transfer (automatic),71.42,2997.12,No
CUST-00347,Male,0,Yes,No,42,Yes,No,Fiber optic,No,No,No,No,No,Yes,One year,No,Electronic check,59.56,2466.79,Yes
CUST-00348,Female,0,No,No,13,Yes,No,Fiber optic,No,No,Yes,Yes,Yes,Yes,One year,Yes,Mailed check,85.77,1135.47,Yes
CUST-00349,Female,0,Yes,No,1,Yes,No,Fiber optic,No,No,Yes,Yes,No,Yes,Two year,No,Credit card (automatic),77.54,95.16,Yes
CUST-00350,Male,0,Yes,No,53,Yes,No,Fiber optic,No,No,Yes,No,No,No,Two year,Yes,Bank transfer (automatic),57.03,2941.48,No
CUST-00351,Female,0,No,Yes,40,Yes,Yes,Fiber optic,No,No,Yes,No,No,Yes,Month-to-month,Yes,Bank transfer (automatic),79.21,3230.85,Yes
CUST-00352,Male,0,No,No,46,Yes,Yes,DSL,No,No,No,Yes,Yes,No,Two year,Yes,Electronic check,55.86,2505.87,No
CUST-00353,Male,1,Yes,Yes,22,Yes,No,No,No internet service,No internet service,No internet service,No internet service,No internet service,No internet service,Two year,Yes,Credit card (automatic),21.96,524.39,No
CUST-00354,Female,0,Yes,Yes,52,Yes,No,Fiber optic,No,Yes,Yes,Yes,No,No,Two year,Yes,Electronic check,70.51,3646.6,No
CUST-00355,Female,0,No,Yes,28,Yes,No,Fiber optic,No,Yes,No,No,No,Yes,Month-to-month,Yes,Bank transfer (automatic),71.6,1978.55,Yes
CUST-00356,Male,0,Yes,Yes,53,Yes,Yes,Fiber optic,No,No,Yes,No,Yes,Yes,One year,Yes,Mailed check,82.58,4417.61,No
CUST-00357,Female,0,No,No,63,No,No phone service,DSL,No,No,Yes,Yes,Yes,No,One year,Yes,Mailed check,58.59,3718.31,No
CUST-00358,Female,0,No,No,17,Yes,No,No,No internet service,No internet service,No internet service,No internet service,No internet service,No internet service,Month-to-month,Yes,Mailed check,18.0,343.11,No
CUST-00359,Male,0,Yes,Yes,64,Yes,No,No,No internet service,No internet service,No internet service,No internet service,No internet service,No internet service,One year,No,Bank transfer (automatic),28.92,1827.87,No
CUST-00360,Male,1,No,Yes,6,Yes,No,No,No internet service,No internet service,No internet service,No internet service,No internet service,No internet service,Two year,Yes,Electronic check,24.87,82.78,No
CUST-00361,Female,0,Yes,No,14,Yes,No,No,No internet service,No internet service,No internet service,No internet service,No internet service,No internet service,Month-to-month,Yes,Electronic check,22.42,379.45,No
CUST-00362,Male,0,Yes,Yes,17,Yes,No,DSL,No,Yes,No,Yes,No,No,Two year,No,Mailed check,43.56,768.4,No
CUST-00363,Male,0,No,No,38,Yes,No,DSL,No,Yes,No,Yes,No,Yes,One year,No,Electronic check,52.99,2068.62,No
CUST-00364,Female,0,No,Yes,69,Yes,Yes,No,No internet service,No internet service,No internet service,No internet service,No internet service,No internet service,One year,Yes,Mailed check,28.67,2041.22,No
CUST-00365,Male,0,Yes,Yes,13,Yes,No,DSL,Yes,Yes,Yes,No,No,No,Month-to-month,Yes,Bank transfer (automatic),54.59,701.21,No
CUST-00366,Male,0,Yes,No,53,Yes,Yes,DSL,No,Yes,Yes,No,No,No,One year,Yes,Credit card (automatic),54.74,3006.85,No
CUST-00367,Female,0,Yes,No,9,Yes,No,No,No internet service,No internet service,No internet service,No internet service,No internet service,No internet service,One year,Yes,Electronic check,30.35,270.43,Yes
CUST-00368,Female,0,Yes,No,44,Yes,Yes,Fiber optic,Yes,No,No,No,Yes,No,Month-to-month,No,Electronic check,67.32,2935.12,Yes
CUST-00369,Male,0,No,Yes,26,Yes,Yes,Fiber optic,No,No,Yes,No,No,Yes,Month-to-month,Yes,Mailed check,77.08,2020.61,Yes
CUST-00370,Male,0,Yes,No,19,Yes,No,Fiber optic,No,No,No,No,Yes,Yes,Month-to-month,Yes,Bank transfer (automatic),79.77,1396.27,Yes
CUST-00371,Female,0,No,No,48,Yes,Yes,No,No internet service,No internet service,No internet service,No internet service,No internet service,No internet service,Month-to-month,Yes,Credit card (automatic),28.65,1334.2,No
CUST-00372,Female,0,Yes,Yes,30,Yes,No,Fiber optic,No,Yes,No,No,No,Yes,Two year,Yes,Credit card (automatic),74.99,2206.84,Yes
CUST-00373,Female,0,No,Yes,32,Yes,No,Fiber optic,No,No,Yes,No,Yes,No,Month-to-month,Yes,Electronic check,69.55,2225.33,No
CUST-00374,Female,0,No,Yes,69,Yes,Yes,No,No internet service,No internet service,No internet service,No internet service,No internet service,No internet service,Month-to-month,Yes,Mailed check,26.98,1938.38,No
CUST-00375,Male,1,No,No,11,Yes,No,Fiber optic,No,No,No,No,Yes,Yes,Two year,Yes,Mailed check,83.21,975.97,No
CUST-00376,Female,0,Yes,Yes,26,Yes,No,DSL,No,No,No,Yes,No,Yes,Month-to-month,No,Mailed check,51.62,1419.03,No
CUST-00377,Female,0,Yes,No,26,Yes,Yes,Fiber optic,No,Yes,No,No,No,Yes,Month-to-month,Yes,Electronic check,82.2,2167.56,Yes
CUST-00378,Male,1,Yes,Yes,17,Yes,No,DSL,Yes,Yes,No,No,No,Yes,Month-to-month,No,Electronic check,58.82,1021.35,Yes
CUST-00379,Female,0,No,Yes,44,Yes,Yes,DSL,No,No,No,Yes,No,No,Two year,Yes,Mailed check,42.01,1844.82,No
CUST-00380,Male,0,No,Yes,23,Yes,Yes,DSL,Yes,Yes,No,Yes,No,Yes,Month-to-month,Yes,Bank transfer (automatic),72.53,1706.99,Yes
CUST-00381,Female,0,No,No,25,Yes,No,Fiber optic,No,No,Yes,Yes,No,Yes,Month-to-month,No,Credit card (automatic),74.55,1879.08,No
CUST-00382,Female,0,No,Yes,37,Yes,No,Fiber optic,No,Yes,No,No,Yes,No,One year,No,Bank transfer (automatic),72.5,2638.99,No
CUST-00383,Female,0,Yes,No,65,Yes,Yes,DSL,Yes,No,Yes,Yes,No,Yes,One year,Yes,Bank transfer (automatic),62.74,4064.54,No
CUST-00384,Male,0,No,No,2,Yes,Yes,DSL,No,No,No,Yes,No,No,Month-to-month,No,Mailed check,50.39,76.39,Yes
CUST-00385,Male,0,No,No,32,Yes,Yes,DSL,No,No,No,No,No,Yes,Month-to-month,Yes,Electronic check,51.68,1603.57,Yes
CUST-00386,Female,0,Yes,No,55,Yes,No,Fiber optic,Yes,Yes,No,No,No,No,Month-to-month,Yes,Bank transfer (automatic),66.66,3675.41,Yes
CUST-00387,Male,1,Yes,No,50,Yes,Yes,DSL,No,No,No,Yes,No,Yes,One year,Yes,Electronic check,64.7,3289.94,Yes
CUST-00388,Male,0,No,No,65,Yes,No,Fiber optic,Yes,No,Yes,Yes,Yes,Yes,Month-to-month,Yes,Bank transfer (automatic),83.2,5468.94,No
CUST-00389,Male,1,Yes,No,32,Yes,No,Fiber optic,No,No,Yes,No,No,No,Month-to-month,Yes,Bank transfer (automatic),60.34,1942.1,No
CUST-00390,Male,0,Yes,Yes,37,Yes,Yes,DSL,Yes,No,Yes,Yes,Yes,No,Two year,Yes,Electronic check,66.08,2439.3,No
CUST-00391,Male,0,No,Yes,13,Yes,No,Fiber optic,Yes,No,No,No,Yes,No,Month-to-month,No,Electronic check,63.8,797.5,Yes
CUST-00392,Male,0,No,No,54,No,No phone service,Fiber optic,No,No,No,No,Yes,No,One year,Yes,Credit card (automatic),66.84,3570.47,No
CUST-00393,Female,0,Yes,No,3,Yes,Yes,DSL,Yes,Yes,Yes,No,No,No,One year,No,Credit card (automatic),69.92,221.92,Yes
CUST-00394,Female,0,Yes,No,42,Yes,Yes,DSL,No,No,No,No,No,No,One year,No,Bank transfer (automatic),47.27,1978.84,No
CUST-00395,Male,0,No,Yes,40,Yes,Yes,Fiber optic,No,No,No,Yes,No,Yes,Month-to-month,No,Mailed check,75.13,2995.16,Yes
CUST-00396,Female,0,No,No,66,Yes,No,No,No internet service,No internet service,No internet service,No internet service,No internet service,No internet service,Two year,Yes,Credit card (automatic),18.46,1276.72,No
CUST-00397,Female,1,Yes,No,60,Yes,No,No,No internet service,No internet service,No internet service,No internet service,No internet service,No internet service,Month-to-month,Yes,Electronic check,23.7,1436.64,Yes
CUST-00398,Female,0,No,No,11,Yes,No,DSL,Yes,No,No,No,Yes,No,One year,No,Credit card (automatic),53.29,669.21,No
CUST-00399,Female,0,No,No,1,Yes,No,DSL,No,No,No,No,Yes,No,Month-to-month,No,Electronic check,50.59,101.87,Yes
CUST-00400,Male,0,No,No,26,No,No phone service,DSL,No,No,No,No,Yes,Yes,Month-to-month,Yes,Credit card (automatic),63.02,1594.42,Yes
CUST-00401,Female,0,Yes,Yes,42,Yes,Yes,Fiber optic,No,No,No,No,No,No,Month-to-month,Yes,Electronic check,65.67,2674.07,No
CUST-00402,Female,0,Yes,No,62,Yes,No,Fiber optic,No,Yes,No,No,Yes,No,Month-to-month,Yes,Credit card (automatic),63.61,3976.76,Yes
CUST-00403,Male,0,No,No,61,Yes,Yes,No,No internet service,No internet service,No internet service,No internet service,No internet service,No internet service,Month-to-month,Yes,Credit card (automatic),31.52,1956.29,No
CUST-00404,Male,0,Yes,No,62,No,No phone service,No,No internet service,No internet service,No internet service,No internet service,No internet service,No internet service,Month-to-month,Yes,Electronic check,28.52,1756.51,No
CUST-00405,Female,1,No,No,12,Yes,Yes,Fiber optic,No,Yes,No,No,Yes,Yes,Month-to-month,No,Mailed check,83.34,1035.91,Yes
CUST-00406,Female,0,Yes,No,27,No,No phone service,Fiber optic,No,Yes,Yes,No,No,No,One year,Yes,Electronic check,66.86,1696.95,No
CUST-00407,Female,0,Yes,Yes,67,Yes,Yes,DSL,No,Yes,No,No,No,Yes,Two year,Yes,Mailed check,64.37,4190.99,No
CUST-00408,Female,0,Yes,Yes,28,No,No phone service,Fiber optic,No,No,No,Yes,Yes,Yes,Two year,Yes,Electronic check,79.97,2167.69,Yes
CUST-00409,Female,0,Yes,No,66,Yes,Yes,Fiber optic,No,No,No,No,No,No,Month-to-month,Yes,Electronic check,64.81,4355.6,No
CUST-00410,Female,0,No,No,28,Yes,Yes,Fiber optic,No,Yes,Yes,Yes,Yes,Yes,Two year,No,Electronic check,93.07,2633.92,No
CUST-00411,Male,0,Yes,Yes,21,Yes,No,DSL,Yes,No,Yes,No,No,No,Two year,No,Mailed check,43.64,920.66,No
CUST-00412,Female,1,No,No,7,Yes,No,Fiber optic,No,No,Yes,Yes,No,No,Month-to-month,Yes,Bank transfer (automatic),71.21,527.07,Yes
CUST-00413,Female,0,No,No,14,No,No phone service,Fiber optic,No,No,Yes,Yes,No,Yes,Two year,Yes,Electronic check,72.78,939.92,No
CUST-00414,Male,0,Yes,Yes,39,Yes,Yes,Fiber optic,No,No,No,No,No,No,Month-to-month,Yes,Bank transfer (automatic),68.47,2667.03,No
CUST-00415,Male,1,No,Yes,62,Yes,No,Fiber optic,No,No,Yes,No,No,No,Month-to-month,No,Electronic check,57.65,3569.6,Yes
CUST-00416,Male,0,Yes,Yes,12,Yes,Yes,DSL,Yes,Yes,Yes,No,No,Yes,Month-to-month,Yes,Electronic check,67.35,841.99,No
CUST-00417,Male,0,No,No,38,Yes,No,Fiber optic,Yes,Yes,No,Yes,Yes,No,One year,No,Mailed check,74.61,2913.1,Yes
CUST-00418,Female,0,No,No,58,Yes,No,No,No internet service,No internet service,No internet service,No internet service,No internet service,No internet service,Month-to-month,No,Electronic check,22.5,1310.44,No
CUST-00419,Female,0,Yes,No,56,Yes,Yes,Fiber optic,No,No,No,Yes,Yes,No,Month-to-month,Yes,Mailed check,71.73,3993.22,Yes
CUST-00420,Female,0,Yes,No,39,Yes,Yes,Fiber optic,Yes,No,Yes,No,Yes,No,One year,Yes,Electronic check,80.27,3074.84,No
CUST-00421,Female,0,No,No,4,Yes,No,Fiber optic,No,No,No,Yes,Yes,Yes,One year,No,Mailed check,82.72,328.68,Yes
CUST-00422,Female,0,No,No,48,Yes,Yes,Fiber optic,No,No,No,No,Yes,No,Month-to-month,Yes,Credit card (automatic),73.83,3624.23,Yes
CUST-00423,Female,0,Yes,No,7,Yes,Yes,DSL,No,No,No,Yes,No,Yes,Two year,No,Bank transfer (automatic),63.83,464.78,No
CUST-00424,Male,0,No,No,60,Yes,No,DSL,Yes,Yes,No,No,Yes,No,Month-to-month,Yes,Mailed check,63.39,3786.27,No
CUST-00425,Female,0,Yes,Yes,40,Yes,Yes,No,No internet service,No internet service,No internet service,No internet service,No internet service,No internet service,One year,No,Mailed check,22.88,861.72,No
CUST-00426,Male,0,No,No,8,No,No phone service,Fiber optic,No,Yes,Yes,Yes,Yes,Yes,One year,No,Mailed check,95.22,867.71,Yes
CUST-00427,Male,0,Yes,No,58,Yes,Yes,Fiber optic,No,No,No,No,No,Yes,One year,No,Electronic check,77.28,4453.8,No
CUST-00428,Female,0,No,Yes,57,Yes,No,DSL,Yes,No,No,No,Yes,No,Two year,Yes,Mailed check,51.54,2964.5,No
CUST-00429,Male,0,Yes,No,35,Yes,Yes,Fiber optic,No,No,No,No,No,No,Two year,Yes,Bank transfer (automatic),70.09,2555.84,No
CUST-00430,Female,0,No,No,13,Yes,No,No,No internet service,No internet service,No internet service,No internet service,No internet service,No internet service,One year,Yes,Credit card (automatic),27.02,351.79,No
CUST-00431,Male,1,No,No,39,Yes,No,DSL,No,No,No,No,No,Yes,Month-to-month,Yes,Bank transfer (automatic),48.37,1857.12,Yes
CUST-00432,Female,0,No,No,21,Yes,Yes,DSL,No,No,No,No,No,Yes,One year,Yes,Bank transfer (automatic),49.11,1014.85,No
CUST-00433,Male,0,No,Yes,47,Yes,No,DSL,No,Yes,No,No,No,No,Month-to-month,No,Electronic check,43.04,2106.5,No
CUST-00434,Female,0,No,No,2,Yes,No,DSL,No,No,No,Yes,Yes,No,Month-to-month,Yes,Electronic check,55.31,18.0,No
CUST-00435,Female,0,No,No,44,Yes,Yes,Fiber optic,No,Yes,No,Yes,No,No,One year,No,Electronic check,66.75,3000.06,No
CUST-00436,Female,0,No,No,30,Yes,No,Fiber optic,No,Yes,No,No,No,No,Two year,No,Electronic check,59.2,1758.87,No
CUST-00437,Female,1,No,No,55,Yes,No,Fiber optic,Yes,Yes,Yes,Yes,No,Yes,One year,Yes,Bank transfer (automatic),84.72,4740.53,No
CUST-00438,Female,0,No,No,40,Yes,No,Fiber optic,Yes,No,No,Yes,No,Yes,Month-to-month,Yes,Bank transfer (automatic),82.86,3294.84,No
CUST-00439,Male,0,No,Yes,24,Yes,No,Fiber optic,Yes,Yes,Yes,No,No,No,One year,No,Mailed check,62.68,1471.12,No
CUST-00440,Male,0,Yes,No,42,Yes,No,DSL,Yes,No,No,Yes,No,No,Month-to-month,Yes,Electronic check,48.34,2005.96,Yes
CUST-00441,Male,1,No,No,28,Yes,Yes,No,No internet service,No internet service,No internet service,No internet service,No internet service,No internet service,One year,Yes,Bank transfer (automatic),33.16,932.07,Yes
CUST-00442,Female,0,Yes,No,51,Yes,No,Fiber optic,No,No,No,Yes,No,No,One year,Yes,Mailed check,59.58,2964.1,No
CUST-00443,Male,1,No,No,22,Yes,Yes,DSL,No,Yes,Yes,Yes,Yes,Yes,One year,Yes,Electronic check,87.08,1963.31,No
CUST-00444,Female,0,No,No,8,No,No phone service,DSL,No,No,No,Yes,No,Yes,One year,Yes,Bank transfer (automatic),53.98,445.8,Yes
CUST-00445,Female,0,No,No,14,Yes,No,Fiber optic,No,No,No,No,No,No,One year,Yes,Electronic check,59.72,767.88,Yes
CUST-00446,Male,0,Yes,Yes,45,No,No phone service,DSL,No,No,No,No,Yes,Yes,Month-to-month,Yes,Mailed check,57.76,2468.72,No
CUST-00447,Male,0,Yes,No,38,Yes,No,No,No internet service,No internet service,No internet service,No internet service,No internet service,No internet service,Month-to-month,No,Electronic check,26.12,978.82,No
CUST-00448,Female,0,No,No,32,Yes,No,Fiber optic,No,Yes,No,No,No,No,Month-to-month,Yes,Electronic check,61.42,1920.11,Yes
CUST-00449,Male,0,Yes,Yes,62,Yes,No,No,No internet service,No internet service,No internet service,No internet service,No internet service,No internet service,Month-to-month,No,Electronic check,27.34,1626.73,No
CUST-00450,Female,0,Yes,Yes,67,Yes,Yes,Fiber optic,No,Yes,Yes,No,Yes,No,Month-to-month,No,Electronic check,83.74,5564.58,No
CUST-00451,Female,0,No,No,61,Yes,No,No,No internet service,No internet service,No internet service,No internet service,No internet service,No internet service,Two year,Yes,Bank transfer (automatic),24.2,1525.84,No
CUST-00452,Female,0,No,No,13,Yes,Yes,Fiber optic,No,Yes,Yes,No,No,No,Month-to-month,No,Electronic check,70.11,833.86,Yes
CUST-00453,Female,0,Yes,Yes,47,Yes,Yes,DSL,No,Yes,No,Yes,Yes,No,Month-to-month,Yes,Electronic check,65.54,3106.43,Yes
CUST-00454,Female,0,No,Yes,54,Yes,No,Fiber optic,No,No,No,No,No,No,One year,No,Credit card (automatic),51.41,2767.84,No
CUST-00455,Male,0,Yes,Yes,71,Yes,No,Fiber optic,No,Yes,Yes,No,Yes,No,Two year,No,Credit card (automatic),74.56,5272.68,No
CUST-00456,Male,0,No,Yes,52,Yes,Yes,No,No internet service,No internet service,No internet service,No internet service,No internet service,No internet service,Month-to-month,No,Mailed check,41.53,2179.23,No
CUST-00457,Female,0,Yes,No,72,Yes,Yes,DSL,No,No,No,No,No,No,One year,Yes,Bank transfer (automatic),44.1,3146.52,No
CUST-00458,Female,0,No,No,25,Yes,Yes,Fiber optic,No,Yes,Yes,No,Yes,No,Month-to-month,Yes,Credit card (automatic),84.3,2100.99,Yes
CUST-00459,Male,0,Yes,No,23,Yes,No,No,No internet service,No internet service,No internet service,No internet service,No internet service,No internet service,One year,Yes,Credit card (automatic),21.84,515.54,No
CUST-00460,Male,0,No,No,30,No,No phone service,Fiber optic,No,No,No,Yes,No,No,Month-to-month,Yes,Mailed check,56.69,1700.29,Yes
CUST-00461,Female,0,Yes,No,11,Yes,Yes,No,No internet service,No internet service,No internet service,No internet service,No internet service,No internet service,One year,No,Electronic check,30.61,336.93,Yes
CUST-00462,Male,0,No,No,35,No,No phone service,DSL,No,No,No,No,Yes,No,Two year,Yes,Bank transfer (automatic),48.06,1733.78,No
CUST-00463,Female,0,Yes,No,27,Yes,No,Fiber optic,No,No,Yes,No,No,Yes,Month-to-month,Yes,Mailed check,66.32,1709.78,No
CUST-00464,Male,0,Yes,No,67,Yes,No,Fiber optic,No,No,No,No,Yes,Yes,Month-to-month,Yes,Electronic check,71.71,4787.89,No
CUST-00465,Female,0,No,No,47,Yes,No,DSL,No,No,No,No,No,Yes,Month-to-month,Yes,Electronic check,45.15,2157.47,No
CUST-00466,Male,0,No,No,50,Yes,Yes,DSL,No,Yes,No,No,Yes,Yes,Two year,No,Mailed check,59.94,3110.77,No
CUST-00467,Female,0,Yes,No,8,Yes,No,DSL,No,No,No,No,No,Yes,Month-to-month,No,Mailed check,48.77,396.01,Yes
CUST-00468,Male,0,Yes,Yes,55,Yes,No,DSL,Yes,No,No,No,Yes,Yes,Month-to-month,Yes,Mailed check,62.77,3445.15,No
CUST-00469,Male,0,Yes,Yes,42,Yes,No,DSL,Yes,No,No,No,No,No,Month-to-month,No,Mailed check,43.22,1753.33,No
CUST-00470,Female,0,Yes,No,67,Yes,Yes,DSL,Yes,No,No,Yes,No,No,Two year,No,Electronic check,49.61,3279.03,No
CUST-00471,Male,0,Yes,No,20,Yes,No,Fiber optic,Yes,No,No,No,No,Yes,Month-to-month,No,Electronic check,72.71,1469.69,No
CUST-00472,Female,0,Yes,No,45,No,No phone service,DSL,Yes,No,No,Yes,Yes,No,One year,Yes,Bank transfer (automatic),57.15,2623.91,No
CUST-00473,Male,1,No,No,35,Yes,Yes,No,No internet service,No internet service,No internet service,No internet service,No internet service,No internet service,One year,No,Mailed check,31.48,1118.51,No
CUST-00474,Female,0,No,Yes,20,Yes,No,Fiber optic,Yes,No,Yes,No,No,Yes,Month-to-month,Yes,Mailed check,76.59,1611.12,Yes
CUST-00475,Male,0,Yes,No,24,Yes,Yes,DSL,No,Yes,No,No,No,Yes,Two year,Yes,Bank transfer (automatic),55.97,1250.35,No
CUST-00476,Female,0,No,No,57,Yes,Yes,Fiber optic,No,No,No,No,No,No,One year,Yes,Bank transfer (automatic),61.51,3597.9,No
CUST-00477,Male,0,No,Yes,55,Yes,No,No,No internet service,No internet service,No internet service,No internet service,No internet service,No internet service,Month-to-month,No,Bank transfer (automatic),28.77,1649.43,No
CUST-00478,Female,0,Yes,No,9,Yes,No,DSL,No,Yes,No,No,Yes,No,One year,Yes,Bank transfer (automatic),54.09,383.83,No
CUST-00479,Male,0,Yes,No,16,Yes,No,No,No internet service,No internet service,No internet service,No internet service,No internet service,No internet service,Month-to-month,Yes,Bank transfer (automatic),22.76,381.55,No
CUST-00480,Female,0,No,No,55,Yes,No,Fiber optic,No,No,No,No,No,No,One year,No,Mailed check,58.84,3219.66,No
CUST-00481,Female,0,Yes,No,72,Yes,No,No,No internet service,No internet service,No internet service,No internet service,No internet service,No internet service,Month-to-month,Yes,Electronic check,26.13,1816.22,No
CUST-00482,Female,1,Yes,No,58,Yes,No,Fiber optic,No,Yes,No,Yes,No,No,Two year,Yes,Electronic check,65.79,3815.18,Yes
CUST-00483,Male,0,No,No,64,Yes,No,Fiber optic,No,Yes,No,No,Yes,Yes,Month-to-month,No,Credit card (automatic),75.07,4831.89,No
CUST-00484,Female,0,No,No,49,Yes,No,DSL,No,No,Yes,No,No,No,Month-to-month,No,Electronic check,49.7,2507.65,No
CUST-00485,Male,0,Yes,No,29,Yes,Yes,DSL,No,No,Yes,No,Yes,No,Two year,Yes,Bank transfer (automatic),63.05,1767.12,No
CUST-00486,Female,0,No,No,7,Yes,No,Fiber optic,No,No,No,No,Yes,No,Month-to-month,No,Electronic check,62.84,392.44,Yes
CUST-00487,Male,0,No,No,69,Yes,Yes,DSL,Yes,No,Yes,Yes,No,No,Month-to-month,Yes,Credit card (automatic),56.34,4002.26,No
CUST-00488,Female,0,No,No,2,Yes,Yes,Fiber optic,Yes,No,Yes,No,Yes,No,Month-to-month,No,Electronic check,79.52,240.6,Yes
CUST-00489,Male,0,No,No,33,Yes,Yes,Fiber optic,No,No,No,Yes,No,No,Month-to-month,Yes,Credit card (automatic),64.7,2183.39,Yes
CUST-00490,Male,0,Yes,No,48,Yes,No,DSL,No,No,No,Yes,Yes,No,Month-to-month,No,Credit card (automatic),60.71,2880.94,Yes
CUST-00491,Female,0,No,No,37,Yes,No,DSL,Yes,Yes,No,No,No,Yes,Two year,No,Electronic check,56.06,2131.79,No
CUST-00492,Male,0,Yes,No,30,Yes,No,DSL,No,No,Yes,No,Yes,Yes,Month-to-month,Yes,Credit card (automatic),68.16,2067.85,No
CUST-00493,Male,0,Yes,No,41,Yes,Yes,Fiber optic,No,No,No,No,No,No,Two year,No,Electronic check,55.5,2185.07,Yes
CUST-00494,Female,1,Yes,Yes,4,No,No phone service,Fiber optic,Yes,No,Yes,No,No,Yes,Two year,No,Bank transfer (automatic),78.63,272.88,No
CUST-00495,Male,0,Yes,No,39,Yes,No,Fiber optic,No,Yes,No,Yes,No,No,Month-to-month,No,Mailed check,69.22,2708.51,Yes
CUST-00496,Male,0,Yes,No,24,Yes,Yes,DSL,No,Yes,No,Yes,No,No,Month-to-month,Yes,Credit card (automatic),57.55,1342.28,Yes
CUST-00497,Male,0,Yes,No,50,Yes,No,No,No internet service,No internet service,No internet service,No internet service,No internet service,No internet service,Month-to-month,Yes,Mailed check,33.17,1684.57,No
CUST-00498,Female,0,Yes,No,37,Yes,No,Fiber optic,Yes,No,No,No,No,Yes,Month-to-month,Yes,Electronic check,72.44,2644.92,Yes
CUST-00499,Male,0,No,No,53,Yes,No,Fiber optic,No,Yes,No,No,Yes,No,Month-to-month,Yes,Electronic check,74.18,3958.84,Yes
CUST-00500,Female,0,Yes,No,25,Yes,No,DSL,No,No,Yes,No,Yes,No,Two year,Yes,Electronic check,53.82,1291.07,No
CUST-00501,Male,1,No,No,31,Yes,Yes,Fiber optic,Yes,No,No,No,No,Yes,One year,No,Mailed check,75.49,2278.62,No
CUST-00502,Male,0,Yes,Yes,38,Yes,No,No,No internet service,No internet service,No internet service,No internet service,No internet service,No internet service,Month-to-month,Yes,Credit card (automatic),24.08,909.1,No
CUST-00503,Male,0,Yes,Yes,58,Yes,Yes,DSL,No,No,Yes,No,No,No,Month-to-month,Yes,Mailed check,52.26,3037.9,No
CUST-00504,Female,0,Yes,No,53,No,No phone service,Fiber optic,No,Yes,Yes,No,No,Yes,Month-to-month,Yes,Credit card (automatic),71.11,3716.09,Yes
CUST-00505,Male,0,Yes,Yes,50,Yes,Yes,Fiber optic,Yes,No,No,No,Yes,Yes,Month-to-month,Yes,Credit card (automatic),83.23,4252.63,Yes
CUST-00506,Male,0,No,No,4,Yes,Yes,DSL,Yes,Yes,No,No,No,No,One year,Yes,Electronic check,58.92,202.48,No
CUST-00507,Female,0,Yes,No,52,Yes,Yes,Fiber optic,Yes,No,Yes,No,No,Yes,One year,Yes,Credit card (automatic),80.17,4195.65,No
CUST-00508,Male,0,No,No,31,Yes,Yes,DSL,Yes,No,Yes,No,No,No,Month-to-month,Yes,Electronic check,56.01,1734.42,Yes
CUST-00509,Female,0,No,No,14,Yes,No,Fiber optic,Yes,Yes,No,No,Yes,No,Month-to-month,No,Credit card (automatic),72.98,1039.88,Yes
CUST-00510,Female,0,Yes,No,1,No,No phone service,DSL,No,No,Yes,No,No,No,Month-to-month,No,Credit card (automatic),46.45,18.0,Yes
CUST-00511,Male,1,No,No,43,Yes,Yes,Fiber optic,Yes,Yes,Yes,Yes,Yes,Yes,One year,No,Electronic check,99.18,4315.23,No
CUST-00512,Female,0,Yes,No,59,Yes,Yes,DSL,No,No,No,Yes,No,Yes,Two year,No,Bank transfer (automatic),59.81,3591.33,No
CUST-00513,Male,0,No,Yes,61,No,No phone service,Fiber optic,No,No,No,No,Yes,No,Two year,No,Mailed check,71.99,4402.55,No
CUST-00514,Female,0,No,No,41,No,No phone service,DSL,No,No,No,Yes,Yes,Yes,Month-to-month,No,Mailed check,69.0,2871.09,No
CUST-00515,Female,0,Yes,No,18,Yes,Yes,Fiber optic,No,No,No,No,Yes,No,Month-to-month,Yes,Mailed check,62.53,1152.67,Yes
CUST-00516,Male,0,Yes,Yes,60,Yes,No,DSL,No,No,No,Yes,No,No,One year,Yes,Credit card (automatic),54.46,3279.48,No
CUST-00517,Female,0,Yes,No,69,Yes,No,DSL,No,No,No,No,No,No,Month-to-month,Yes,Bank transfer (automatic),48.73,3297.19,Yes
CUST-00518,Female,0,Yes,No,59,No,No phone service,DSL,No,No,No,No,No,No,Month-to-month,Yes,Credit card (automatic),37.35,2155.42,No
CUST-00519,Female,0,No,No,42,Yes,Yes,Fiber optic,No,Yes,No,No,No,Yes,Month-to-month,Yes,Credit card (automatic),76.94,3218.07,Yes
CUST-00520,Female,0,Yes,Yes,36,Yes,No,Fiber optic,No,Yes,Yes,No,No,No,Month-to-month,Yes,Credit card (automatic),67.05,2393.74,No
CUST-00521,Female,1,Yes,No,40,Yes,No,DSL,Yes,Yes,No,No,Yes,No,Month-to-month,Yes,Bank transfer (automatic),59.33,2390.54,Yes
CUST-00522,Male,0,Yes,No,30,Yes,No,Fiber optic,Yes,Yes,Yes,No,Yes,No,One year,Yes,Electronic check,85.83,2595.89,No
CUST-00523,Female,0,No,No,11,Yes,No,Fiber optic,No,Yes,Yes,No,Yes,No,One year,No,Bank transfer (automatic),80.77,914.05,No
CUST-00524,Male,0,Yes,No,25,Yes,No,No,No internet service,No internet service,No internet service,No internet service,No internet service,No internet service,Month-to-month,No,Electronic check,19.09,504.88,Yes
CUST-00525,Female,0,No,No,45,Yes,No,DSL,No,No,No,Yes,Yes,No,Month-to-month,No,Credit card (automatic),61.34,2834.27,No
CUST-00526,Male,0,No,Yes,51,Yes,No,Fiber optic,Yes,No,Yes,No,No,No,Month-to-month,Yes,Credit card (automatic),61.65,3182.32,No
CUST-00527,Male,0,No,No,43,Yes,No,Fiber optic,Yes,No,Yes,Yes,Yes,No,Month-to-month,No,Electronic check,88.76,3892.9,No
CUST-00528,Female,0,No,Yes,66,Yes,No,DSL,No,No,No,No,Yes,Yes,Month-to-month,Yes,Electronic check,60.77,3985.19,Yes
CUST-00529,Female,0,Yes,Yes,47,Yes,No,DSL,Yes,No,No,Yes,Yes,No,Month-to-month,Yes,Credit card (automatic),64.42,2981.31,No
CUST-00530,Female,0,Yes,Yes,24,Yes,No,Fiber optic,No,No,No,No,No,No,Month-to-month,Yes,Mailed check,51.02,1183.9,No
CUST-00531,Male,0,No,No,37,Yes,No,Fiber optic,No,Yes,Yes,No,No,No,Month-to-month,Yes,Electronic check,74.5,2666.55,Yes
CUST-00532,Female,0,No,No,56,Yes,Yes,DSL,Yes,No,No,No,Yes,No,Month-to-month,No,Bank transfer (automatic),58.25,3208.21,No
CUST-00533,Male,0,No,Yes,46,Yes,Yes,Fiber optic,No,No,No,No,Yes,No,One year,Yes,Electronic check,67.71,3129.66,No
CUST-00534,Male,0,Yes,No,28,Yes,No,DSL,No,Yes,No,Yes,Yes,No,Month-to-month,Yes,Mailed check,64.05,1765.17,Yes
CUST-00535,Male,0,Yes,Yes,52,Yes,No,Fiber optic,Yes,Yes,No,Yes,Yes,No,Month-to-month,Yes,Mailed check,75.11,3906.65,Yes
CUST-00536,Female,0,No,No,15,Yes,No,No,No internet service,No internet service,No internet service,No internet service,No internet service,No internet service,Month-to-month,No,Credit card (automatic),26.45,415.44,No
CUST-00537,Female,0,Yes,No,45,Yes,No,Fiber optic,No,No,No,No,No,No,Month-to-month,Yes,Electronic check,47.06,2030.02,Yes
CUST-00538,Male,0,Yes,No,58,Yes,No,Fiber optic,Yes,No,Yes,Yes,No,No,Two year,Yes,Electronic check,68.63,3942.29,No
CUST-00539,Male,0,Yes,No,67,Yes,Yes,Fiber optic,Yes,No,No,No,No,Yes,Month-to-month,No,Bank transfer (automatic),77.79,5313.38,No
CUST-00540,Female,0,No,No,72,Yes,No,No,No internet service,No internet service,No internet service,No internet service,No internet service,No internet service,One year,No,Electronic check,18.0,1324.68,No
CUST-00541,Male,0,Yes,No,41,No,No phone service,DSL,No,No,No,Yes,No,Yes,Two year,Yes,Bank transfer (automatic),61.78,2642.9,No
CUST-00542,Female,0,Yes,Yes,65,Yes,No,Fiber optic,No,No,No,No,Yes,No,Month-to-month,Yes,Mailed check,61.44,3960.0,Yes
CUST-00543,Male,0,No,Yes,40,Yes,No,No,No internet service,No internet service,No internet service,No internet service,No internet service,No internet service,One year,Yes,Electronic check,28.86,1097.78,No
CUST-00544,Female,0,Yes,No,5,Yes,No,Fiber optic,No,Yes,Yes,Yes,No,No,Two year,Yes,Mailed check,71.4,306.7,No
CUST-00545,Male,0,No,No,28,Yes,Yes,DSL,Yes,No,No,No,Yes,No,Two year,No,Bank transfer (automatic),61.91,1623.16,No
CUST-00546,Female,0,No,No,38,Yes,Yes,No,No internet service,No internet service,No internet service,No internet service,No internet service,No internet service,Month-to-month,No,Electronic check,29.61,1115.63,No
CUST-00547,Male,0,Yes,Yes,18,Yes,No,DSL,Yes,Yes,Yes,Yes,No,No,Month-to-month,Yes,Electronic check,59.63,1015.82,Yes
CUST-00548,Female,1,No,No,37,Yes,Yes,Fiber optic,No,Yes,Yes,Yes,No,Yes,Month-to-month,Yes,Electronic check,89.47,3335.89,Yes
CUST-00549,Female,0,No,Yes,27,Yes,No,No,No internet service,No internet service,No internet service,No internet service,No internet service,No internet service,Two year,No,Mailed check,29.78,779.46,No
CUST-00550,Male,0,Yes,Yes,25,Yes,No,Fiber optic,Yes,Yes,Yes,No,No,Yes,Month-to-month,Yes,Credit card (automatic),77.05,1897.09,Yes
CUST-00551,Male,1,Yes,No,69,Yes,No,No,No internet service,No internet service,No internet service,No internet service,No internet service,No internet service,Month-to-month,Yes,Electronic check,20.17,1334.85,No
CUST-00552,Female,1,No,No,27,Yes,Yes,Fiber optic,No,Yes,No,No,No,No,Month-to-month,Yes,Credit card (automatic),59.01,1561.69,Yes
CUST-00553,Male,0,Yes,No,54,Yes,No,No,No internet service,No internet service,No internet service,No internet service,No internet service,No internet service,Month-to-month,No,Credit card (automatic),20.45,1007.21,No
CUST-00554,Female,0,No,No,7,Yes,No,No,No internet service,No internet service,No internet service,No internet service,No internet service,No internet service,Two year,No,Mailed check,25.25,192.64,No
CUST-00555,Male,0,No,No,27,Yes,No,DSL,No,Yes,Yes,No,No,No,Month-to-month,No,Electronic check,49.0,1297.97,Yes
CUST-00556,Female,0,Yes,Yes,59,Yes,Yes,DSL,No,No,No,No,Yes,Yes,Month-to-month,Yes,Bank transfer (automatic),63.48,3750.35,No
CUST-00557,Female,0,No,No,72,Yes,Yes,Fiber optic,No,No,Yes,No,Yes,Yes,Month-to-month,No,Bank transfer (automatic),86.35,6203.64,Yes
CUST-00558,Female,0,Yes,No,31,No,No phone service,No,No internet service,No internet service,No internet service,No internet service,No internet service,No internet service,Month-to-month,Yes,Electronic check,32.53,1067.93,Yes
CUST-00559,Female,0,No,No,68,No,No phone service,Fiber optic,No,No,Yes,No,Yes,Yes,Month-to-month,Yes,Bank transfer (automatic),76.42,5199.46,Yes
CUST-00560,Female,1,Yes,No,4,Yes,No,No,No internet service,No internet service,No internet service,No internet service,No internet service,No internet service,Month-to-month,Yes,Credit card (automatic),23.08,45.71,Yes
CUST-00561,Female,0,No,No,18,Yes,No,Fiber optic,No,Yes,No,No,No,No,Two year,No,Electronic check,61.28,1030.18,No
CUST-00562,Male,0,No,No,63,Yes,No,Fiber optic,Yes,Yes,Yes,No,No,Yes,Two year,No,Electronic check,75.13,4685.98,No
CUST-00563,Male,0,No,Yes,52,Yes,Yes,Fiber optic,No,Yes,Yes,Yes,Yes,No,Month-to-month,Yes,Bank transfer (automatic),90.91,4686.49,Yes
CUST-00564,Male,0,No,Yes,63,No,No phone service,Fiber optic,No,No,No,No,No,No,One year,Yes,Mailed check,57.15,3488.96,No
CUST-00565,Female,0,No,No,45,Yes,No,DSL,Yes,No,No,No,Yes,No,Month-to-month,Yes,Credit card (automatic),53.41,2421.73,Yes
CUST-00566,Female,0,Yes,No,12,Yes,No,No,No internet service,No internet service,No internet service,No internet service,No internet service,No internet service,Two year,No,Mailed check,21.09,303.1,No
CUST-00567,Female,0,No,No,8,Yes,Yes,DSL,No,No,No,Yes,Yes,Yes,Month-to-month,Yes,Credit card (automatic),71.28,589.06,No
CUST-00568,Female,0,No,No,22,Yes,No,No,No internet service,No internet service,No internet service,No internet service,No internet service,No internet service,Month-to-month,Yes,Mailed check,32.18,623.96,No
CUST-00569,Male,0,No,No,41,Yes,No,Fiber optic,Yes,No,No,Yes,No,Yes,Two year,No,Electronic check,76.15,3090.82,No
CUST-00570,Male,1,No,No,41,No,No phone service,DSL,No,No,No,No,No,No,Month-to-month,No,Mailed check,42.61,1833.38,Yes
CUST-00571,Female,0,Yes,No,57,Yes,Yes,DSL,Yes,No,No,No,Yes,No,One year,No,Mailed check,60.3,3428.9,No
CUST-00572,Male,0,Yes,Yes,32,Yes,No,No,No internet service,No internet service,No internet service,No internet service,No internet service,No internet service,Two year,Yes,Electronic check,28.8,881.27,No
CUST-00573,Male,0,Yes,No,55,Yes,No,DSL,No,No,No,No,Yes,No,One year,Yes,Electronic check,52.38,2897.0,No
CUST-00574,Female,0,No,No,6,Yes,No,Fiber optic,Yes,No,Yes,No,No,No,Month-to-month,No,Mailed check,64.52,356.45,Yes
CUST-00575,Male,0,Yes,Yes,39,Yes,Yes,DSL,No,No,Yes,Yes,Yes,No,Month-to-month,No,Credit card (automatic),63.52,2422.22,No
CUST-00576,Female,0,No,No,9,Yes,Yes,Fiber optic,No,No,No,Yes,No,No,Two year,Yes,Mailed check,59.74,618.35,No
CUST-00577,Male,0,Yes,No,32,Yes,Yes,DSL,Yes,Yes,Yes,No,No,Yes,Two year,Yes,Electronic check,64.19,2094.58,No
CUST-00578,Female,1,Yes,No,36,Yes,No,DSL,No,No,Yes,No,No,No,One year,No,Electronic check,47.67,1706.01,No
CUST-00579,Female,0,Yes,No,16,Yes,Yes,DSL,Yes,No,No,No,No,No,Month-to-month,Yes,Mailed check,56.84,878.51,Yes
CUST-00580,Female,0,Yes,Yes,12,Yes,No,Fiber optic,No,No,No,Yes,Yes,No,Month-to-month,Yes,Electronic check,73.41,880.64,No
CUST-00581,Female,0,No,No,41,Yes,No,Fiber optic,No,No,No,No,Yes,Yes,One year,Yes,Bank transfer (automatic),81.8,3356.65,Yes
CUST-00582,Male,0,Yes,No,67,Yes,Yes,Fiber optic,No,No,No,Yes,No,Yes,Month-to-month,No,Credit card (automatic),74.16,5025.35,Yes
CUST-00583,Female,0,Yes,Yes,58,Yes,Yes,DSL,No,No,Yes,No,No,No,One year,No,Credit card (automatic),50.4,2798.96,No
CUST-00584,Female,0,Yes,No,9,Yes,No,DSL,No,Yes,Yes,Yes,Yes,No,One year,Yes,Credit card (automatic),56.88,532.2,No
CUST-00585,Female,0,No,Yes,17,Yes,No,Fiber optic,Yes,No,Yes,Yes,No,No,One year,Yes,Credit card (automatic),69.74,1196.66,Yes
CUST-00586,Male,0,No,No,5,Yes,No,DSL,Yes,Yes,Yes,No,No,Yes,Two year,No,Bank transfer (automatic),69.08,390.51,No
CUST-00587,Female,0,Yes,No,26,No,No phone service,Fiber optic,No,Yes,Yes,No,No,Yes,Two year,No,Mailed check,71.83,1889.45,No
CUST-00588,Male,0,No,No,1,Yes,Yes,Fiber optic,No,Yes,No,Yes,No,No,Month-to-month,Yes,Credit card (automatic),71.18,132.02,Yes
CUST-00589,Female,0,Yes,No,1,Yes,No,Fiber optic,No,Yes,No,No,Yes,Yes,One year,Yes,Credit card (automatic),74.7,71.92,Yes
CUST-00590,Male,0,Yes,No,35,Yes,No,DSL,Yes,No,No,No,Yes,No,Two year,No,Electronic check,53.61,1742.42,No
CUST-00591,Male,0,No,Yes,9,Yes,Yes,Fiber optic,No,No,No,Yes,No,Yes,Two year,Yes,Mailed check,73.28,665.65,No
CUST-00592,Female,0,Yes,No,38,Yes,Yes,No,No internet service,No internet service,No internet service,No internet service,No internet service,No internet service,Month-to-month,Yes,Bank transfer (automatic),31.65,1226.65,No
CUST-00593,Male,0,No,Yes,4,Yes,No,Fiber optic,No,Yes,Yes,No,No,Yes,Two year,No,Mailed check,69.23,305.8,No
CUST-00594,Female,0,Yes,Yes,52,Yes,No,Fiber optic,No,No,Yes,No,No,Yes,Two year,Yes,Bank transfer (automatic),65.04,3459.67,No
CUST-00595,Female,0,No,No,19,Yes,Yes,DSL,No,No,No,No,No,No,One year,Yes,Credit card (automatic),46.96,924.03,No
CUST-00596,Female,1,Yes,No,5,Yes,Yes,DSL,No,Yes,No,No,Yes,No,Month-to-month,Yes,Bank transfer (automatic),53.4,193.89,Yes
CUST-00597,Male,0,No,No,48,Yes,Yes,No,No internet service,No internet service,No internet service,No internet service,No internet service,No internet service,One year,No,Electronic check,28.47,1328.62,No
CUST-00598,Male,1,No,Yes,63,No,No phone service,Fiber optic,No,No,No,No,No,No,Month-to-month,Yes,Credit card (automatic),55.56,3530.05,No
CUST-00599,Female,1,Yes,No,38,Yes,No,DSL,No,No,No,No,Yes,Yes,One year,Yes,Electronic check,60.54,2246.52,No
CUST-00600,Female,0,No,No,52,Yes,No,DSL,No,No,No,No,No,Yes,Two year,Yes,Credit card (automatic),51.52,2726.83,No
CUST-00601,Male,0,Yes,Yes,46,Yes,No,DSL,No,No,Yes,No,Yes,No,One year,Yes,Mailed check,58.62,2727.66,No
CUST-00602,Female,1,No,No,9,Yes,No,No,No internet service,No internet service,No internet service,No internet service,No internet service,No internet service,One year,Yes,Electronic check,23.94,178.01,No
CUST-00603,Female,0,Yes,Yes,50,Yes,No,Fiber optic,No,No,No,No,No,No,Month-to-month,Yes,Electronic check,54.6,2665.83,Yes
CUST-00604,Female,0,Yes,No,66,Yes,No,No,No internet service,No internet service,No internet service,No internet service,No internet service,No internet service,One year,Yes,Credit card (automatic),24.76,1637.98,No
CUST-00605,Male,0,No,No,38,Yes,Yes,Fiber optic,No,No,No,No,No,No,One year,Yes,Electronic check,54.43,2089.72,No
CUST-00606,Male,0,Yes,No,27,No,No phone service,No,No internet service,No internet service,No internet service,No internet service,No internet service,No internet service,Month-to-month,Yes,Bank transfer (automatic),34.94,932.08,No
CUST-00607,Male,0,No,Yes,20,Yes,Yes,DSL,Yes,No,No,Yes,Yes,No,Two year,No,Bank transfer (automatic),59.03,1223.69,No
CUST-00608,Female,0,Yes,Yes,62,Yes,No,Fiber optic,No,Yes,No,Yes,No,Yes,Month-to-month,Yes,Electronic check,79.7,4961.1,Yes
CUST-00609,Female,0,Yes,Yes,16,Yes,Yes,Fiber optic,No,No,Yes,No,No,No,Month-to-month,Yes,Bank transfer (automatic),62.74,989.43,Yes
CUST-00610,Female,0,No,Yes,13,Yes,No,No,No internet service,No internet service,No internet service,No internet service,No internet service,No internet service,Month-to-month,Yes,Electronic check,26.11,277.82,No
CUST-00611,Male,1,No,Yes,20,No,No phone service,DSL,No,No,Yes,Yes,No,Yes,Month-to-month,Yes,Bank transfer (automatic),63.76,1353.19,Yes
CUST-00612,Female,0,Yes,No,24,Yes,Yes,Fiber optic,No,No,No,No,No,No,Two year,No,Bank transfer (automatic),64.13,1623.47,Yes
CUST-00613,Female,0,Yes,Yes,50,No,No phone service,Fiber optic,No,Yes,Yes,No,Yes,Yes,Month-to-month,Yes,Electronic check,82.45,4105.16,Yes
CUST-00614,Female,0,Yes,No,7,Yes,No,No,No internet service,No internet service,No internet service,No internet service,No internet service,No internet service,Two year,Yes,Electronic check,28.96,193.44,No
CUST-00615,Female,0,Yes,No,29,No,No phone service,No,No internet service,No internet service,No internet service,No internet service,No internet service,No internet service,Two year,Yes,Electronic check,26.33,869.02,No
CUST-00616,Male,0,Yes,Yes,5,Yes,No,Fiber optic,No,No,No,No,No,No,Two year,Yes,Credit card (automatic),53.34,244.69,No
CUST-00617,Male,1,Yes,No,35,Yes,No,No,No internet service,No internet service,No internet service,No internet service,No internet service,No internet service,Month-to-month,No,Mailed check,22.75,801.09,No
CUST-00618,Female,0,No,Yes,65,Yes,No,Fiber optic,No,No,No,No,Yes,No,Month-to-month,Yes,Mailed check,69.91,4520.09,No
CUST-00619,Male,0,No,No,70,Yes,No,No,No internet service,No internet service,No internet service,No internet service,No internet service,No internet service,Month-to-month,Yes,Mailed check,22.32,1550.35,No
CUST-00620,Male,0,Yes,No,7,Yes,No,No,No internet service,No internet service,No internet service,No internet service,No internet service,No internet service,Two year,No,Mailed check,18.0,82.61,No
CUST-00621,Female,0,Yes,Yes,44,Yes,Yes,DSL,No,Yes,No,Yes,No,Yes,Month-to-month,Yes,Electronic check,65.22,2930.41,No
CUST-00622,Female,1,Yes,No,72,Yes,No,Fiber optic,Yes,No,No,No,No,Yes,One year,Yes,Bank transfer (automatic),69.84,5032.81,No
CUST-00623,Male,0,No,Yes,13,No,No phone service,Fiber optic,No,Yes,Yes,Yes,Yes,No,Two year,No,Credit card (automatic),76.07,976.36,No
CUST-00624,Female,0,No,No,38,Yes,Yes,No,No internet service,No internet service,No internet service,No internet service,No internet service,No internet service,One year,Yes,Credit card (automatic),32.25,1171.34,No
CUST-00625,Male,0,No,No,13,No,No phone service,Fiber optic,No,Yes,No,No,Yes,No,Two year,Yes,Credit card (automatic),72.3,995.09,Yes
CUST-00626,Female,1,No,Yes,54,Yes,No,DSL,No,Yes,No,No,No,Yes,Month-to-month,Yes,Mailed check,51.44,2780.13,No
CUST-00627,Male,0,No,No,44,Yes,No,Fiber optic,No,Yes,No,No,No,Yes,One year,Yes,Mailed check,73.05,3190.61,Yes
CUST-00628,Female,0,Yes,Yes,13,Yes,No,Fiber optic,No,No,No,No,No,No,Two year,No,Electronic check,51.43,702.28,No
CUST-00629,Male,0,Yes,Yes,25,No,No phone service,No,No internet service,No internet service,No internet service,No internet service,No internet service,No internet service,One year,Yes,Mailed check,29.3,740.87,No
CUST-00630,Male,1,No,Yes,24,Yes,No,Fiber optic,No,Yes,No,No,No,No,Two year,Yes,Bank transfer (automatic),59.33,1314.28,No
CUST-00631,Male,0,Yes,No,29,Yes,Yes,DSL,Yes,No,No,No,Yes,No,Month-to-month,Yes,Credit card (automatic),58.41,1756.52,Yes
CUST-00632,Female,0,No,No,70,Yes,No,No,No internet service,No internet service,No internet service,No internet service,No internet service,No internet service,Two year,No,Electronic check,24.51,1728.55,No
CUST-00633,Male,0,No,No,18,Yes,No,Fiber optic,No,Yes,No,No,No,No,Month-to-month,Yes,Electronic check,66.05,1201.84,Yes
CUST-00634,Male,0,No,No,5,Yes,No,Fiber optic,No,No,No,No,No,No,One year,No,Electronic check,50.75,200.27,Yes
CUST-00635,Female,0,Yes,Yes,18,Yes,Yes,No,No internet service,No internet service,No internet service,No internet service,No internet service,No internet service,Two year,Yes,Electronic check,35.24,646.87,No
CUST-00636,Female,0,No,No,63,Yes,No,Fiber optic,No,Yes,Yes,No,No,Yes,One year,No,Bank transfer (automatic),75.7,4732.77,No
CUST-00637,Male,1,No,No,37,Yes,Yes,Fiber optic,No,No,Yes,Yes,Yes,Yes,Month-to-month,Yes,Bank transfer (automatic),82.17,3032.84,Yes
CUST-00638,Male,0,No,No,71,Yes,Yes,DSL,No,No,No,No,No,Yes,Month-to-month,Yes,Credit card (automatic),56.93,4052.6,Yes
CUST-00639,Female,1,No,No,55,Yes,Yes,No,No internet service,No internet service,No internet service,No internet service,No internet service,No internet service,One year,No,Electronic check,25.83,1437.23,No
CUST-00640,Female,0,No,No,12,Yes,Yes,DSL,No,No,No,No,No,Yes,Two year,Yes,Bank transfer (automatic),47.75,519.04,No
CUST-00641,Female,0,Yes,Yes,52,Yes,Yes,DSL,No,No,Yes,No,No,No,One year,No,Mailed check,49.42,2590.67,No
CUST-00642,Female,0,Yes,Yes,57,Yes,Yes,No,No internet service,No internet service,No internet service,No internet service,No internet service,No internet service,Month-to-month,No,Electronic check,35.4,1913.37,Yes
CUST-00643,Female,0,Yes,No,46,Yes,Yes,Fiber optic,No,No,Yes,Yes,No,No,Two year,Yes,Bank transfer (automatic),72.84,3321.54,No
CUST-00644,Male,1,Yes,No,44,Yes,No,DSL,No,No,Yes,Yes,Yes,No,Month-to-month,No,Bank transfer (automatic),60.9,2647.79,No
CUST-00645,Female,0,No,No,24,No,No phone service,DSL,No,No,Yes,No,No,No,Month-to-month,Yes,Bank transfer (automatic),56.92,1209.93,Yes
CUST-00646,Male,0,No,No,9,Yes,No,No,No internet service,No internet service,No internet service,No internet service,No internet service,No internet service,Month-to-month,No,Electronic check,24.46,221.63,Yes
CUST-00647,Male,0,Yes,Yes,12,Yes,No,Fiber optic,No,No,Yes,No,Yes,No,Two year,No,Bank transfer (automatic),66.98,768.44,No
CUST-00648,Male,0,Yes,No,9,Yes,Yes,Fiber optic,No,No,Yes,No,No,No,Month-to-month,No,Electronic check,66.05,641.63,Yes
CUST-00649,Female,0,Yes,No,22,Yes,No,No,No internet service,No internet service,No internet service,No internet service,No internet service,No internet service,One year,No,Electronic check,26.33,544.29,No
CUST-00650,Male,0,No,No,17,Yes,Yes,Fiber optic,Yes,No,Yes,No,No,No,One year,No,Bank transfer (automatic),69.23,1209.31,No
CUST-00651,Male,1,Yes,No,33,Yes,No,DSL,No,Yes,Yes,No,No,No,Two year,No,Electronic check,47.99,1577.85,No
CUST-00652,Female,0,Yes,No,47,Yes,Yes,DSL,Yes,No,Yes,No,Yes,Yes,Month-to-month,No,Credit card (automatic),73.36,3457.83,Yes
CUST-00653,Male,0,Yes,No,15,Yes,No,Fiber optic,No,No,No,Yes,No,Yes,Month-to-month,No,Electronic check,72.73,1147.1,Yes
CUST-00654,Male,0,Yes,No,33,Yes,No,Fiber optic,No,No,No,Yes,No,Yes,One year,Yes,Mailed check,67.31,2148.44,No
CUST-00655,Female,1,No,No,15,Yes,No,DSL,No,Yes,No,No,Yes,Yes,Month-to-month,No,Mailed check,69.52,1022.71,Yes
CUST-00656,Male,0,Yes,Yes,27,Yes,Yes,Fiber optic,No,No,Yes,No,Yes,Yes,Month-to-month,No,Credit card (automatic),75.54,2062.3,Yes
CUST-00657,Male,0,Yes,No,61,Yes,No,DSL,No,No,No,No,No,No,Month-to-month,No,Electronic check,44.01,2816.66,No
CUST-00658,Male,0,Yes,Yes,68,Yes,No,No,No internet service,No internet service,No internet service,No internet service,No internet service,No internet service,Two year,No,Credit card (automatic),22.48,1525.21,No
CUST-00659,Female,0,No,No,48,Yes,No,DSL,No,No,No,No,No,No,Month-to-month,Yes,Electronic check,38.34,1922.64,No
CUST-00660,Female,0,No,Yes,8,Yes,No,Fiber optic,No,Yes,No,No,No,Yes,Month-to-month,Yes,Mailed check,69.06,581.6,Yes
CUST-00661,Female,1,Yes,No,6,Yes,No,Fiber optic,No,Yes,No,Yes,No,Yes,Month-to-month,Yes,Electronic check,76.85,510.78,Yes
CUST-00662,Male,0,Yes,No,63,Yes,No,Fiber optic,No,No,No,No,Yes,No,Month-to-month,No,Bank transfer (automatic),64.01,3980.28,No
CUST-00663,Male,0,No,Yes,2,Yes,No,Fiber optic,No,No,No,No,No,Yes,Two year,Yes,Electronic check,63.17,155.67,No
CUST-00664,Female,0,Yes,Yes,22,Yes,No,DSL,No,Yes,No,No,No,No,Two year,No,Electronic check,41.88,877.03,No
CUST-00665,Male,0,No,No,21,Yes,No,No,No internet service,No internet service,No internet service,No internet service,No internet service,No internet service,Month-to-month,No,Mailed check,26.73,585.74,No
CUST-00666,Male,0,Yes,No,6,Yes,No,DSL,Yes,Yes,No,Yes,No,No,Two year,Yes,Bank transfer (automatic),57.43,302.18,No
CUST-00667,Female,0,Yes,Yes,70,Yes,Yes,Fiber optic,No,Yes,No,Yes,Yes,Yes,One year,No,Electronic check,92.74,6515.28,No
CUST-00668,Female,0,No,Yes,13,Yes,No,DSL,No,No,No,Yes,Yes,No,Month-to-month,Yes,Electronic check,52.04,617.41,No
CUST-00669,Male,0,No,No,1,Yes,Yes,DSL,No,Yes,No,Yes,Yes,No,Month-to-month,Yes,Electronic check,58.82,50.51,Yes
CUST-00670,Male,0,No,No,22,Yes,Yes,Fiber optic,No,Yes,No,No,No,Yes,Two year,Yes,Electronic check,73.71,1574.05,No
CUST-00671,Male,0,Yes,Yes,24,Yes,No,Fiber optic,No,No,Yes,No,Yes,No,Month-to-month,Yes,Electronic check,74.92,1798.93,Yes
CUST-00672,Female,1,Yes,No,64,Yes,No,No,No internet service,No internet service,No internet service,No internet service,No internet service,No internet service,One year,Yes,Credit card (automatic),19.35,1101.66,No
CUST-00673,Female,0,Yes,No,41,Yes,Yes,No,No internet service,No internet service,No internet service,No internet service,No internet service,No internet service,Two year,Yes,Mailed check,37.17,1459.37,No
CUST-00674,Female,0,No,Yes,22,Yes,No,No,No internet service,No internet service,No internet service,No internet service,No internet service,No internet service,One year,No,Credit card (automatic),21.28,504.17,No
CUST-00675,Female,0,No,No,61,Yes,No,Fiber optic,No,No,Yes,No,Yes,Yes,One year,Yes,Electronic check,71.68,4314.37,No
CUST-00676,Male,0,Yes,Yes,12,No,No phone service,DSL,Yes,Yes,No,Yes,Yes,Yes,Month-to-month,Yes,Credit card (automatic),67.6,794.83,No
CUST-00677,Female,0,No,Yes,4,Yes,No,Fiber optic,Yes,No,No,No,No,No,One year,Yes,Credit card (automatic),60.09,223.31,No
CUST-00678,Female,0,No,Yes,12,Yes,No,Fiber optic,No,No,Yes,No,Yes,No,Month-to-month,Yes,Bank transfer (automatic),68.15,880.94,Yes
CUST-00679,Female,0,Yes,No,33,Yes,Yes,DSL,Yes,Yes,No,No,No,No,One year,Yes,Bank transfer (automatic),48.03,1625.84,No
CUST-00680,Female,0,No,No,21,Yes,No,No,No internet service,No internet service,No internet service,No internet service,No internet service,No internet service,One year,Yes,Electronic check,23.3,632.33,No
CUST-00681,Female,0,Yes,No,72,Yes,Yes,Fiber optic,Yes,No,No,Yes,Yes,Yes,Month-to-month,No,Credit card (automatic),93.59,6685.51,Yes
CUST-00682,Male,0,Yes,Yes,72,Yes,No,Fiber optic,No,No,No,No,Yes,No,Month-to-month,Yes,Credit card (automatic),61.54,4438.85,Yes
CUST-00683,Male,0,No,Yes,52,Yes,No,Fiber optic,No,No,Yes,No,Yes,No,Two year,Yes,Credit card (automatic),63.62,3290.53,No
CUST-00684,Female,0,Yes,No,47,No,No phone service,No,No internet service,No internet service,No internet service,No internet service,No internet service,No internet service,Month-to-month,No,Credit card (automatic),29.44,1333.26,No
CUST-00685,Male,0,Yes,Yes,59,Yes,Yes,DSL,No,No,Yes,No,No,No,One year,No,Electronic check,46.44,2759.9,No
CUST-00686,Female,0,No,No,47,Yes,No,Fiber optic,No,No,No,Yes,No,Yes,One year,Yes,Credit card (automatic),65.25,3057.97,No
CUST-00687,Female,0,No,No,56,Yes,No,Fiber optic,No,No,No,No,No,No,One year,Yes,Mailed check,54.65,3045.05,No
CUST-00688,Male,0,No,No,13,Yes,No,Fiber optic,Yes,No,No,No,No,No,Month-to-month,No,Bank transfer (automatic),63.54,819.42,Yes
CUST-00689,Male,0,No,Yes,44,Yes,Yes,No,No internet service,No internet service,No internet service,No internet service,No internet service,No internet service,Two year,No,Credit card (automatic),25.48,1107.49,No
CUST-00690,Female,1,Yes,No,35,Yes,Yes,DSL,No,No,No,Yes,Yes,No,Two year,Yes,Credit card (automatic),62.32,2310.38,Yes
CUST-00691,Female,0,No,Yes,29,Yes,Yes,No,No internet service,No internet service,No internet service,No internet service,No internet service,No internet service,One year,Yes,Electronic check,30.27,920.44,No
CUST-00692,Female,0,No,No,56,Yes,No,Fiber optic,No,No,No,No,No,No,Two year,Yes,Bank transfer (automatic),52.41,2926.57,No
CUST-00693,Male,0,Yes,No,5,Yes,Yes,Fiber optic,Yes,No,No,No,No,No,Month-to-month,Yes,Credit card (automatic),63.05,342.75,Yes
CUST-00694,Female,0,No,No,67,Yes,No,DSL,No,Yes,No,Yes,Yes,No,Month-to-month,No,Mailed check,62.79,4116.58,Yes
CUST-00695,Female,1,Yes,No,53,Yes,Yes,Fiber optic,Yes,Yes,No,Yes,Yes,Yes,Month-to-month,No,Electronic check,88.46,4680.98,No
CUST-00696,Female,0,Yes,No,60,Yes,No,Fiber optic,Yes,Yes,No,No,Yes,No,Month-to-month,No,Electronic check,75.94,4570.25,No
CUST-00697,Male,0,No,Yes,6,Yes,No,DSL,No,Yes,No,Yes,No,No,Month-to-month,Yes,Bank transfer (automatic),43.81,202.09,No
CUST-00698,Female,0,No,Yes,48,Yes,No,Fiber optic,No,No,No,Yes,No,Yes,One year,Yes,Bank transfer (automatic),69.81,3362.53,Yes
CUST-00699,Female,0,Yes,No,35,Yes,No,DSL,Yes,No,No,No,Yes,No,Two year,No,Bank transfer (automatic),54.81,1875.71,No
CUST-00700,Male,0,Yes,No,18,Yes,No,Fiber optic,No,No,Yes,Yes,No,No,Month-to-month,No,Credit card (automatic),64.05,1155.87,Yes
CUST-00701,Female,0,No,No,11,Yes,Yes,Fiber optic,No,No,No,No,Yes,No,Month-to-month,No,Electronic check,70.71,797.95,No
CUST-00702,Female,1,Yes,No,51,Yes,Yes,Fiber optic,No,No,No,No,No,No,Month-to-month,No,Bank transfer (automatic),56.36,2848.96,No
CUST-00703,Male,0,Yes,Yes,23,Yes,No,DSL,Yes,No,No,No,No,No,One year,Yes,Electronic check,40.73,868.97,No
CUST-00704,Female,0,No,No,47,Yes,No,DSL,Yes,No,Yes,Yes,Yes,No,Two year,No,Bank transfer (automatic),67.61,3135.33,No
CUST-00705,Male,1,No,No,59,Yes,Yes,No,No internet service,No internet service,No internet service,No internet service,No internet service,No internet service,One year,Yes,Electronic check,33.06,1947.44,No
CUST-00706,Male,0,No,Yes,57,Yes,No,Fiber optic,No,Yes,No,Yes,No,Yes,Two year,Yes,Electronic check,77.04,4421.56,No
CUST-00707,Female,1,No,No,56,Yes,No,No,No internet service,No internet service,No internet service,No internet service,No internet service,No internet service,One year,No,Mailed check,32.55,1837.26,No
CUST-00708,Female,1,No,No,27,Yes,No,DSL,No,Yes,No,No,Yes,No,Two year,No,Credit card (automatic),48.27,1293.69,Yes
CUST-00709,Female,0,No,No,35,Yes,No,Fiber optic,No,Yes,No,No,Yes,No,One year,No,Electronic check,71.05,2539.69,Yes
CUST-00710,Female,0,Yes,No,55,Yes,Yes,DSL,No,Yes,No,No,No,No,Month-to-month,No,Bank transfer (automatic),45.88,2530.23,Yes
CUST-00711,Male,0,No,No,9,Yes,No,Fiber optic,Yes,No,Yes,Yes,No,No,Two year,Yes,Mailed check,66.95,591.75,No
CUST-00712,Female,1,Yes,No,18,Yes,No,No,No internet service,No internet service,No internet service,No internet service,No internet service,No internet service,One year,Yes,Mailed check,18.97,375.35,No
CUST-00713,Male,0,Yes,No,44,No,No phone service,DSL,No,No,No,No,Yes,No,Month-to-month,Yes,Bank transfer (automatic),48.42,2113.79,No
CUST-00714,Female,0,Yes,No,21,Yes,Yes,Fiber optic,No,No,No,Yes,No,No,Two year,Yes,Mailed check,63.76,1327.04,No
CUST-00715,Female,1,No,Yes,56,No,No phone service,Fiber optic,Yes,No,Yes,Yes,No,No,Month-to-month,Yes,Credit card (automatic),66.87,3783.91,No
CUST-00716,Female,1,Yes,Yes,48,Yes,Yes,No,No internet service,No internet service,No internet service,No internet service,No internet service,No internet service,Month-to-month,Yes,Electronic check,33.77,1656.28,Yes
CUST-00717,Male,0,Yes,Yes,1,Yes,No,DSL,No,No,Yes,No,No,No,Month-to-month,Yes,Electronic check,42.69,29.05,No
CUST-00718,Female,0,No,No,27,Yes,No,No,No internet service,No internet service,No internet service,No internet service,No internet service,No internet service,One year,No,Credit card (automatic),22.78,555.94,No
CUST-00719,Female,1,No,No,45,Yes,Yes,Fiber optic,No,No,No,No,Yes,No,Month-to-month,Yes,Electronic check,70.32,3134.65,Yes
CUST-00720,Female,0,No,Yes,63,Yes,Yes,DSL,No,Yes,No,Yes,Yes,Yes,One year,Yes,Electronic check,69.16,4400.68,No
CUST-00721,Female,1,Yes,Yes,58,Yes,No,Fiber optic,Yes,No,No,No,Yes,Yes,One year,Yes,Credit card (automatic),76.62,4481.38,No
CUST-00722,Male,0,Yes,No,40,Yes,Yes,DSL,No,Yes,No,No,No,Yes,One year,Yes,Electronic check,52.79,2139.94,No
CUST-00723,Female,0,No,No,63,Yes,No,Fiber optic,Yes,No,No,No,No,Yes,One year,Yes,Credit card (automatic),77.19,4841.51,No
CUST-00724,Male,0,Yes,No,38,Yes,No,Fiber optic,Yes,No,Yes,No,Yes,No,Month-to-month,No,Mailed check,77.45,2988.2,Yes
CUST-00725,Male,0,No,No,29,Yes,Yes,DSL,Yes,No,No,No,No,No,Two year,Yes,Mailed check,53.57,1607.58,No
CUST-00726,Male,0,Yes,No,40,Yes,No,Fiber optic,No,No,No,No,Yes,Yes,Month-to-month,Yes,Electronic check,77.07,3126.6,Yes
CUST-00727,Male,0,No,No,19,Yes,No,Fiber optic,No,No,No,No,No,No,Month-to-month,Yes,Bank transfer (automatic),53.9,1038.01,No
CUST-00728,Male,0,Yes,No,56,Yes,Yes,DSL,No,Yes,No,No,No,No,Month-to-month,No,Mailed check,40.4,2321.13,No
CUST-00729,Male,0,Yes,Yes,44,Yes,Yes,No,No internet service,No internet service,No internet service,No internet service,No internet service,No internet service,One year,Yes,Mailed check,27.93,1199.21,No
CUST-00730,Female,0,No,No,65,Yes,No,No,No internet service,No internet service,No internet service,No internet service,No internet service,No internet service,One year,Yes,Bank transfer (automatic),29.95,2004.2,No
CUST-00731,Male,0,Yes,Yes,13,Yes,No,DSL,No,No,Yes,Yes,No,No,Month-to-month,No,Credit card (automatic),51.43,638.97,Yes
CUST-00732,Male,0,Yes,Yes,30,Yes,Yes,No,No internet service,No internet service,No internet service,No internet service,No internet service,No internet service,Two year,No,Bank transfer (automatic),30.95,946.37,No
CUST-00733,Male,0,No,No,49,Yes,No,No,No internet service,No internet service,No internet service,No internet service,No internet service,No internet service,One year,Yes,Bank transfer (automatic),23.33,1094.26,No
CUST-00734,Female,0,Yes,No,63,Yes,No,DSL,No,No,Yes,No,Yes,Yes,Month-to-month,No,Credit card (automatic),65.76,4100.23,Yes
CUST-00735,Female,0,Yes,No,71,Yes,No,DSL,No,No,No,Yes,No,Yes,Month-to-month,Yes,Credit card (automatic),63.48,4467.18,Yes
CUST-00736,Male,0,Yes,No,35,Yes,No,Fiber optic,No,Yes,No,Yes,No,Yes,Two year,Yes,Bank transfer (automatic),72.26,2565.34,No
CUST-00737,Female,0,Yes,No,11,Yes,Yes,No,No internet service,No internet service,No internet service,No internet service,No internet service,No internet service,Month-to-month,No,Credit card (automatic),36.07,417.11,Yes
CUST-00738,Male,1,Yes,Yes,49,Yes,No,No,No internet service,No internet service,No internet service,No internet service,No internet service,No internet service,Month-to-month,No,Electronic check,20.1,961.51,No
CUST-00739,Male,1,No,Yes,40,Yes,No,DSL,No,Yes,Yes,Yes,No,Yes,Month-to-month,Yes,Bank transfer (automatic),67.4,2760.83,Yes
CUST-00740,Female,0,No,No,21,Yes,No,DSL,No,Yes,Yes,No,No,No,Month-to-month,No,Mailed check,51.04,1047.19,Yes
CUST-00741,Male,1,Yes,No,47,No,No phone service,Fiber optic,No,No,Yes,No,No,No,Month-to-month,No,Credit card (automatic),62.67,2958.9,No
CUST-00742,Female,0,Yes,No,3,Yes,No,DSL,No,No,Yes,No,No,No,Month-to-month,Yes,Credit card (automatic),43.33,150.43,No
CUST-00743,Female,0,No,No,30,No,No phone service,DSL,No,No,No,No,No,Yes,Month-to-month,Yes,Electronic check,53.6,1618.03,Yes
CUST-00744,Male,0,No,Yes,67,Yes,No,Fiber optic,No,Yes,No,No,No,No,Two year,Yes,Bank transfer (automatic),57.97,3824.89,No
CUST-00745,Male,0,Yes,Yes,62,Yes,No,Fiber optic,No,No,Yes,No,Yes,No,Two year,No,Credit card (automatic),71.91,4464.7,No
CUST-00746,Female,0,No,No,37,Yes,Yes,Fiber optic,Yes,Yes,Yes,No,Yes,No,Two year,No,Bank transfer (automatic),79.52,2874.44,No
CUST-00747,Male,0,No,No,22,Yes,No,No,No internet service,No internet service,No internet service,No internet service,No internet service,No internet service,Month-to-month,No,Bank transfer (automatic),26.95,641.02,Yes
CUST-00748,Male,0,Yes,No,31,Yes,No,DSL,Yes,No,Yes,No,No,Yes,Month-to-month,Yes,Credit card (automatic),54.63,1659.92,No
CUST-00749,Male,0,Yes,No,46,Yes,Yes,Fiber optic,Yes,No,Yes,No,No,No,Month-to-month,No,Bank transfer (automatic),69.35,3188.99,Yes
CUST-00750,Female,0,Yes,No,45,Yes,No,Fiber optic,No,No,Yes,No,No,No,One year,Yes,Credit card (automatic),61.81,2788.49,No
CUST-00751,Female,0,No,Yes,14,Yes,No,DSL,Yes,No,Yes,No,No,No,One year,No,Credit card (automatic),45.03,627.82,Yes
CUST-00752,Male,0,No,No,12,Yes,Yes,Fiber optic,No,No,No,No,Yes,No,Month-to-month,Yes,Mailed check,66.36,746.83,No
CUST-00753,Female,0,No,No,63,No,No phone service,No,No internet service,No internet service,No internet service,No internet service,No internet service,No internet service,Month-to-month,Yes,Bank transfer (automatic),25.7,1657.22,No
CUST-00754,Female,0,Yes,No,38,Yes,Yes,Fiber optic,No,No,No,Yes,No,Yes,Two year,Yes,Bank transfer (automatic),76.47,2909.28,No
CUST-00755,Female,0,No,No,47,Yes,No,No,No internet service,No internet service,No internet service,No internet service,No internet service,No internet service,Month-to-month,No,Electronic check,29.63,1383.09,No
CUST-00756,Female,1,No,No,54,Yes,Yes,DSL,No,No,No,No,Yes,Yes,One year,No,Credit card (automatic),70.11,3793.65,No
CUST-00757,Female,0,No,No,55,Yes,No,DSL,No,No,No,Yes,No,No,Month-to-month,Yes,Mailed check,44.29,2474.02,Yes
CUST-00758,Male,0,Yes,Yes,48,Yes,Yes,Fiber optic,No,No,Yes,Yes,Yes,Yes,Two year,No,Credit card (automatic),92.29,4492.27,No
CUST-00759,Male,0,No,Yes,72,Yes,Yes,No,No internet service,No internet service,No internet service,No internet service,No internet service,No internet service,Two year,Yes,Credit card (automatic),32.85,2352.19,No
CUST-00760,Male,0,Yes,No,15,Yes,No,Fiber optic,No,Yes,No,Yes,No,Yes,One year,Yes,Electronic check,69.58,1093.75,Yes
CUST-00761,Female,0,No,No,71,Yes,Yes,Fiber optic,No,No,Yes,No,No,No,Two year,No,Electronic check,67.82,4816.47,No
CUST-00762,Female,0,No,Yes,16,Yes,Yes,Fiber optic,No,No,Yes,No,No,Yes,Month-to-month,No,Electronic check,73.65,1159.84,Yes
CUST-00763,Male,0,Yes,Yes,43,Yes,Yes,DSL,No,Yes,No,No,Yes,No,Month-to-month,Yes,Bank transfer (automatic),63.98,2757.92,Yes
CUST-00764,Female,0,No,No,7,Yes,Yes,Fiber optic,No,No,No,No,No,Yes,Month-to-month,Yes,Bank transfer (automatic),76.16,466.51,Yes
CUST-00765,Male,0,Yes,No,43,Yes,No,DSL,No,No,Yes,Yes,Yes,No,Month-to-month,No,Bank transfer (automatic),57.73,2568.67,No
CUST-00766,Male,0,No,Yes,28,Yes,No,Fiber optic,Yes,No,No,Yes,No,Yes,Two year,No,Electronic check,73.57,2176.98,No
CUST-00767,Male,0,Yes,No,66,Yes,No,Fiber optic,Yes,Yes,Yes,No,No,No,One year,Yes,Mailed check,63.53,4201.42,No
CUST-00768,Female,0,No,No,60,Yes,No,Fiber optic,Yes,No,No,No,No,No,Month-to-month,Yes,Mailed check,63.77,3798.94,No
CUST-00769,Female,0,No,No,3,Yes,Yes,No,No internet service,No internet service,No internet service,No internet service,No internet service,No internet service,Two year,No,Credit card (automatic),35.43,135.74,No
CUST-00770,Male,0,Yes,Yes,1,Yes,Yes,DSL,No,No,No,No,No,No,Month-to-month,Yes,Electronic check,44.63,18.0,Yes
CUST-00771,Male,0,No,No,31,Yes,No,DSL,No,No,Yes,No,Yes,No,One year,No,Mailed check,52.79,1620.88,No
CUST-00772,Male,0,Yes,No,56,Yes,No,Fiber optic,No,Yes,No,No,No,Yes,One year,Yes,Bank transfer (automatic),68.0,3933.92,No
CUST-00773,Male,0,Yes,Yes,46,Yes,No,No,No internet service,No internet service,No internet service,No internet service,No internet service,No internet service,Month-to-month,Yes,Electronic check,26.88,1244.31,No
CUST-00774,Female,0,No,No,32,Yes,Yes,Fiber optic,No,Yes,No,No,No,Yes,Two year,No,Electronic check,71.66,2288.85,No
CUST-00775,Female,1,No,Yes,18,Yes,Yes,No,No internet service,No internet service,No internet service,No internet service,No internet service,No internet service,Month-to-month,Yes,Mailed check,25.45,425.1,No
CUST-00776,Male,0,No,No,68,Yes,No,Fiber optic,No,Yes,No,Yes,No,No,Two year,Yes,Mailed check,60.94,4156.44,Yes
CUST-00777,Male,1,No,No,35,No,No phone service,No,No internet service,No internet service,No internet service,No internet service,No internet service,No internet service,One year,No,Bank transfer (automatic),23.94,760.31,No
CUST-00778,Female,0,No,Yes,23,Yes,No,No,No internet service,No internet service,No internet service,No internet service,No internet service,No internet service,Month-to-month,Yes,Bank transfer (automatic),31.93,809.23,No
CUST-00779,Female,0,No,Yes,13,Yes,Yes,Fiber optic,No,No,No,No,No,Yes,Month-to-month,Yes,Credit card (automatic),72.89,1014.32,Yes
CUST-00780,Male,0,No,No,14,Yes,No,Fiber optic,Yes,Yes,Yes,No,No,Yes,Month-to-month,Yes,Electronic check,78.7,1192.55,Yes
CUST-00781,Male,0,No,Yes,37,Yes,No,Fiber optic,No,Yes,Yes,No,Yes,Yes,Month-to-month,No,Mailed check,87.76,3242.43,Yes
CUST-00782,Male,0,Yes,No,5,Yes,No,No,No internet service,No internet service,No internet service,No internet service,No internet service,No internet service,One year,No,Credit card (automatic),24.78,92.84,No
CUST-00783,Female,0,Yes,No,22,Yes,No,DSL,No,No,Yes,No,No,No,Month-to-month,Yes,Mailed check,43.69,882.48,Yes
CUST-00784,Female,0,No,No,28,Yes,No,No,No internet service,No internet service,No internet service,No internet service,No internet service,No internet service,Month-to-month,Yes,Electronic check,29.24,789.62,No
CUST-00785,Female,0,No,No,4,No,No phone service,Fiber optic,No,No,No,No,No,Yes,Month-to-month,No,Mailed check,71.7,326.59,Yes
CUST-00786,Male,0,No,No,50,Yes,No,Fiber optic,Yes,No,No,Yes,No,No,Month-to-month,No,Bank transfer (automatic),60.82,3042.38,No
CUST-00787,Male,1,Yes,Yes,29,Yes,Yes,DSL,No,Yes,No,Yes,Yes,No,One year,Yes,Mailed check,63.99,1892.75,Yes
CUST-00788,Female,0,No,Yes,37,Yes,Yes,Fiber optic,Yes,No,No,Yes,Yes,Yes,Two year,No,Electronic check,94.52,3505.62,No
CUST-00789,Female,0,Yes,Yes,35,Yes,No,DSL,Yes,No,No,No,No,No,Month-to-month,No,Credit card (automatic),36.35,1284.68,No
CUST-00790,Male,0,No,No,20,Yes,No,No,No internet service,No internet service,No internet service,No internet service,No internet service,No internet service,Month-to-month,Yes,Electronic check,29.76,621.18,Yes
CUST-00791,Female,0,Yes,No,35,No,No phone service,DSL,No,No,No,Yes,No,No,One year,Yes,Mailed check,40.48,1387.86,No
CUST-00792,Female,0,Yes,No,2,Yes,No,Fiber optic,No,No,No,No,No,Yes,Month-to-month,Yes,Mailed check,66.0,29.06,No
CUST-00793,Male,1,No,No,58,Yes,No,Fiber optic,Yes,No,No,No,Yes,No,Month-to-month,No,Mailed check,74.5,4284.59,Yes
CUST-00794,Female,0,No,No,18,Yes,Yes,Fiber optic,No,No,No,No,No,No,One year,Yes,Bank transfer (automatic),67.98,1190.6,Yes
CUST-00795,Male,0,Yes,Yes,56,Yes,No,Fiber optic,Yes,Yes,No,No,No,No,Two year,Yes,Mailed check,62.29,3480.95,No
CUST-00796,Male,0,Yes,Yes,64,Yes,No,Fiber optic,Yes,No,No,Yes,No,No,Two year,Yes,Electronic check,69.78,4478.52,No
CUST-00797,Male,0,Yes,No,52,Yes,No,DSL,No,No,Yes,No,Yes,Yes,Two year,Yes,Mailed check,65.72,3422.57,No
CUST-00798,Male,0,Yes,No,22,Yes,Yes,No,No internet service,No internet service,No internet service,No internet service,No internet service,No internet service,Two year,No,Electronic check,31.39,789.91,No
CUST-00799,Male,0,Yes,No,60,Yes,Yes,DSL,No,Yes,No,No,No,No,Month-to-month,Yes,Bank transfer (automatic),51.03,2996.35,Yes
CUST-00800,Male,1,No,No,10,Yes,Yes,No,No internet service,No internet service,No internet service,No internet service,No internet service,No internet service,One year,Yes,Electronic check,34.63,324.96,No
CUST-00801,Male,0,No,No,6,Yes,Yes,Fiber optic,Yes,No,Yes,Yes,No,No,One year,Yes,Bank transfer (automatic),74.47,483.45,No
CUST-00802,Female,1,Yes,Yes,6,No,No phone service,DSL,Yes,Yes,No,No,Yes,No,One year,No,Mailed check,54.52,282.76,Yes
CUST-00803,Male,0,No,No,28,Yes,Yes,Fiber optic,Yes,No,No,No,Yes,No,Month-to-month,Yes,Credit card (automatic),72.28,1971.42,Yes
CUST-00804,Male,0,Yes,No,42,Yes,No,Fiber optic,No,Yes,No,No,Yes,No,Two year,No,Electronic check,66.7,2824.83,No
CUST-00805,Female,0,Yes,Yes,41,Yes,Yes,Fiber optic,No,Yes,Yes,Yes,Yes,No,Two year,Yes,Electronic check,91.15,3837.55,No
CUST-00806,Female,0,Yes,No,63,Yes,No,DSL,Yes,Yes,Yes,No,No,Yes,Two year,Yes,Electronic check,69.78,4430.25,No
CUST-00807,Female,1,No,No,22,No,No phone service,No,No internet service,No internet service,No internet service,No internet service,No internet service,No internet service,Two year,Yes,Mailed check,27.25,576.37,No
CUST-00808,Male,0,Yes,No,29,Yes,No,Fiber optic,No,Yes,No,Yes,No,No,Month-to-month,Yes,Mailed check,70.22,2024.81,Yes
CUST-00809,Female,0,Yes,Yes,71,Yes,Yes,Fiber optic,Yes,No,No,Yes,No,No,Two year,Yes,Mailed check,60.32,4284.08,No
CUST-00810,Male,0,Yes,Yes,34,Yes,Yes,Fiber optic,No,No,Yes,No,Yes,No,Month-to-month,Yes,Bank transfer (automatic),74.07,2518.73,Yes
CUST-00811,Male,0,Yes,Yes,2,Yes,No,DSL,No,Yes,No,No,No,Yes,Month-to-month,Yes,Bank transfer (automatic),61.1,111.74,Yes
CUST-00812,Male,0,Yes,Yes,26,Yes,No,DSL,No,Yes,No,No,Yes,Yes,Month-to-month,Yes,Mailed check,63.81,1596.78,Yes
CUST-00813,Male,0,No,No,19,Yes,Yes,DSL,Yes,Yes,Yes,No,Yes,No,Month-to-month,No,Bank transfer (automatic),69.65,1235.77,Yes
CUST-00814,Female,0,No,No,20,Yes,Yes,No,No internet service,No internet service,No internet service,No internet service,No internet service,No internet service,Month-to-month,No,Bank transfer (automatic),31.53,614.56,No
CUST-00815,Female,0,No,No,33,Yes,No,DSL,No,Yes,Yes,No,No,Yes,Month-to-month,Yes,Bank transfer (automatic),72.08,2393.62,No
CUST-00816,Male,0,Yes,No,4,Yes,No,Fiber optic,No,Yes,No,No,Yes,No,Two year,Yes,Electronic check,70.5,330.42,No
CUST-00817,Male,0,Yes,Yes,32,Yes,No,DSL,No,No,No,No,No,Yes,Month-to-month,Yes,Mailed check,47.34,1449.92,Yes
CUST-00818,Male,0,Yes,No,19,Yes,No,DSL,No,No,No,No,Yes,No,One year,Yes,Electronic check,43.62,782.5,No
CUST-00819,Female,1,Yes,No,3,Yes,Yes,DSL,No,Yes,Yes,No,Yes,No,Two year,Yes,Credit card (automatic),63.19,172.53,No
CUST-00820,Male,0,No,No,61,Yes,No,No,No internet service,No internet service,No internet service,No internet service,No internet service,No internet service,Month-to-month,Yes,Electronic check,28.22,1751.06,No
CUST-00821,Male,0,Yes,Yes,38,Yes,Yes,DSL,No,No,Yes,Yes,No,Yes,Two year,Yes,Bank transfer (automatic),64.75,2477.58,No
CUST-00822,Female,0,Yes,No,6,Yes,Yes,DSL,Yes,No,Yes,No,No,No,Two year,No,Electronic check,52.45,356.18,No
CUST-00823,Female,0,No,No,56,Yes,No,DSL,No,No,Yes,No,Yes,No,Two year,Yes,Electronic check,51.6,3082.68,No
CUST-00824,Male,0,Yes,No,40,Yes,Yes,Fiber optic,No,No,No,No,No,No,One year,Yes,Credit card (automatic),67.42,2710.22,No
CUST-00825,Female,0,No,Yes,69,Yes,Yes,No,No internet service,No internet service,No internet service,No internet service,No internet service,No internet service,Two year,Yes,Credit card (automatic),27.08,1815.11,No
CUST-00826,Female,0,Yes,No,42,Yes,No,No,No internet service,No internet service,No internet service,No internet service,No internet service,No internet service,One year,No,Electronic check,26.38,1145.35,No
CUST-00827,Male,0,No,No,2,Yes,Yes,DSL,Yes,No,Yes,No,Yes,Yes,Month-to-month,Yes,Mailed check,74.37,150.21,Yes
CUST-00828,Female,1,Yes,Yes,28,Yes,Yes,DSL,No,Yes,No,No,Yes,No,Two year,No,Mailed check,57.6,1619.25,No
CUST-00829,Male,0,No,No,17,Yes,Yes,Fiber optic,No,No,No,Yes,No,Yes,Two year,No,Electronic check,77.21,1283.16,No
CUST-00830,Female,0,Yes,Yes,70,Yes,No,DSL,No,No,Yes,Yes,No,No,Month-to-month,Yes,Credit card (automatic),45.87,3210.94,No
CUST-00831,Male,0,No,No,69,Yes,Yes,No,No internet service,No internet service,No internet service,No internet service,No internet service,No internet service,Month-to-month,Yes,Credit card (automatic),27.53,1887.72,No
CUST-00832,Male,0,Yes,No,39,Yes,No,DSL,No,No,Yes,No,Yes,Yes,Two year,Yes,Mailed check,68.99,2685.12,No
CUST-00833,Male,1,No,Yes,7,Yes,No,Fiber optic,No,Yes,Yes,No,No,Yes,Two year,No,Electronic check,76.53,593.68,No
CUST-00834,Female,0,Yes,No,32,Yes,No,DSL,No,No,No,No,Yes,No,Two year,No,Mailed check,40.63,1219.2,No
CUST-00835,Male,0,Yes,Yes,4,Yes,Yes,No,No internet service,No internet service,No internet service,No internet service,No internet service,No internet service,Month-to-month,No,Electronic check,29.79,124.47,No
CUST-00836,Female,0,No,No,21,Yes,No,DSL,No,No,No,No,Yes,Yes,Two year,Yes,Bank transfer (automatic),54.8,1187.66,No
CUST-00837,Male,0,No,No,32,Yes,No,DSL,Yes,Yes,Yes,No,Yes,No,Month-to-month,No,Credit card (automatic),68.41,2102.3,Yes
CUST-00838,Male,0,Yes,No,14,Yes,No,Fiber optic,No,No,Yes,No,No,No,Two year,Yes,Electronic check,58.17,798.84,No
CUST-00839,Female,0,No,No,70,Yes,Yes,DSL,No,No,No,Yes,Yes,No,One year,No,Bank transfer (automatic),60.79,4217.51,No
CUST-00840,Male,0,Yes,No,46,Yes,Yes,DSL,Yes,No,No,No,Yes,No,Month-to-month,Yes,Electronic check,62.49,2935.04,No
CUST-00841,Male,0,No,No,20,No,No phone service,DSL,No,Yes,No,No,Yes,Yes,Month-to-month,No,Electronic check,69.12,1512.99,Yes
CUST-00842,Female,0,No,No,58,No,No phone service,No,No internet service,No internet service,No internet service,No internet service,No internet service,No internet service,One year,Yes,Mailed check,27.99,1642.2,No
CUST-00843,Male,0,No,Yes,48,No,No phone service,DSL,No,No,No,Yes,No,Yes,One year,Yes,Electronic check,51.42,2478.3,No
CUST-00844,Male,0,No,Yes,7,Yes,Yes,DSL,No,No,No,No,No,No,Two year,No,Electronic check,49.4,307.49,No
CUST-00845,Male,0,No,No,40,Yes,Yes,No,No internet service,No internet service,No internet service,No internet service,No internet service,No internet service,Two year,No,Credit card (automatic),39.71,1570.0,No
CUST-00846,Male,0,Yes,No,59,Yes,Yes,No,No internet service,No internet service,No internet service,No internet service,No internet service,No internet service,Month-to-month,Yes,Electronic check,35.21,1997.25,No
CUST-00847,Female,0,No,No,36,Yes,Yes,Fiber optic,No,No,No,Yes,No,No,Month-to-month,No,Mailed check,64.23,2312.61,No
CUST-00848,Female,0,Yes,Yes,44,Yes,No,Fiber optic,No,No,No,No,No,Yes,Month-to-month,No,Mailed check,68.67,2996.15,Yes
CUST-00849,Male,0,No,No,31,Yes,No,No,No internet service,No internet service,No internet service,No internet service,No internet service,No internet service,Month-to-month,No,Credit card (automatic),20.17,590.25,No
CUST-00850,Female,0,No,No,42,Yes,No,DSL,No,No,No,No,No,Yes,Month-to-month,Yes,Bank transfer (automatic),48.24,1923.71,No
CUST-00851,Male,0,Yes,No,44,Yes,No,Fiber optic,No,Yes,Yes,Yes,No,No,One year,Yes,Mailed check,69.82,3153.88,No
CUST-00852,Female,0,No,No,43,Yes,Yes,DSL,Yes,No,No,No,No,No,One year,Yes,Bank transfer (automatic),46.82,2007.65,No
CUST-00853,Male,1,No,No,43,Yes,Yes,DSL,No,No,Yes,No,No,Yes,One year,No,Credit card (automatic),62.44,2646.15,No
CUST-00854,Male,1,No,No,47,Yes,No,DSL,No,No,No,No,No,No,Two year,No,Electronic check,33.94,1549.02,No
CUST-00855,Male,1,Yes,No,6,No,No phone service,Fiber optic,No,No,Yes,No,Yes,Yes,Month-to-month,Yes,Electronic check,73.95,515.02,Yes
CUST-00856,Male,0,Yes,No,66,Yes,No,No,No internet service,No internet service,No internet service,No internet service,No internet service,No internet service,Two year,No,Credit card (automatic),18.93,1219.15,No
CUST-00857,Male,0,No,Yes,9,Yes,Yes,Fiber optic,No,No,No,No,Yes,No,Month-to-month,No,Electronic check,71.74,655.97,Yes
CUST-00858,Male,0,Yes,No,11,Yes,No,Fiber optic,No,No,No,No,No,No,Month-to-month,Yes,Mailed check,50.62,529.85,Yes
CUST-00859,Female,0,Yes,No,18,No,No phone service,Fiber optic,No,No,Yes,No,No,No,One year,Yes,Credit card (automatic),63.9,1166.59,No
CUST-00860,Male,0,No,No,25,Yes,No,Fiber optic,No,No,No,No,Yes,No,Month-to-month,No,Bank transfer (automatic),63.18,1583.61,Yes
CUST-00861,Female,0,Yes,Yes,58,Yes,No,Fiber optic,Yes,No,No,No,Yes,No,One year,Yes,Electronic check,71.19,4154.48,No
CUST-00862,Male,0,No,Yes,30,Yes,No,Fiber optic,Yes,No,No,Yes,No,No,Month-to-month,No,Electronic check,59.8,1782.38,Yes
CUST-00863,Female,1,No,No,1,Yes,No,DSL,Yes,No,No,Yes,Yes,No,One year,No,Electronic check,67.78,66.44,No
CUST-00864,Female,0,No,No,63,Yes,Yes,Fiber optic,No,No,No,Yes,Yes,No,Two year,No,Electronic check,71.48,4434.11,No
CUST-00865,Female,0,Yes,No,29,Yes,No,DSL,No,No,No,No,Yes,No,Two year,No,Electronic check,50.59,1549.34,No
CUST-00866,Male,0,Yes,No,66,Yes,Yes,Fiber optic,Yes,No,No,No,No,Yes,Month-to-month,Yes,Bank transfer (automatic),75.13,4909.4,Yes
CUST-00867,Male,1,Yes,No,53,Yes,No,No,No internet service,No internet service,No internet service,No internet service,No internet service,No internet service,Two year,No,Electronic check,18.96,1031.45,No
CUST-00868,Female,0,No,Yes,19,Yes,Yes,DSL,No,No,No,No,No,Yes,Month-to-month,Yes,Credit card (automatic),51.38,1025.95,No
CUST-00869,Male,0,Yes,No,66,No,No phone service,DSL,No,Yes,Yes,No,Yes,No,Month-to-month,No,Electronic check,53.35,3483.62,No
CUST-00870,Female,1,No,No,52,Yes,No,No,No internet service,No internet service,No internet service,No internet service,No internet service,No internet service,One year,Yes,Electronic check,27.57,1432.4,No
CUST-00871,Male,0,No,No,31,Yes,No,No,No internet service,No internet service,No internet service,No internet service,No internet service,No internet service,Month-to-month,No,Electronic check,34.27,1121.81,No
CUST-00872,Female,0,No,No,60,Yes,No,DSL,No,No,No,No,No,Yes,Month-to-month,No,Electronic check,52.83,3097.88,No
CUST-00873,Female,0,Yes,No,68,Yes,Yes,DSL,No,No,No,No,Yes,No,Month-to-month,Yes,Credit card (automatic),56.89,3843.17,Yes
CUST-00874,Male,0,Yes,No,30,Yes,No,DSL,No,No,No,Yes,No,No,Month-to-month,No,Electronic check,41.94,1242.49,Yes
CUST-00875,Female,0,No,No,13,Yes,Yes,Fiber optic,No,No,No,No,Yes,No,One year,No,Bank transfer (automatic),68.17,944.52,No
CUST-00876,Male,0,Yes,No,15,No,No phone service,No,No internet service,No internet service,No internet service,No internet service,No internet service,No internet service,Two year,Yes,Bank transfer (automatic),31.44,488.23,No
CUST-00877,Female,1,Yes,No,20,Yes,Yes,DSL,No,No,No,No,Yes,No,Two year,Yes,Mailed check,51.33,1039.84,No
CUST-00878,Female,1,Yes,Yes,34,No,No phone service,Fiber optic,No,No,No,Yes,No,No,Month-to-month,Yes,Mailed check,60.4,1989.81,No
CUST-00879,Male,0,No,No,20,Yes,Yes,No,No internet service,No internet service,No internet service,No internet service,No internet service,No internet service,Month-to-month,Yes,Electronic check,27.32,556.72,Yes
CUST-00880,Male,0,No,Yes,50,Yes,No,Fiber optic,No,No,No,No,No,No,Month-to-month,Yes,Bank transfer (automatic),50.78,2479.49,No
CUST-00881,Male,0,No,Yes,27,Yes,No,DSL,No,No,No,No,Yes,Yes,Month-to-month,Yes,Mailed check,61.54,1632.11,Yes
CUST-00882,Female,0,No,Yes,30,Yes,No,No,No internet service,No internet service,No internet service,No internet service,No internet service,No internet service,Month-to-month,Yes,Mailed check,22.87,713.33,No
CUST-00883,Male,0,Yes,No,56,Yes,No,Fiber optic,Yes,Yes,Yes,No,No,Yes,Two year,Yes,Electronic check,84.06,4630.37,No
CUST-00884,Female,0,No,No,65,Yes,No,DSL,No,Yes,No,No,No,No,Month-to-month,Yes,Bank transfer (automatic),50.68,3255.35,No
CUST-00885,Female,0,Yes,No,55,Yes,Yes,Fiber optic,No,No,No,No,No,No,Month-to-month,Yes,Mailed check,64.5,3508.36,Yes
CUST-00886,Male,0,No,Yes,24,Yes,Yes,No,No internet service,No internet service,No internet service,No internet service,No internet service,No internet service,Month-to-month,No,Electronic check,28.93,758.8,Yes
CUST-00887,Male,1,Yes,Yes,25,Yes,No,DSL,No,Yes,No,No,No,No,Two year,No,Mailed check,46.19,1091.88,No
CUST-00888,Female,0,Yes,No,53,Yes,No,DSL,No,Yes,No,Yes,No,No,Two year,Yes,Electronic check,44.32,2424.56,No
CUST-00889,Female,0,No,Yes,11,Yes,Yes,DSL,Yes,No,No,No,No,Yes,Two year,Yes,Electronic check,59.62,622.84,No
CUST-00890,Male,0,Yes,No,60,No,No phone service,No,No internet service,No internet service,No internet service,No internet service,No internet service,No internet service,One year,Yes,Credit card (automatic),27.75,1734.28,No
CUST-00891,Male,0,No,No,47,Yes,No,DSL,No,Yes,No,No,Yes,No,One year,Yes,Credit card (automatic),51.71,2414.89,No
CUST-00892,Male,0,Yes,No,25,Yes,No,DSL,No,No,No,Yes,No,No,Month-to-month,Yes,Credit card (automatic),47.81,1261.45,No
CUST-00893,Male,0,Yes,No,25,Yes,No,DSL,No,No,No,No,No,No,One year,Yes,Credit card (automatic),36.05,893.03,No
CUST-00894,Male,0,Yes,Yes,17,No,No phone service,No,No internet service,No internet service,No internet service,No internet service,No internet service,No internet service,Two year,No,Credit card (automatic),20.12,365.1,No
CUST-00895,Female,0,No,No,12,Yes,No,DSL,No,No,Yes,No,No,Yes,Two year,No,Mailed check,57.39,717.63,No
CUST-00896,Female,0,Yes,No,52,Yes,Yes,Fiber optic,No,No,No,No,No,Yes,Two year,No,Bank transfer (automatic),74.07,3959.2,No
CUST-00897,Female,0,No,No,11,Yes,No,DSL,No,No,Yes,Yes,Yes,No,Month-to-month,Yes,Electronic check,68.13,776.22,Yes
CUST-00898,Female,0,Yes,Yes,10,Yes,Yes,No,No internet service,No internet service,No internet service,No internet service,No internet service,No internet service,Month-to-month,Yes,Mailed check,37.61,346.81,No
CUST-00899,Male,1,Yes,No,60,Yes,No,Fiber optic,No,No,No,No,Yes,Yes,Month-to-month,No,Bank transfer (automatic),76.04,4555.9,Yes
CUST-00900,Male,0,Yes,No,54,Yes,Yes,DSL,No,Yes,No,No,No,Yes,One year,No,Electronic check,65.13,3489.52,No
CUST-00901,Male,1,No,Yes,63,Yes,Yes,DSL,No,No,No,No,Yes,No,Month-to-month,Yes,Credit card (automatic),55.84,3557.65,No
CUST-00902,Female,0,No,No,20,Yes,Yes,DSL,No,No,No,No,No,No,Two year,No,Electronic check,35.18,697.78,No
CUST-00903,Female,1,Yes,Yes,5,Yes,No,Fiber optic,No,No,No,No,Yes,Yes,Two year,No,Credit card (automatic),76.39,364.46,No
CUST-00904,Male,0,No,No,41,Yes,No,No,No internet service,No internet service,No internet service,No internet service,No internet service,No internet service,Month-to-month,No,Bank transfer (automatic),25.28,1006.32,No
CUST-00905,Male,0,No,No,63,No,No phone service,DSL,No,No,Yes,Yes,No,Yes,One year,Yes,Credit card (automatic),63.32,3907.88,No
CUST-00906,Female,0,Yes,No,56,Yes,No,Fiber optic,Yes,No,Yes,Yes,No,No,One year,No,Electronic check,71.86,4082.87,No
CUST-00907,Female,0,No,No,32,Yes,Yes,DSL,No,No,No,Yes,No,Yes,Two year,Yes,Bank transfer (automatic),62.04,1939.56,No
CUST-00908,Male,0,Yes,No,27,Yes,Yes,Fiber optic,Yes,Yes,Yes,Yes,Yes,Yes,Month-to-month,No,Electronic check,99.45,2688.87,Yes
CUST-00909,Male,0,No,No,68,Yes,Yes,DSL,Yes,No,No,No,Yes,No,Month-to-month,Yes,Electronic check,65.12,4542.29,Yes
CUST-00910,Female,0,No,No,48,Yes,No,DSL,No,No,No,No,No,Yes,One year,No,Electronic check,52.07,2468.66,No
CUST-00911,Male,0,Yes,Yes,7,Yes,No,DSL,Yes,No,Yes,No,Yes,Yes,Month-to-month,Yes,Credit card (automatic),70.6,483.89,Yes
CUST-00912,Male,0,Yes,No,46,Yes,No,Fiber optic,Yes,No,No,Yes,Yes,No,Month-to-month,Yes,Credit card (automatic),75.39,3400.92,No
CUST-00913,Male,0,No,No,18,No,No phone service,DSL,Yes,Yes,Yes,No,No,No,Month-to-month,Yes,Electronic check,54.97,1028.3,Yes
CUST-00914,Female,0,No,No,38,Yes,No,No,No internet service,No internet service,No internet service,No internet service,No internet service,No internet service,Two year,Yes,Electronic check,23.63,938.31,No
CUST-00915,Female,0,No,No,65,Yes,No,No,No internet service,No internet service,No internet service,No internet service,No internet service,No internet service,One year,Yes,Credit card (automatic),24.37,1542.85,No
CUST-00916,Female,0,Yes,No,17,Yes,No,No,No internet service,No internet service,No internet service,No internet service,No internet service,No internet service,One year,No,Mailed check,20.47,401.02,No
CUST-00917,Female,1,Yes,No,38,Yes,No,No,No internet service,No internet service,No internet service,No internet service,No internet service,No internet service,Month-to-month,No,Electronic check,24.41,884.03,Yes
CUST-00918,Female,0,Yes,No,63,No,No phone service,No,No internet service,No internet service,No internet service,No internet service,No internet service,No internet service,One year,Yes,Bank transfer (automatic),22.93,1412.12,No
CUST-00919,Female,0,Yes,No,42,Yes,Yes,DSL,No,No,No,No,No,No,Month-to-month,No,Mailed check,46.7,1984.96,Yes
CUST-00920,Female,1,No,No,8,Yes,No,DSL,Yes,No,Yes,No,No,No,Month-to-month,Yes,Bank transfer (automatic),46.35,400.25,Yes
CUST-00921,Male,0,No,No,30,Yes,Yes,Fiber optic,No,No,No,No,No,No,One year,No,Electronic check,55.47,1578.14,Yes
CUST-00922,Male,0,No,Yes,64,Yes,Yes,Fiber optic,No,No,Yes,No,Yes,No,Two year,Yes,Mailed check,71.51,4581.01,No
CUST-00923,Male,0,Yes,Yes,9,Yes,Yes,No,No internet service,No internet service,No internet service,No internet service,No internet service,No internet service,One year,No,Credit card (automatic),26.15,233.61,No
CUST-00924,Male,0,No,No,57,Yes,No,DSL,No,No,Yes,No,Yes,No,Month-to-month,No,Credit card (automatic),57.42,3228.59,No
CUST-00925,Male,0,No,Yes,59,Yes,No,Fiber optic,No,No,No,Yes,No,No,One year,Yes,Credit card (automatic),59.91,3537.01,No
CUST-00926,Male,0,No,No,67,Yes,Yes,Fiber optic,No,No,No,Yes,Yes,Yes,Two year,Yes,Electronic check,77.05,5136.36,No
CUST-00927,Male,0,No,No,5,Yes,No,No,No internet service,No internet service,No internet service,No internet service,No internet service,No internet service,Month-to-month,No,Credit card (automatic),26.7,158.55,Yes
CUST-00928,Female,0,No,Yes,4,Yes,No,Fiber optic,Yes,Yes,No,No,No,No,Two year,Yes,Electronic check,65.81,301.24,No
CUST-00929,Female,0,No,No,8,Yes,Yes,DSL,No,Yes,No,Yes,No,No,One year,Yes,Credit card (automatic),54.35,504.11,No
CUST-00930,Male,0,Yes,No,42,Yes,No,DSL,Yes,No,No,No,No,No,Two year,No,Electronic check,38.19,1687.06,No
CUST-00931,Male,0,Yes,No,35,Yes,No,No,No internet service,No internet service,No internet service,No internet service,No internet service,No internet service,One year,Yes,Electronic check,22.33,816.08,No
CUST-00932,Female,0,No,Yes,13,Yes,Yes,No,No internet service,No internet service,No internet service,No internet service,No internet service,No internet service,One year,No,Bank transfer (automatic),24.73,339.42,No
CUST-00933,Male,0,No,No,5,Yes,Yes,No,No internet service,No internet service,No internet service,No internet service,No internet service,No internet service,One year,Yes,Bank transfer (automatic),28.75,175.91,No
CUST-00934,Male,0,Yes,No,40,Yes,Yes,Fiber optic,No,No,No,No,Yes,No,Two year,Yes,Credit card (automatic),63.95,2525.3,No
CUST-00935,Female,1,Yes,Yes,19,Yes,No,DSL,Yes,Yes,No,No,No,Yes,Two year,No,Electronic check,60.4,1191.8,No
CUST-00936,Male,1,No,No,4,Yes,No,Fiber optic,No,No,No,Yes,No,No,One year,Yes,Mailed check,64.02,236.05,Yes
CUST-00937,Female,0,No,No,59,Yes,No,No,No internet service,No internet service,No internet service,No internet service,No internet service,No internet service,Month-to-month,Yes,Bank transfer (automatic),19.05,1143.93,No
CUST-00938,Male,0,Yes,Yes,18,Yes,No,DSL,No,No,No,No,No,No,Month-to-month,Yes,Credit card (automatic),48.12,866.26,Yes
CUST-00939,Female,0,No,No,24,Yes,Yes,Fiber optic,Yes,No,No,Yes,Yes,Yes,Month-to-month,Yes,Bank transfer (automatic),91.72,2177.29,Yes
CUST-00940,Female,0,No,No,31,Yes,Yes,Fiber optic,No,No,No,No,No,No,Two year,No,Credit card (automatic),51.94,1521.63,No
CUST-00941,Female,0,Yes,Yes,58,No,No phone service,Fiber optic,Yes,Yes,Yes,No,No,No,Two year,Yes,Mailed check,71.01,4082.66,No
CUST-00942,Male,0,Yes,Yes,28,Yes,Yes,Fiber optic,No,No,No,No,No,No,Month-to-month,Yes,Credit card (automatic),65.74,1825.77,Yes
CUST-00943,Female,0,No,Yes,9,Yes,Yes,Fiber optic,No,Yes,No,No,No,No,Month-to-month,No,Credit card (automatic),61.66,494.98,Yes
CUST-00944,Male,0,No,Yes,45,Yes,Yes,DSL,No,No,No,Yes,No,No,Month-to-month,No,Electronic check,54.41,2486.36,No
CUST-00945,Male,1,No,No,49,Yes,No,DSL,No,No,No,No,Yes,No,One year,No,Mailed check,48.29,2391.41,No
CUST-00946,Male,0,No,Yes,2,Yes,Yes,No,No internet service,No internet service,No internet service,No internet service,No internet service,No internet service,Month-to-month,Yes,Electronic check,25.14,33.47,No
CUST-00947,Male,0,Yes,No,6,Yes,No,No,No internet service,No internet service,No internet service,No internet service,No internet service,No internet service,Two year,Yes,Electronic check,26.4,153.1,No
CUST-00948,Female,0,No,No,29,Yes,Yes,DSL,No,No,No,No,Yes,No,Month-to-month,No,Credit card (automatic),55.19,1575.88,No
CUST-00949,Female,0,Yes,No,26,Yes,No,DSL,No,Yes,No,Yes,No,No,Month-to-month,Yes,Credit card (automatic),49.61,1261.32,Yes
CUST-00950,Male,0,Yes,Yes,28,Yes,No,Fiber optic,No,Yes,Yes,No,No,No,Month-to-month,No,Mailed check,64.96,1804.74,No
CUST-00951,Male,0,Yes,No,7,Yes,Yes,Fiber optic,No,Yes,No,No,Yes,No,One year,No,Mailed check,77.22,558.34,Yes
CUST-00952,Female,0,Yes,Yes,34,Yes,Yes,DSL,No,Yes,Yes,No,No,No,Month-to-month,No,Mailed check,62.78,2133.57,Yes
CUST-00953,Male,0,No,No,56,Yes,No,Fiber optic,No,No,No,Yes,No,No,One year,No,Bank transfer (automatic),59.39,3294.52,Yes
CUST-00954,Female,0,No,No,10,Yes,No,Fiber optic,Yes,No,No,No,No,Yes,Two year,Yes,Credit card (automatic),67.22,720.62,Yes
CUST-00955,Male,0,No,No,57,Yes,Yes,DSL,No,No,No,No,Yes,No,One year,Yes,Credit card (automatic),54.47,3087.32,No
CUST-00956,Male,0,Yes,No,47,Yes,No,No,No internet service,No internet service,No internet service,No internet service,No internet service,No internet service,Two year,No,Electronic check,32.46,1542.32,No
CUST-00957,Female,1,No,No,27,Yes,Yes,DSL,No,No,Yes,Yes,Yes,Yes,Month-to-month,No,Credit card (automatic),79.82,2177.71,Yes
CUST-00958,Male,0,No,No,39,Yes,Yes,DSL,No,No,No,No,No,Yes,One year,No,Mailed check,49.21,1907.8,No
CUST-00959,Female,0,No,No,22,Yes,Yes,Fiber optic,No,Yes,No,Yes,Yes,Yes,One year,Yes,Credit card (automatic),88.04,1886.79,No
CUST-00960,Male,0,No,No,19,No,No phone service,Fiber optic,No,No,No,No,Yes,Yes,Month-to-month,Yes,Credit card (automatic),73.33,1371.37,Yes
CUST-00961,Male,0,Yes,No,9,Yes,No,No,No internet service,No internet service,No internet service,No internet service,No internet service,No internet service,Two year,Yes,Mailed check,24.07,199.36,Yes
CUST-00962,Male,0,Yes,No,19,Yes,No,DSL,No,Yes,No,No,Yes,Yes,Two year,Yes,Electronic check,62.01,1131.58,No
CUST-00963,Female,0,Yes,No,2,Yes,No,DSL,No,No,No,No,Yes,Yes,Month-to-month,Yes,Mailed check,58.46,152.1,No
CUST-00964,Male,0,No,No,61,Yes,Yes,DSL,Yes,No,No,No,No,Yes,Month-to-month,Yes,Electronic check,58.07,3574.91,Yes
CUST-00965,Male,0,No,No,59,Yes,No,DSL,No,No,Yes,No,Yes,Yes,Month-to-month,No,Mailed check,63.33,3781.6,No
CUST-00966,Male,0,Yes,No,70,Yes,No,Fiber optic,No,Yes,No,No,Yes,Yes,Month-to-month,Yes,Credit card (automatic),80.13,5574.12,Yes
CUST-00967,Male,0,Yes,Yes,71,Yes,Yes,Fiber optic,Yes,Yes,No,Yes,Yes,Yes,Month-to-month,No,Credit card (automatic),91.25,6447.45,No
CUST-00968,Female,0,Yes,Yes,70,Yes,No,Fiber optic,Yes,Yes,No,No,No,No,Two year,No,Mailed check,67.9,4757.21,No
CUST-00969,Female,0,No,No,33,Yes,No,No,No internet service,No internet service,No internet service,No internet service,No internet service,No internet service,One year,Yes,Bank transfer (automatic),24.05,716.23,No
CUST-00970,Male,0,Yes,No,65,Yes,No,Fiber optic,No,No,No,No,No,No,Month-to-month,No,Bank transfer (automatic),49.26,3222.48,No
CUST-00971,Female,0,Yes,No,25,Yes,Yes,Fiber optic,No,Yes,No,Yes,No,No,Two year,No,Bank transfer (automatic),63.04,1541.13,No
CUST-00972,Male,0,Yes,No,70,Yes,No,DSL,No,No,No,No,No,No,Month-to-month,Yes,Bank transfer (automatic),38.98,2759.4,No
CUST-00973,Male,0,No,No,28,Yes,Yes,Fiber optic,No,No,Yes,No,Yes,Yes,Month-to-month,Yes,Credit card (automatic),82.28,2335.52,Yes
CUST-00974,Male,0,No,No,18,Yes,Yes,Fiber optic,Yes,No,No,No,No,No,One year,No,Electronic check,62.84,1169.43,Yes
CUST-00975,Female,0,No,Yes,63,Yes,No,Fiber optic,No,No,Yes,Yes,No,No,Two year,Yes,Electronic check,65.27,4193.74,No
CUST-00976,Female,0,Yes,No,49,Yes,Yes,Fiber optic,Yes,No,No,No,No,No,Two year,Yes,Electronic check,69.61,3366.12,No
CUST-00977,Female,0,Yes,Yes,66,Yes,Yes,DSL,Yes,Yes,No,No,Yes,No,Two year,Yes,Bank transfer (automatic),64.65,4297.15,No
CUST-00978,Female,1,Yes,No,40,Yes,No,DSL,No,No,No,No,No,No,Month-to-month,No,Mailed check,42.48,1648.17,Yes
CUST-00979,Female,0,Yes,Yes,66,Yes,Yes,No,No internet service,No internet service,No internet service,No internet service,No internet service,No internet service,Month-to-month,No,Bank transfer (automatic),32.04,2110.66,No
CUST-00980,Female,0,Yes,No,4,Yes,Yes,No,No internet service,No internet service,No internet service,No internet service,No internet service,No internet service,One year,No,Mailed check,30.13,56.56,No
CUST-00981,Female,0,Yes,No,34,Yes,No,No,No internet service,No internet service,No internet service,No internet service,No internet service,No internet service,Two year,No,Bank transfer (automatic),25.48,906.25,No
CUST-00982,Female,0,No,Yes,5,Yes,Yes,No,No internet service,No internet service,No internet service,No internet service,No internet service,No internet service,One year,No,Electronic check,28.46,102.29,No
CUST-00983,Female,0,Yes,No,22,Yes,No,DSL,No,No,Yes,No,Yes,Yes,Month-to-month,Yes,Mailed check,61.51,1379.74,Yes
CUST-00984,Male,1,Yes,No,20,No,No phone service,Fiber optic,No,Yes,No,Yes,No,No,Two year,Yes,Bank transfer (automatic),67.11,1381.16,No
CUST-00985,Female,0,No,Yes,47,Yes,No,No,No internet service,No internet service,No internet service,No internet service,No internet service,No internet service,Two year,Yes,Electronic check,21.6,1009.54,No
CUST-00986,Female,0,No,No,34,Yes,Yes,No,No internet service,No internet service,No internet service,No internet service,No internet service,No internet service,Month-to-month,Yes,Electronic check,21.19,733.32,No
CUST-00987,Female,0,No,No,44,Yes,Yes,DSL,No,No,Yes,No,No,No,Month-to-month,Yes,Electronic check,52.15,2371.09,No
CUST-00988,Female,0,No,No,6,Yes,Yes,Fiber optic,No,No,No,No,Yes,No,Two year,Yes,Bank transfer (automatic),71.78,486.08,Yes
CUST-00989,Female,0,Yes,Yes,56,Yes,Yes,DSL,No,Yes,No,Yes,Yes,Yes,One year,No,Mailed check,78.65,4462.22,No
CUST-00990,Female,0,No,Yes,29,Yes,No,No,No internet service,No internet service,No internet service,No internet service,No internet service,No internet service,Month-to-month,Yes,Electronic check,23.58,736.13,No
CUST-00991,Female,0,No,No,53,Yes,No,Fiber optic,Yes,No,No,No,No,No,Month-to-month,No,Bank transfer (automatic),65.44,3502.94,No
CUST-00992,Female,0,Yes,Yes,1,Yes,No,Fiber optic,No,No,No,No,No,No,One year,Yes,Electronic check,57.49,81.56,Yes
CUST-00993,Female,0,Yes,Yes,59,Yes,Yes,Fiber optic,No,No,No,No,Yes,No,One year,No,Mailed check,67.5,3939.25,No
CUST-00994,Female,0,No,No,48,Yes,Yes,Fiber optic,No,No,No,No,No,No,Month-to-month,Yes,Electronic check,63.65,3025.37,Yes
CUST-00995,Female,0,Yes,No,7,Yes,Yes,DSL,Yes,No,No,Yes,No,No,Two year,No,Bank transfer (automatic),50.33,387.33,No
CUST-00996,Male,0,Yes,No,32,Yes,Yes,Fiber optic,No,Yes,No,No,No,No,Month-to-month,Yes,Electronic check,66.83,2167.74,Yes
CUST-00997,Male,0,Yes,No,61,Yes,Yes,No,No internet service,No internet service,No internet service,No internet service,No internet service,No internet service,Month-to-month,Yes,Credit card (automatic),34.02,2152.83,No
CUST-00998,Female,0,Yes,No,57,Yes,Yes,DSL,No,No,No,Yes,Yes,Yes,Month-to-month,Yes,Bank transfer (automatic),65.41,3718.97,No
CUST-00999,Female,0,Yes,No,51,Yes,Yes,DSL,Yes,No,No,No,No,No,Month-to-month,Yes,Electronic check,50.49,2541.92,Yes
CUST-01000,Male,0,Yes,Yes,19,No,No phone service,No,No internet service,No internet service,No internet service,No internet service,No internet service,No internet service,One year,No,Mailed check,21.9,354.42,No
CUST-01001,Female,0,Yes,No,27,No,No phone service,Fiber optic,No,No,No,Yes,Yes,No,Month-to-month,Yes,Electronic check,67.93,1857.69,Yes
CUST-01002,Male,0,Yes,No,63,No,No phone service,No,No internet service,No internet service,No internet service,No internet service,No internet service,No internet service,Month-to-month,Yes,Bank transfer (automatic),23.0,1485.22,No
CUST-01003,Male,0,No,No,60,Yes,Yes,DSL,No,No,Yes,No,Yes,No,One year,Yes,Bank transfer (automatic),53.11,3186.01,No
CUST-01004,Male,0,Yes,No,61,Yes,No,No,No internet service,No internet service,No internet service,No internet service,No internet service,No internet service,Month-to-month,Yes,Electronic check,27.06,1614.59,No
CUST-01005,Male,0,No,No,61,Yes,No,No,No internet service,No internet service,No internet service,No internet service,No internet service,No internet service,Month-to-month,No,Bank transfer (automatic),26.0,1566.91,Yes
CUST-01006,Male,0,No,Yes,45,Yes,Yes,DSL,No,No,No,No,Yes,No,Month-to-month,Yes,Credit card (automatic),53.02,2397.29,No
CUST-01007,Female,0,No,Yes,21,Yes,No,Fiber optic,No,No,No,No,Yes,No,One year,Yes,Credit card (automatic),67.58,1453.05,No
CUST-01008,Male,0,No,No,44,Yes,No,DSL,Yes,Yes,Yes,No,Yes,No,Month-to-month,No,Electronic check,70.11,3087.83,Yes
CUST-01009,Female,0,Yes,No,1,Yes,No,Fiber optic,No,No,No,No,No,Yes,Month-to-month,Yes,Mailed check,63.48,18.0,Yes
CUST-01010,Female,0,Yes,Yes,44,Yes,No,Fiber optic,No,Yes,No,Yes,Yes,No,One year,No,Electronic check,76.19,3347.68,No
CUST-01011,Male,0,No,No,62,Yes,No,No,No internet service,No internet service,No internet service,No internet service,No internet service,No internet service,Month-to-month,No,Bank transfer (automatic),27.76,1691.21,No
CUST-01012,Male,0,Yes,No,61,Yes,Yes,DSL,No,Yes,No,Yes,No,No,Month-to-month,Yes,Credit card (automatic),57.66,3562.01,No
CUST-01013,Female,0,No,No,50,Yes,No,DSL,Yes,Yes,No,No,Yes,No,Month-to-month,Yes,Bank transfer (automatic),63.03,3208.07,No
CUST-01014,Male,0,No,No,41,Yes,No,DSL,No,No,No,No,Yes,No,Month-to-month,No,Credit card (automatic),52.09,2130.06,No
CUST-01015,Male,0,Yes,Yes,33,Yes,Yes,Fiber optic,No,Yes,No,No,No,No,Two year,Yes,Electronic check,65.77,2145.61,No
CUST-01016,Female,0,No,No,12,Yes,No,No,No internet service,No internet service,No internet service,No internet service,No internet service,No internet service,One year,Yes,Electronic check,23.51,304.4,No
CUST-01017,Female,0,No,No,2,Yes,No,Fiber optic,No,No,No,Yes,No,Yes,One year,No,Credit card (automatic),73.22,52.55,Yes
CUST-01018,Male,0,Yes,Yes,21,No,No phone service,DSL,No,No,Yes,No,Yes,No,Two year,No,Mailed check,52.79,1147.63,Yes
CUST-01019,Female,0,Yes,No,14,Yes,No,DSL,No,No,Yes,Yes,No,Yes,Month-to-month,No,Bank transfer (automatic),61.88,798.33,No
CUST-01020,Male,0,No,No,34,Yes,No,DSL,Yes,No,No,Yes,No,No,Month-to-month,Yes,Credit card (automatic),49.79,1663.17,No
CUST-01021,Male,0,No,Yes,64,Yes,No,Fiber optic,No,No,No,Yes,Yes,Yes,One year,Yes,Bank transfer (automatic),79.26,5096.88,No
CUST-01022,Male,0,Yes,No,23,Yes,No,DSL,No,Yes,No,Yes,No,No,One year,No,Bank transfer (automatic),48.47,1075.21,Yes
CUST-01023,Female,0,Yes,Yes,50,Yes,No,No,No internet service,No internet service,No internet service,No internet service,No internet service,No internet service,Two year,Yes,Mailed check,26.14,1294.26,No
CUST-01024,Female,0,No,No,14,Yes,No,DSL,Yes,Yes,Yes,Yes,No,Yes,Month-to-month,Yes,Credit card (automatic),72.23,1016.78,No
CUST-01025,Female,0,No,No,46,Yes,No,No,No internet service,No internet service,No internet service,No internet service,No internet service,No internet service,One year,Yes,Bank transfer (automatic),27.96,1336.4,No
CUST-01026,Female,0,No,No,5,Yes,No,DSL,No,No,Yes,Yes,No,No,One year,Yes,Bank transfer (automatic),41.82,208.59,Yes
CUST-01027,Female,1,No,No,66,Yes,No,No,No internet service,No internet service,No internet service,No internet service,No internet service,No internet service,Month-to-month,No,Electronic check,28.33,1863.26,No
CUST-01028,Male,0,Yes,No,22,Yes,Yes,No,No internet service,No internet service,No internet service,No internet service,No internet service,No internet service,Month-to-month,Yes,Mailed check,30.11,484.28,No
CUST-01029,Male,0,Yes,No,70,No,No phone service,No,No internet service,No internet service,No internet service,No internet service,No internet service,No internet service,Month-to-month,Yes,Credit card (automatic),18.0,1282.66,No
CUST-01030,Male,0,No,No,2,Yes,No,No,No internet service,No internet service,No internet service,No internet service,No internet service,No internet service,Two year,No,Mailed check,18.0,111.03,No
CUST-01031,Male,0,No,No,29,Yes,No,DSL,No,No,No,No,Yes,Yes,Month-to-month,No,Credit card (automatic),63.49,1884.53,Yes
CUST-01032,Female,0,Yes,No,61,Yes,Yes,DSL,Yes,No,Yes,Yes,No,No,One year,Yes,Credit card (automatic),59.71,3656.7,No
CUST-01033,Male,0,Yes,No,71,Yes,No,Fiber optic,No,No,No,No,No,No,Month-to-month,No,Bank transfer (automatic),56.45,4012.42,Yes
CUST-01034,Female,0,No,Yes,16,No,No phone service,No,No internet service,No internet service,No internet service,No internet service,No internet service,No internet service,Month-to-month,Yes,Electronic check,23.58,377.39,Yes
CUST-01035,Male,0,Yes,Yes,64,Yes,Yes,DSL,Yes,No,Yes,No,No,Yes,Two year,Yes,Electronic check,71.64,4539.46,No
CUST-01036,Female,1,No,No,14,Yes,No,No,No internet service,No internet service,No internet service,No internet service,No internet service,No internet service,Month-to-month,No,Mailed check,22.8,262.37,Yes
CUST-01037,Female,0,Yes,No,43,No,No phone service,Fiber optic,No,Yes,No,No,No,No,Month-to-month,No,Electronic check,61.53,2636.92,Yes
CUST-01038,Male,0,Yes,No,43,Yes,Yes,DSL,Yes,No,Yes,No,No,Yes,Month-to-month,Yes,Mailed check,66.32,2749.49,No
CUST-01039,Male,0,Yes,Yes,70,Yes,No,DSL,No,Yes,Yes,No,Yes,No,Month-to-month,No,Bank transfer (automatic),61.73,4330.14,No
CUST-01040,Male,0,No,No,55,Yes,No,DSL,No,No,No,Yes,No,No,Month-to-month,No,Mailed check,46.36,2532.67,No
CUST-01041,Male,0,No,Yes,31,Yes,No,DSL,No,Yes,No,No,No,Yes,Two year,Yes,Electronic check,57.06,1664.25,No
CUST-01042,Female,0,No,No,40,No,No phone service,Fiber optic,No,No,Yes,No,No,No,Month-to-month,Yes,Credit card (automatic),65.4,2538.19,Yes
CUST-01043,Male,0,No,No,27,Yes,Yes,DSL,No,Yes,No,No,Yes,Yes,One year,Yes,Mailed check,62.77,1731.3,No
CUST-01044,Male,0,Yes,Yes,52,Yes,Yes,Fiber optic,No,No,No,No,No,Yes,Month-to-month,No,Electronic check,62.17,3280.55,Yes
CUST-01045,Female,0,Yes,No,7,Yes,Yes,Fiber optic,Yes,No,No,No,Yes,Yes,Two year,Yes,Electronic check,87.08,669.19,Yes
CUST-01046,Male,0,No,No,46,Yes,Yes,No,No internet service,No internet service,No internet service,No internet service,No internet service,No internet service,Month-to-month,No,Mailed check,32.72,1446.81,No
CUST-01047,Male,1,No,Yes,33,Yes,Yes,Fiber optic,No,No,Yes,Yes,No,No,Month-to-month,No,Bank transfer (automatic),71.56,2354.32,No
CUST-01048,Male,0,No,No,8,Yes,Yes,Fiber optic,Yes,No,No,No,Yes,Yes,One year,No,Mailed check,81.41,667.11,Yes
CUST-01049,Male,0,No,No,5,Yes,No,No,No internet service,No internet service,No internet service,No internet service,No internet service,No internet service,Month-to-month,No,Bank transfer (automatic),28.27,201.57,No
CUST-01050,Male,0,Yes,Yes,61,Yes,Yes,DSL,No,Yes,Yes,No,No,No,One year,Yes,Credit card (automatic),55.6,3428.27,No
CUST-01051,Female,0,Yes,No,72,Yes,No,DSL,No,Yes,Yes,No,No,Yes,Two year,No,Mailed check,54.65,3872.01,No
CUST-01052,Male,1,No,Yes,60,Yes,Yes,No,No internet service,No internet service,No internet service,No internet service,No internet service,No internet service,Month-to-month,No,Electronic check,28.84,1733.22,No
CUST-01053,Male,0,Yes,No,24,Yes,Yes,DSL,No,No,Yes,No,No,Yes,Two year,Yes,Mailed check,61.35,1463.3,No
CUST-01054,Male,0,Yes,No,7,Yes,No,DSL,No,No,No,No,No,Yes,Month-to-month,Yes,Bank transfer (automatic),48.29,356.31,Yes
CUST-01055,Male,0,No,No,61,Yes,Yes,Fiber optic,Yes,No,No,Yes,Yes,No,Month-to-month,Yes,Electronic check,83.07,5081.69,No
CUST-01056,Male,1,Yes,Yes,36,Yes,Yes,Fiber optic,No,Yes,No,No,No,Yes,Month-to-month,Yes,Electronic check,77.23,2831.8,Yes
CUST-01057,Female,0,No,Yes,27,No,No phone service,Fiber optic,No,No,No,No,No,No,Two year,Yes,Mailed check,53.45,1514.34,No
CUST-01058,Male,0,Yes,No,29,Yes,No,DSL,Yes,No,No,No,Yes,Yes,Month-to-month,Yes,Bank transfer (automatic),64.09,1768.11,Yes
CUST-01059,Female,0,No,No,20,Yes,No,Fiber optic,No,No,Yes,No,Yes,Yes,Month-to-month,Yes,Electronic check,79.9,1664.71,Yes
CUST-01060,Female,0,No,No,70,Yes,Yes,No,No internet service,No internet service,No internet service,No internet service,No internet service,No internet service,One year,Yes,Mailed check,31.38,2263.87,No
CUST-01061,Male,0,No,Yes,3,Yes,No,Fiber optic,No,No,Yes,No,No,No,Two year,No,Bank transfer (automatic),62.93,128.8,Yes
CUST-01062,Male,1,Yes,No,39,Yes,Yes,Fiber optic,No,No,No,No,No,No,Two year,No,Mailed check,60.5,2441.39,No
CUST-01063,Male,0,Yes,No,45,Yes,Yes,DSL,No,No,Yes,No,Yes,No,Two year,Yes,Electronic check,60.07,2700.02,Yes
CUST-01064,Male,0,Yes,No,68,Yes,Yes,Fiber optic,Yes,No,No,Yes,Yes,Yes,Two year,Yes,Mailed check,83.75,5690.12,Yes
CUST-01065,Female,0,Yes,No,31,Yes,No,DSL,No,No,No,No,No,No,Month-to-month,No,Mailed check,33.08,1016.33,No
CUST-01066,Male,0,No,No,38,Yes,Yes,Fiber optic,Yes,No,Yes,Yes,No,Yes,Month-to-month,Yes,Electronic check,84.51,3236.96,Yes
CUST-01067,Male,0,Yes,Yes,6,Yes,No,Fiber optic,Yes,No,Yes,Yes,No,Yes,Two year,No,Credit card (automatic),80.1,440.01,No
CUST-01068,Male,1,Yes,No,8,Yes,No,Fiber optic,No,Yes,Yes,No,No,No,Two year,Yes,Bank transfer (automatic),59.77,463.2,No
CUST-01069,Male,0,Yes,Yes,28,No,No phone service,No,No internet service,No internet service,No internet service,No internet service,No internet service,No internet service,Month-to-month,No,Credit card (automatic),23.3,645.6,No
CUST-01070,Male,0,No,No,15,Yes,No,DSL,No,No,No,No,No,No,Month-to-month,Yes,Electronic check,39.55,638.72,Yes
CUST-01071,Male,0,Yes,No,8,Yes,No,Fiber optic,No,Yes,Yes,No,Yes,No,One year,No,Credit card (automatic),68.98,503.32,No
CUST-01072,Female,0,No,No,54,Yes,No,Fiber optic,Yes,Yes,Yes,No,No,No,Month-to-month,Yes,Mailed check,71.56,3884.48,Yes
CUST-01073,Female,0,No,No,6,Yes,No,Fiber optic,No,No,No,No,Yes,No,Month-to-month,Yes,Electronic check,58.14,324.72,Yes
CUST-01074,Male,0,No,No,29,Yes,No,DSL,No,No,Yes,Yes,Yes,No,Two year,Yes,Credit card (automatic),59.79,1695.45,No
CUST-01075,Male,0,No,No,34,Yes,No,DSL,No,No,No,No,No,No,Month-to-month,Yes,Electronic check,35.9,1266.67,No
CUST-01076,Male,0,Yes,Yes,7,Yes,No,No,No internet service,No internet service,No internet service,No internet service,No internet service,No internet service,Month-to-month,Yes,Bank transfer (automatic),24.89,113.17,Yes
CUST-01077,Female,0,No,No,40,No,No phone service,Fiber optic,No,No,No,No,Yes,No,One year,Yes,Credit card (automatic),64.44,2658.58,No
CUST-01078,Male,0,No,No,13,Yes,No,Fiber optic,No,Yes,No,No,No,No,Two year,Yes,Credit card (automatic),60.36,747.43,No
CUST-01079,Female,0,No,No,62,Yes,No,No,No internet service,No internet service,No internet service,No internet service,No internet service,No internet service,Month-to-month,Yes,Electronic check,27.93,1722.41,No
CUST-01080,Male,1,No,Yes,65,Yes,Yes,DSL,Yes,No,No,No,Yes,Yes,Month-to-month,No,Credit card (automatic),65.09,4228.34,No
CUST-01081,Male,0,Yes,Yes,41,Yes,No,No,No internet service,No internet service,No internet service,No internet service,No internet service,No internet service,Month-to-month,No,Bank transfer (automatic),26.61,1067.75,No
CUST-01082,Male,0,Yes,No,42,Yes,No,DSL,Yes,No,Yes,No,No,Yes,Month-to-month,Yes,Credit card (automatic),57.76,2537.31,Yes
CUST-01083,Male,0,No,No,66,Yes,Yes,Fiber optic,No,Yes,No,Yes,Yes,Yes,Month-to-month,No,Bank transfer (automatic),90.7,6007.26,Yes
CUST-01084,Female,0,No,Yes,11,No,No phone service,Fiber optic,No,No,No,No,No,No,Month-to-month,No,Bank transfer (automatic),51.24,672.79,Yes
CUST-01085,Female,0,Yes,Yes,50,Yes,Yes,Fiber optic,No,No,No,Yes,Yes,No,Month-to-month,Yes,Bank transfer (automatic),77.36,3859.84,Yes
CUST-01086,Male,0,Yes,Yes,71,Yes,No,DSL,Yes,No,Yes,No,No,Yes,One year,Yes,Mailed check,68.32,4827.63,No
CUST-01087,Male,0,Yes,No,35,Yes,No,Fiber optic,Yes,Yes,No,No,Yes,No,Month-to-month,Yes,Credit card (automatic),74.36,2568.61,Yes
CUST-01088,Female,0,No,No,20,Yes,Yes,DSL,No,Yes,Yes,No,No,Yes,Month-to-month,No,Electronic check,63.16,1245.78,Yes
CUST-01089,Female,0,No,No,28,Yes,Yes,DSL,No,Yes,Yes,No,No,No,Month-to-month,Yes,Electronic check,52.47,1461.39,No
CUST-01090,Female,0,No,Yes,37,Yes,Yes,DSL,Yes,Yes,Yes,Yes,Yes,No,Month-to-month,Yes,Bank transfer (automatic),77.24,2734.15,No
CUST-01091,Female,1,Yes,No,3,Yes,No,Fiber optic,No,Yes,No,No,No,No,Two year,Yes,Bank transfer (automatic),60.32,196.56,Yes
CUST-01092,Male,0,Yes,Yes,59,Yes,Yes,Fiber optic,Yes,Yes,No,No,No,Yes,One year,Yes,Credit card (automatic),79.64,4666.2,No
CUST-01093,Female,0,Yes,No,27,Yes,Yes,DSL,Yes,No,No,No,No,No,Two year,Yes,Bank transfer (automatic),42.96,1149.78,No
CUST-01094,Male,0,Yes,No,32,No,No phone service,DSL,No,Yes,No,Yes,Yes,Yes,Month-to-month,Yes,Electronic check,61.96,2027.73,Yes
CUST-01095,Female,0,No,No,48,Yes,No,DSL,Yes,No,Yes,No,No,Yes,One year,No,Credit card (automatic),58.61,2863.48,No
CUST-01096,Female,0,Yes,No,46,Yes,No,Fiber optic,Yes,Yes,No,No,No,Yes,Month-to-month,Yes,Electronic check,80.8,3828.52,Yes
CUST-01097,Female,0,No,No,47,Yes,No,Fiber optic,No,No,No,No,No,Yes,Two year,Yes,Mailed check,62.51,2976.42,No
CUST-01098,Female,1,No,No,40,Yes,Yes,Fiber optic,No,Yes,Yes,No,No,No,Month-to-month,No,Bank transfer (automatic),70.47,2781.95,Yes
CUST-01099,Female,1,No,No,3,No,No phone service,No,No internet service,No internet service,No internet service,No internet service,No internet service,No internet service,Month-to-month,No,Bank transfer (automatic),27.33,18.0,No
CUST-01100,Male,0,Yes,Yes,29,Yes,No,Fiber optic,Yes,Yes,Yes,No,Yes,No,Month-to-month,Yes,Mailed check,74.46,2195.23,Yes
CUST-01101,Male,0,Yes,No,58,Yes,No,No,No internet service,No internet service,No internet service,No internet service,No internet service,No internet service,Month-to-month,No,Electronic check,29.07,1610.76,No
CUST-01102,Female,1,Yes,Yes,50,Yes,Yes,Fiber optic,No,No,No,Yes,Yes,Yes,Month-to-month,Yes,Electronic check,84.63,4162.51,Yes
CUST-01103,Female,0,No,No,10,Yes,No,Fiber optic,No,Yes,No,No,Yes,Yes,Two year,Yes,Credit card (automatic),79.85,711.38,Yes
CUST-01104,Male,1,No,Yes,61,Yes,Yes,Fiber optic,No,Yes,No,No,Yes,No,Month-to-month,Yes,Mailed check,84.48,5170.74,No
CUST-01105,Female,0,Yes,Yes,61,Yes,Yes,DSL,No,No,No,No,No,Yes,Month-to-month,Yes,Bank transfer (automatic),51.99,3203.77,No
CUST-01106,Female,0,Yes,No,23,Yes,No,Fiber optic,No,Yes,No,No,No,Yes,Month-to-month,Yes,Bank transfer (automatic),66.77,1433.57,Yes
CUST-01107,Male,0,No,No,6,Yes,Yes,No,No internet service,No internet service,No internet service,No internet service,No internet service,No internet service,Two year,No,Bank transfer (automatic),30.21,113.68,No
CUST-01108,Female,0,No,No,60,No,No phone service,DSL,No,Yes,No,No,Yes,No,Month-to-month,Yes,Bank transfer (automatic),50.34,3028.49,No
CUST-01109,Female,0,No,Yes,27,Yes,No,DSL,No,Yes,Yes,Yes,Yes,Yes,Month-to-month,No,Electronic check,77.53,2091.52,Yes
CUST-01110,Male,0,Yes,Yes,55,Yes,Yes,Fiber optic,No,Yes,No,No,No,No,Month-to-month,Yes,Electronic check,65.79,3685.83,Yes
CUST-01111,Male,0,Yes,No,31,Yes,No,Fiber optic,No,No,No,No,Yes,No,Month-to-month,No,Electronic check,62.66,1957.48,Yes
CUST-01112,Male,0,Yes,No,30,Yes,No,Fiber optic,No,No,Yes,Yes,Yes,Yes,One year,Yes,Bank transfer (automatic),79.77,2443.76,Yes
CUST-01113,Female,0,Yes,No,67,Yes,No,DSL,Yes,Yes,Yes,Yes,Yes,Yes,Month-to-month,No,Electronic check,80.32,5330.78,Yes
CUST-01114,Male,0,No,No,13,Yes,No,DSL,No,No,No,Yes,No,Yes,Month-to-month,No,Electronic check,48.51,639.74,Yes
CUST-01115,Male,0,Yes,No,59,Yes,No,Fiber optic,No,No,No,No,No,Yes,Month-to-month,Yes,Credit card (automatic),70.92,4086.22,Yes
CUST-01116,Male,0,Yes,No,54,Yes,No,Fiber optic,Yes,Yes,Yes,No,Yes,No,Two year,Yes,Bank transfer (automatic),84.76,4629.83,No
CUST-01117,Male,0,No,No,21,Yes,No,Fiber optic,No,Yes,Yes,Yes,Yes,Yes,Two year,No,Mailed check,93.0,1952.94,No
CUST-01118,Male,1,Yes,No,43,Yes,No,Fiber optic,No,No,Yes,No,No,No,One year,Yes,Electronic check,56.94,2413.01,Yes
CUST-01119,Male,1,No,Yes,11,Yes,No,Fiber optic,Yes,No,Yes,No,No,Yes,Two year,Yes,Mailed check,71.95,719.33,Yes
CUST-01120,Female,0,Yes,Yes,67,Yes,No,DSL,No,No,No,No,Yes,No,Two year,No,Mailed check,57.65,3849.39,No
CUST-01121,Female,0,No,No,38,Yes,No,DSL,Yes,Yes,No,No,No,No,One year,No,Mailed check,52.77,1937.75,No
CUST-01122,Male,0,Yes,Yes,24,Yes,No,Fiber optic,Yes,No,No,No,Yes,No,Month-to-month,No,Mailed check,73.42,1822.31,No
CUST-01123,Male,1,No,Yes,51,No,No phone service,Fiber optic,No,Yes,Yes,No,Yes,No,Month-to-month,No,Electronic check,73.96,3644.31,Yes
CUST-01124,Male,0,Yes,No,61,Yes,Yes,DSL,No,No,No,No,Yes,Yes,One year,Yes,Electronic check,68.12,4200.37,Yes
CUST-01125,Female,0,Yes,No,46,Yes,Yes,DSL,No,Yes,No,Yes,No,Yes,Month-to-month,Yes,Electronic check,62.85,2771.06,Yes
CUST-01126,Female,0,No,No,43,Yes,No,No,No internet service,No internet service,No internet service,No internet service,No internet service,No internet service,Month-to-month,Yes,Mailed check,19.52,828.44,No
CUST-01127,Female,0,Yes,No,27,Yes,No,DSL,No,No,No,No,No,Yes,Month-to-month,No,Credit card (automatic),55.58,1569.35,Yes
CUST-01128,Female,0,Yes,No,30,Yes,No,No,No internet service,No internet service,No internet service,No internet service,No internet service,No internet service,Two year,Yes,Mailed check,19.65,568.1,No
CUST-01129,Female,0,No,No,63,Yes,No,No,No internet service,No internet service,No internet service,No internet service,No internet service,No internet service,Month-to-month,No,Electronic check,30.63,1887.79,No
CUST-01130,Female,1,No,Yes,10,Yes,Yes,Fiber optic,No,Yes,No,No,No,Yes,Two year,No,Bank transfer (automatic),76.31,789.31,No
CUST-01131,Female,1,Yes,No,3,Yes,Yes,Fiber optic,No,No,No,No,No,Yes,Two year,Yes,Electronic check,61.41,198.62,No
CUST-01132,Female,0,Yes,No,60,Yes,No,Fiber optic,No,No,Yes,No,No,Yes,Two year,No,Electronic check,71.23,4209.95,No
CUST-01133,Female,0,Yes,No,27,Yes,Yes,DSL,No,No,No,No,No,Yes,Two year,Yes,Electronic check,59.24,1609.11,No
CUST-01134,Male,0,Yes,No,45,Yes,Yes,Fiber optic,No,No,No,No,No,Yes,Two year,Yes,Electronic check,67.07,3043.27,No
CUST-01135,Male,0,No,No,62,Yes,No,No,No internet service,No internet service,No internet service,No internet service,No internet service,No internet service,Month-to-month,No,Mailed check,23.52,1502.62,No
CUST-01136,Male,0,No,No,24,Yes,Yes,Fiber optic,No,No,No,No,Yes,Yes,Month-to-month,Yes,Bank transfer (automatic),79.26,1899.32,Yes
CUST-01137,Male,0,Yes,No,46,Yes,No,No,No internet service,No internet service,No internet service,No internet service,No internet service,No internet service,Month-to-month,No,Bank transfer (automatic),29.52,1365.97,No
CUST-01138,Female,0,No,No,44,Yes,Yes,No,No internet service,No internet service,No internet service,No internet service,No internet service,No internet service,Month-to-month,Yes,Mailed check,33.28,1483.51,No
CUST-01139,Female,0,No,No,63,Yes,No,DSL,No,No,No,No,No,Yes,Two year,Yes,Credit card (automatic),54.69,3471.54,No
CUST-01140,Male,0,No,No,4,Yes,No,Fiber optic,No,Yes,No,Yes,No,Yes,Two year,Yes,Electronic check,75.08,399.18,Yes
CUST-01141,Female,0,Yes,No,16,Yes,No,Fiber optic,No,Yes,Yes,No,Yes,No,Two year,No,Mailed check,75.01,1142.32,Yes
CUST-01142,Male,0,Yes,No,51,Yes,Yes,No,No internet service,No internet service,No internet service,No internet service,No internet service,No internet service,Month-to-month,No,Bank transfer (automatic),34.97,1827.36,No
CUST-01143,Female,1,No,Yes,48,Yes,No,DSL,No,Yes,Yes,No,No,No,Month-to-month,No,Electronic check,54.96,2625.76,Yes
CUST-01144,Male,1,Yes,Yes,65,Yes,Yes,Fiber optic,No,No,Yes,No,Yes,Yes,One year,No,Mailed check,89.98,5843.91,No
CUST-01145,Female,1,Yes,No,69,Yes,Yes,Fiber optic,No,Yes,No,No,Yes,No,One year,Yes,Electronic check,81.18,5601.42,Yes
CUST-01146,Female,0,Yes,No,45,Yes,Yes,Fiber optic,No,Yes,No,Yes,No,No,Two year,No,Electronic check,68.66,3100.6,No
CUST-01147,Male,0,Yes,Yes,3,Yes,No,DSL,No,No,Yes,No,No,No,Month-to-month,No,Electronic check,44.14,114.71,Yes
CUST-01148,Female,0,No,No,17,No,No phone service,No,No internet service,No internet service,No internet service,No internet service,No internet service,No internet service,Month-to-month,Yes,Credit card (automatic),21.23,350.0,Yes
CUST-01149,Male,1,No,No,37,Yes,No,Fiber optic,No,No,No,No,Yes,Yes,Two year,No,Bank transfer (automatic),75.59,2885.4,No
CUST-01150,Male,0,Yes,No,5,Yes,No,Fiber optic,No,No,No,Yes,No,Yes,One year,Yes,Bank transfer (automatic),69.99,356.35,No
CUST-01151,Male,0,Yes,Yes,47,Yes,Yes,DSL,Yes,Yes,No,Yes,Yes,Yes,Two year,Yes,Electronic check,76.35,3611.39,No
CUST-01152,Male,0,No,No,44,Yes,No,Fiber optic,Yes,No,No,Yes,No,No,Month-to-month,Yes,Mailed check,64.13,2845.34,No
CUST-01153,Female,0,Yes,No,33,Yes,No,No,No internet service,No internet service,No internet service,No internet service,No internet service,No internet service,One year,Yes,Bank transfer (automatic),28.9,953.07,No
CUST-01154,Female,0,No,No,21,Yes,Yes,DSL,No,Yes,Yes,Yes,No,No,One year,Yes,Bank transfer (automatic),57.48,1211.55,No
CUST-01155,Female,0,No,Yes,67,Yes,Yes,No,No internet service,No internet service,No internet service,No internet service,No internet service,No internet service,Two year,Yes,Mailed check,26.75,1753.14,No
CUST-01156,Male,0,Yes,No,68,Yes,Yes,Fiber optic,No,Yes,Yes,No,No,No,Two year,No,Credit card (automatic),68.85,4717.01,No
CUST-01157,Female,0,No,Yes,32,Yes,No,No,No internet service,No internet service,No internet service,No internet service,No internet service,No internet service,Month-to-month,Yes,Electronic check,29.0,906.72,No
CUST-01158,Male,1,No,No,24,Yes,Yes,Fiber optic,No,No,Yes,No,No,No,Month-to-month,No,Credit card (automatic),57.5,1401.52,Yes
CUST-01159,Female,0,Yes,Yes,35,Yes,Yes,DSL,No,No,No,No,No,Yes,Month-to-month,No,Mailed check,58.18,2008.53,No
CUST-01160,Female,0,Yes,No,18,Yes,No,Fiber optic,No,Yes,No,No,Yes,Yes,Two year,No,Bank transfer (automatic),80.56,1529.41,Yes
CUST-01161,Female,0,No,Yes,67,Yes,Yes,DSL,Yes,No,No,Yes,Yes,No,Month-to-month,No,Mailed check,66.36,4390.27,Yes
CUST-01162,Male,1,Yes,Yes,54,Yes,Yes,DSL,Yes,No,Yes,No,Yes,No,Two year,Yes,Mailed check,67.23,3526.53,No
CUST-01163,Female,0,No,No,26,Yes,No,Fiber optic,No,Yes,No,No,Yes,No,Month-to-month,No,Electronic check,70.1,1858.43,Yes
CUST-01164,Female,1,No,No,60,Yes,Yes,DSL,No,No,Yes,No,No,Yes,Month-to-month,No,Mailed check,64.35,3957.47,Yes
CUST-01165,Male,0,Yes,No,65,Yes,No,No,No internet service,No internet service,No internet service,No internet service,No internet service,No internet service,Month-to-month,No,Electronic check,26.57,1724.27,No
CUST-01166,Female,1,Yes,No,51,Yes,No,Fiber optic,No,No,No,No,No,Yes,Two year,Yes,Mailed check,65.14,3280.71,No
CUST-01167,Male,1,No,No,60,Yes,Yes,No,No internet service,No internet service,No internet service,No internet service,No internet service,No internet service,One year,Yes,Bank transfer (automatic),32.5,1937.03,No
CUST-01168,Female,0,Yes,Yes,59,Yes,No,Fiber optic,No,No,No,Yes,No,Yes,Month-to-month,Yes,Electronic check,67.37,3911.53,Yes
CUST-01169,Male,0,No,No,17,Yes,Yes,Fiber optic,No,No,Yes,Yes,No,Yes,Month-to-month,No,Bank transfer (automatic),71.35,1229.54,Yes
CUST-01170,Male,0,No,No,21,Yes,Yes,DSL,No,Yes,No,No,No,No,Month-to-month,No,Mailed check,54.81,1168.44,Yes
CUST-01171,Female,0,No,No,67,Yes,Yes,Fiber optic,Yes,No,Yes,No,No,No,Month-to-month,No,Credit card (automatic),62.66,4216.53,Yes
CUST-01172,Male,0,Yes,Yes,28,Yes,Yes,Fiber optic,No,No,Yes,No,No,Yes,Month-to-month,Yes,Electronic check,77.63,2165.5,Yes
CUST-01173,Male,0,No,No,44,Yes,No,No,No internet service,No internet service,No internet service,No internet service,No internet service,No internet service,One year,Yes,Electronic check,21.31,934.89,No
CUST-01174,Male,0,No,Yes,70,Yes,Yes,DSL,No,Yes,No,No,No,No,One year,No,Mailed check,56.04,3962.09,No
CUST-01175,Male,0,No,No,62,Yes,Yes,Fiber optic,No,Yes,No,No,No,No,Month-to-month,No,Mailed check,57.68,3583.87,Yes
CUST-01176,Male,0,Yes,Yes,42,Yes,No,Fiber optic,No,No,No,No,No,Yes,Two year,No,Mailed check,54.86,2314.05,No
CUST-01177,Male,0,No,Yes,22,Yes,Yes,Fiber optic,No,No,No,No,Yes,Yes,Month-to-month,Yes,Mailed check,76.64,1658.66,No
CUST-01178,Female,0,No,No,38,Yes,Yes,DSL,No,No,No,No,Yes,No,Two year,No,Credit card (automatic),57.98,2260.64,No
CUST-01179,Male,0,Yes,No,14,Yes,No,Fiber optic,No,No,Yes,Yes,No,No,One year,Yes,Electronic check,65.11,931.67,No
CUST-01180,Male,0,No,No,26,Yes,No,No,No internet service,No internet service,No internet service,No internet service,No internet service,No internet service,Two year,No,Credit card (automatic),20.14,534.0,No
CUST-01181,Female,0,Yes,Yes,40,Yes,Yes,No,No internet service,No internet service,No internet service,No internet service,No internet service,No internet service,One year,No,Bank transfer (automatic),32.69,1298.39,No
CUST-01182,Female,1,Yes,Yes,54,Yes,Yes,Fiber optic,No,Yes,Yes,No,Yes,No,Month-to-month,No,Bank transfer (automatic),85.34,4615.12,Yes
CUST-01183,Female,0,No,No,13,Yes,Yes,No,No internet service,No internet service,No internet service,No internet service,No internet service,No internet service,Month-to-month,Yes,Credit card (automatic),26.81,380.32,Yes
CUST-01184,Female,0,Yes,No,19,Yes,Yes,No,No internet service,No internet service,No internet service,No internet service,No internet service,No internet service,Month-to-month,No,Mailed check,29.04,595.61,No
CUST-01185,Female,0,No,Yes,42,Yes,Yes,Fiber optic,Yes,No,No,No,No,Yes,Two year,No,Credit card (automatic),79.42,3300.21,No
CUST-01186,Female,0,No,No,41,Yes,Yes,Fiber optic,No,No,Yes,No,Yes,No,One year,Yes,Mailed check,77.94,3174.76,Yes
CUST-01187,Female,1,Yes,Yes,50,Yes,Yes,Fiber optic,No,No,Yes,Yes,No,No,Two year,No,Bank transfer (automatic),77.71,3854.48,No
CUST-01188,Male,1,Yes,No,3,Yes,Yes,DSL,No,Yes,No,No,Yes,Yes,Month-to-month,Yes,Electronic check,70.6,170.15,Yes
CUST-01189,Male,0,No,Yes,31,Yes,Yes,Fiber optic,No,No,No,Yes,No,Yes,Month-to-month,No,Credit card (automatic),84.74,2608.7,No
CUST-01190,Female,0,No,Yes,15,Yes,No,Fiber optic,Yes,No,No,No,No,Yes,Month-to-month,No,Electronic check,67.55,1045.47,Yes
CUST-01191,Male,0,No,Yes,54,Yes,Yes,DSL,No,No,Yes,No,Yes,Yes,Month-to-month,Yes,Credit card (automatic),67.09,3606.88,No
CUST-01192,Male,0,No,Yes,53,Yes,Yes,No,No internet service,No internet service,No internet service,No internet service,No internet service,No internet service,Two year,No,Electronic check,30.1,1552.39,No
CUST-01193,Male,1,Yes,Yes,45,Yes,Yes,DSL,Yes,Yes,Yes,Yes,Yes,Yes,Month-to-month,Yes,Electronic check,88.93,4001.79,No
CUST-01194,Female,0,Yes,No,38,Yes,Yes,DSL,Yes,Yes,No,No,Yes,Yes,Month-to-month,Yes,Bank transfer (automatic),69.98,2686.31,Yes
CUST-01195,Female,0,No,Yes,50,Yes,No,Fiber optic,No,Yes,No,No,Yes,Yes,Month-to-month,Yes,Electronic check,85.16,4226.18,Yes
CUST-01196,Male,0,No,Yes,24,No,No phone service,Fiber optic,No,No,No,No,No,No,Two year,No,Mailed check,51.23,1228.26,No
CUST-01197,Female,1,Yes,Yes,17,No,No phone service,DSL,Yes,No,No,No,Yes,No,Month-to-month,No,Mailed check,54.18,870.5,Yes
CUST-01198,Male,0,No,No,18,Yes,Yes,DSL,No,Yes,No,No,No,No,One year,Yes,Mailed check,56.83,944.09,No
CUST-01199,Male,0,No,No,42,Yes,No,DSL,Yes,No,No,No,No,Yes,Month-to-month,No,Credit card (automatic),51.56,2140.36,Yes
CUST-01200,Male,0,No,No,17,Yes,Yes,DSL,No,Yes,Yes,Yes,Yes,No,Month-to-month,No,Mailed check,76.04,1216.9,Yes
CUST-01201,Male,0,Yes,No,16,Yes,No,DSL,No,Yes,Yes,Yes,Yes,No,Month-to-month,No,Bank transfer (automatic),56.49,1031.5,Yes
CUST-01202,Female,0,No,Yes,52,Yes,Yes,Fiber optic,No,No,No,No,No,Yes,Two year,Yes,Credit card (automatic),77.93,4113.96,No
CUST-01203,Female,1,No,Yes,36,Yes,No,DSL,Yes,Yes,No,No,No,Yes,One year,Yes,Bank transfer (automatic),63.16,2254.26,No
CUST-01204,Female,0,No,No,39,Yes,Yes,DSL,No,Yes,No,No,No,Yes,Month-to-month,Yes,Bank transfer (automatic),55.8,2172.34,Yes
CUST-01205,Male,0,No,No,25,Yes,Yes,Fiber optic,No,Yes,No,Yes,Yes,Yes,Month-to-month,Yes,Mailed check,84.78,2098.12,Yes
CUST-01206,Female,0,No,No,42,Yes,Yes,Fiber optic,No,No,No,No,No,Yes,Month-to-month,No,Credit card (automatic),72.46,3092.25,No
CUST-01207,Male,0,No,No,21,Yes,No,Fiber optic,No,No,No,Yes,Yes,No,Month-to-month,No,Bank transfer (automatic),63.44,1361.68,Yes
CUST-01208,Female,0,No,No,68,No,No phone service,DSL,Yes,No,Yes,Yes,Yes,Yes,One year,Yes,Credit card (automatic),71.11,4807.41,No
CUST-01209,Male,0,Yes,No,59,Yes,No,DSL,No,No,No,No,Yes,No,Month-to-month,Yes,Electronic check,51.93,3062.29,Yes
CUST-01210,Male,0,Yes,Yes,30,Yes,Yes,No,No internet service,No internet service,No internet service,No internet service,No internet service,No internet service,Month-to-month,Yes,Electronic check,33.06,1001.32,No
CUST-01211,Male,1,No,Yes,57,Yes,No,Fiber optic,Yes,No,No,Yes,No,No,Month-to-month,No,Mailed check,61.01,3578.87,Yes
CUST-01212,Female,0,Yes,No,33,Yes,Yes,No,No internet service,No internet service,No internet service,No internet service,No internet service,No internet service,Month-to-month,No,Bank transfer (automatic),35.33,1193.98,No
CUST-01213,Female,0,Yes,Yes,53,Yes,No,Fiber optic,No,No,No,Yes,Yes,Yes,Month-to-month,No,Credit card (automatic),74.77,3968.87,Yes
CUST-01214,Female,0,Yes,No,16,Yes,Yes,Fiber optic,No,Yes,No,No,No,No,Month-to-month,Yes,Credit card (automatic),57.07,932.96,Yes
CUST-01215,Female,0,Yes,No,49,Yes,No,No,No internet service,No internet service,No internet service,No internet service,No internet service,No internet service,Month-to-month,Yes,Electronic check,28.39,1451.54,No
CUST-01216,Male,0,Yes,No,5,Yes,No,No,No internet service,No internet service,No internet service,No internet service,No internet service,No internet service,Month-to-month,No,Bank transfer (automatic),18.0,18.0,No
CUST-01217,Female,0,Yes,Yes,60,Yes,No,Fiber optic,No,No,Yes,No,No,No,Month-to-month,Yes,Electronic check,59.4,3611.5,Yes
CUST-01218,Female,0,No,No,71,Yes,No,DSL,No,No,No,Yes,Yes,No,Month-to-month,Yes,Mailed check,54.39,3801.92,No
CUST-01219,Male,0,No,No,55,Yes,Yes,Fiber optic,No,No,No,No,Yes,No,Month-to-month,Yes,Electronic check,69.13,3742.3,Yes
CUST-01220,Male,0,No,No,35,Yes,No,Fiber optic,No,No,Yes,No,No,No,One year,No,Electronic check,66.07,2239.15,Yes
CUST-01221,Male,0,Yes,Yes,69,Yes,No,No,No internet service,No internet service,No internet service,No internet service,No internet service,No internet service,Two year,No,Electronic check,27.71,1891.47,No
CUST-01222,Female,1,No,Yes,42,Yes,Yes,Fiber optic,Yes,No,No,No,Yes,No,One year,No,Electronic check,71.66,2976.33,Yes
CUST-01223,Male,0,No,No,69,Yes,No,DSL,No,No,No,Yes,No,Yes,Month-to-month,No,Electronic check,58.99,4099.22,No
CUST-01224,Male,0,No,No,24,Yes,No,Fiber optic,No,No,No,No,No,No,Month-to-month,Yes,Credit card (automatic),55.03,1334.61,Yes
CUST-01225,Male,0,Yes,No,71,Yes,Yes,DSL,Yes,No,Yes,No,Yes,No,Two year,No,Bank transfer (automatic),70.13,5047.39,No
CUST-01226,Female,0,Yes,No,71,Yes,No,Fiber optic,No,No,No,No,No,No,Month-to-month,No,Electronic check,57.91,4010.48,Yes
CUST-01227,Male,0,No,No,55,Yes,No,Fiber optic,Yes,Yes,No,No,Yes,Yes,Two year,Yes,Mailed check,86.91,4755.45,No
CUST-01228,Female,0,No,No,14,Yes,No,DSL,No,No,Yes,No,Yes,No,One year,No,Electronic check,56.86,807.0,Yes
CUST-01229,Female,0,No,Yes,55,Yes,Yes,No,No internet service,No internet service,No internet service,No internet service,No internet service,No internet service,One year,No,Bank transfer (automatic),29.18,1591.33,No
CUST-01230,Male,0,No,No,15,Yes,Yes,Fiber optic,No,No,No,No,Yes,No,Month-to-month,Yes,Credit card (automatic),74.01,1036.51,Yes
CUST-01231,Male,0,Yes,Yes,5,Yes,Yes,No,No internet service,No internet service,No internet service,No internet service,No internet service,No internet service,Two year,Yes,Mailed check,28.01,139.34,No
CUST-01232,Female,0,No,Yes,4,No,No phone service,Fiber optic,Yes,Yes,No,No,No,No,Month-to-month,Yes,Credit card (automatic),62.31,178.05,Yes
CUST-01233,Male,1,Yes,Yes,30,Yes,No,No,No internet service,No internet service,No internet service,No internet service,No internet service,No internet service,Month-to-month,Yes,Electronic check,24.36,681.9,No
CUST-01234,Male,0,No,No,53,Yes,No,Fiber optic,Yes,No,Yes,No,No,Yes,One year,Yes,Bank transfer (automatic),77.8,4140.55,No
CUST-01235,Female,0,No,Yes,30,Yes,Yes,No,No internet service,No internet service,No internet service,No internet service,No internet service,No internet service,Month-to-month,Yes,Mailed check,38.35,1090.16,No
CUST-01236,Female,0,No,Yes,61,Yes,No,Fiber optic,Yes,No,No,No,Yes,No,Month-to-month,Yes,Credit card (automatic),73.03,4403.81,Yes
CUST-01237,Male,0,Yes,No,71,Yes,Yes,DSL,Yes,Yes,Yes,No,No,No,Month-to-month,Yes,Electronic check,65.24,4671.92,No
CUST-01238,Female,0,Yes,Yes,68,Yes,No,DSL,No,Yes,Yes,No,Yes,No,Month-to-month,Yes,Electronic check,54.47,3660.46,No
CUST-01239,Male,0,No,No,55,Yes,No,No,No internet service,No internet service,No internet service,No internet service,No internet service,No internet service,One year,Yes,Mailed check,18.0,986.09,No
CUST-01240,Male,0,No,No,71,Yes,No,Fiber optic,No,No,Yes,No,No,Yes,Month-to-month,Yes,Bank transfer (automatic),71.92,5095.49,No
CUST-01241,Male,0,No,No,42,Yes,No,DSL,No,No,Yes,Yes,No,No,Two year,No,Electronic check,50.73,2167.53,No
CUST-01242,Female,0,No,Yes,29,Yes,Yes,Fiber optic,Yes,Yes,No,No,Yes,No,Two year,Yes,Credit card (automatic),75.25,2184.24,No
CUST-01243,Male,0,Yes,Yes,35,Yes,No,DSL,No,Yes,No,No,Yes,Yes,Month-to-month,No,Mailed check,62.26,2180.78,No
CUST-01244,Male,1,No,No,45,Yes,Yes,No,No internet service,No internet service,No internet service,No internet service,No internet service,No internet service,Month-to-month,Yes,Mailed check,34.13,1570.92,No
CUST-01245,Male,0,No,No,29,Yes,No,Fiber optic,No,Yes,Yes,Yes,Yes,Yes,Month-to-month,Yes,Mailed check,89.29,2573.26,Yes
CUST-01246,Female,1,No,Yes,70,Yes,No,DSL,No,Yes,Yes,Yes,No,Yes,Month-to-month,Yes,Mailed check,64.03,4440.65,No
CUST-01247,Female,0,Yes,No,3,Yes,No,DSL,No,No,No,No,No,No,Month-to-month,Yes,Mailed check,41.98,137.37,Yes
CUST-01248,Female,0,No,No,57,Yes,No,Fiber optic,Yes,No,No,Yes,No,Yes,Month-to-month,No,Electronic check,82.07,4653.94,Yes
CUST-01249,Female,1,Yes,Yes,66,Yes,Yes,No,No internet service,No internet service,No internet service,No internet service,No internet service,No internet service,Month-to-month,No,Electronic check,39.84,2707.95,No
CUST-01250,Female,0,No,No,22,Yes,No,Fiber optic,No,Yes,Yes,No,No,Yes,Month-to-month,No,Mailed check,74.38,1619.52,Yes
CUST-01251,Male,1,No,Yes,27,Yes,No,Fiber optic,Yes,Yes,No,No,No,No,Month-to-month,No,Bank transfer (automatic),69.68,2003.65,No
CUST-01252,Female,0,Yes,No,22,Yes,Yes,Fiber optic,No,No,No,No,Yes,No,Month-to-month,Yes,Mailed check,77.08,1729.31,Yes
CUST-01253,Female,0,Yes,No,49,Yes,No,Fiber optic,No,No,Yes,No,Yes,Yes,Two year,Yes,Electronic check,76.21,3701.98,Yes
CUST-01254,Female,1,No,Yes,24,Yes,Yes,No,No internet service,No internet service,No internet service,No internet service,No internet service,No internet service,Month-to-month,No,Mailed check,30.2,736.31,No
CUST-01255,Male,0,No,No,27,Yes,No,Fiber optic,No,No,Yes,No,No,No,Month-to-month,Yes,Mailed check,56.32,1620.4,Yes
CUST-01256,Female,1,Yes,No,36,Yes,No,DSL,Yes,No,No,No,No,No,Two year,No,Electronic check,41.67,1498.55,No
CUST-01257,Female,1,Yes,No,17,Yes,No,DSL,Yes,No,No,No,No,Yes,Two year,No,Mailed check,58.53,1025.55,No
CUST-01258,Male,0,No,No,56,Yes,Yes,Fiber optic,No,Yes,No,Yes,No,No,One year,Yes,Bank transfer (automatic),72.51,4137.82,No
CUST-01259,Female,0,No,No,10,Yes,Yes,Fiber optic,No,No,Yes,No,No,Yes,Month-to-month,Yes,Electronic check,80.46,819.76,Yes
CUST-01260,Male,0,Yes,No,54,Yes,No,Fiber optic,No,No,Yes,Yes,No,Yes,Month-to-month,Yes,Electronic check,71.04,3859.62,Yes
CUST-01261,Male,0,No,Yes,38,Yes,No,Fiber optic,No,Yes,Yes,No,No,No,Month-to-month,No,Bank transfer (automatic),72.39,2804.08,No
CUST-01262,Male,0,Yes,Yes,4,Yes,No,Fiber optic,Yes,Yes,Yes,No,No,Yes,Month-to-month,Yes,Bank transfer (automatic),79.11,354.42,No
CUST-01263,Male,0,Yes,No,50,Yes,Yes,DSL,No,Yes,Yes,No,No,No,Month-to-month,No,Bank transfer (automatic),59.33,3001.24,No
CUST-01264,Male,0,Yes,No,61,Yes,No,Fiber optic,No,No,Yes,No,No,No,Month-to-month,No,Mailed check,58.63,3598.79,No
CUST-01265,Female,0,No,Yes,21,Yes,Yes,Fiber optic,No,Yes,No,No,Yes,No,One year,Yes,Electronic check,68.81,1483.44,No
CUST-01266,Male,1,Yes,No,36,No,No phone service,No,No internet service,No internet service,No internet service,No internet service,No internet service,No internet service,One year,Yes,Electronic check,29.93,994.7,No
CUST-01267,Male,0,No,No,46,Yes,No,DSL,Yes,Yes,Yes,No,Yes,No,One year,No,Electronic check,66.16,3076.66,No
CUST-01268,Female,0,Yes,No,71,No,No phone service,DSL,No,No,No,Yes,Yes,No,Month-to-month,No,Electronic check,59.38,4170.3,No
CUST-01269,Male,0,No,Yes,44,Yes,Yes,DSL,No,No,Yes,No,No,No,Two year,Yes,Mailed check,49.39,2142.91,No
CUST-01270,Female,0,No,No,64,Yes,No,DSL,Yes,Yes,No,No,Yes,Yes,Month-to-month,No,Bank transfer (automatic),76.08,4916.45,No
CUST-01271,Female,0,No,No,18,No,No phone service,Fiber optic,Yes,Yes,Yes,No,Yes,Yes,Month-to-month,Yes,Bank transfer (automatic),92.04,1624.04,No
CUST-01272,Female,0,No,No,13,No,No phone service,Fiber optic,No,No,No,Yes,Yes,Yes,Month-to-month,Yes,Bank transfer (automatic),78.6,969.43,Yes
CUST-01273,Male,1,No,Yes,13,Yes,No,Fiber optic,No,Yes,Yes,No,No,Yes,One year,Yes,Credit card (automatic),73.22,1000.79,No
CUST-01274,Male,0,No,No,25,Yes,No,Fiber optic,Yes,No,No,No,No,No,Month-to-month,No,Credit card (automatic),53.26,1279.19,Yes
CUST-01275,Male,0,Yes,No,5,Yes,Yes,DSL,No,No,No,Yes,Yes,No,Month-to-month,Yes,Electronic check,49.81,217.14,No
CUST-01276,Female,1,Yes,No,39,Yes,No,Fiber optic,Yes,Yes,No,Yes,No,Yes,One year,Yes,Electronic check,77.9,3113.46,Yes
CUST-01277,Male,1,No,Yes,29,Yes,No,DSL,Yes,No,No,No,No,Yes,Two year,Yes,Bank transfer (automatic),53.0,1498.62,No
CUST-01278,Male,0,Yes,No,57,Yes,Yes,DSL,Yes,Yes,No,No,Yes,Yes,Month-to-month,Yes,Credit card (automatic),77.61,4475.1,No
CUST-01279,Male,0,Yes,Yes,46,Yes,Yes,No,No internet service,No internet service,No internet service,No internet service,No internet service,No internet service,Two year,Yes,Mailed check,34.14,1547.31,No
CUST-01280,Female,0,No,Yes,33,Yes,Yes,DSL,No,No,No,No,No,Yes,Two year,Yes,Electronic check,52.46,1665.34,No
CUST-01281,Female,0,Yes,Yes,10,No,No phone service,DSL,No,No,No,Yes,Yes,No,Month-to-month,Yes,Bank transfer (automatic),59.44,558.01,Yes
CUST-01282,Male,0,No,Yes,58,Yes,Yes,Fiber optic,Yes,Yes,No,No,No,Yes,One year,No,Mailed check,84.31,4841.97,No
CUST-01283,Male,0,Yes,No,25,Yes,No,Fiber optic,Yes,No,No,No,No,Yes,Two year,Yes,Electronic check,70.92,1758.8,No
CUST-01284,Male,1,No,Yes,39,Yes,No,DSL,No,No,No,Yes,No,No,One year,Yes,Bank transfer (automatic),45.41,1807.15,No
CUST-01285,Male,0,No,No,16,Yes,No,DSL,No,Yes,Yes,No,No,Yes,Month-to-month,Yes,Mailed check,66.81,1090.03,No
CUST-01286,Female,0,No,No,60,Yes,No,Fiber optic,Yes,No,No,No,Yes,No,One year,Yes,Bank transfer (automatic),62.99,3803.65,No
CUST-01287,Female,0,Yes,No,28,Yes,No,No,No internet service,No internet service,No internet service,No internet service,No internet service,No internet service,One year,Yes,Bank transfer (automatic),18.0,612.29,No
CUST-01288,Female,0,No,No,44,Yes,No,No,No internet service,No internet service,No internet service,No internet service,No internet service,No internet service,Month-to-month,No,Credit card (automatic),21.65,961.7,No
CUST-01289,Female,0,No,No,58,Yes,Yes,No,No internet service,No internet service,No internet service,No internet service,No internet service,No internet service,Month-to-month,Yes,Bank transfer (automatic),30.73,1861.8,No
CUST-01290,Male,0,No,No,32,Yes,No,Fiber optic,Yes,No,No,No,Yes,No,Month-to-month,No,Credit card (automatic),74.14,2408.06,Yes
CUST-01291,Male,0,No,No,63,Yes,Yes,DSL,Yes,Yes,No,Yes,No,No,One year,Yes,Mailed check,62.03,3915.92,No
CUST-01292,Male,0,Yes,No,45,Yes,No,DSL,No,No,Yes,No,No,No,Month-to-month,No,Mailed check,47.21,2101.13,No
CUST-01293,Female,0,No,No,53,Yes,Yes,DSL,No,No,No,Yes,No,No,Month-to-month,Yes,Electronic check,52.6,2929.88,Yes
CUST-01294,Male,0,No,No,61,Yes,No,DSL,Yes,No,No,No,Yes,Yes,Two year,Yes,Electronic check,59.0,3642.81,No
CUST-01295,Female,0,Yes,No,50,Yes,No,Fiber optic,Yes,No,No,No,Yes,No,Two year,No,Bank transfer (automatic),67.53,3315.97,No
CUST-01296,Female,0,No,No,27,Yes,Yes,Fiber optic,No,No,No,No,No,No,Two year,Yes,Electronic check,65.14,1717.25,No
CUST-01297,Male,0,No,Yes,26,Yes,Yes,DSL,No,No,No,No,Yes,Yes,One year,Yes,Bank transfer (automatic),67.45,1729.08,No
CUST-01298,Male,1,No,Yes,3,No,No phone service,Fiber optic,Yes,No,Yes,No,No,No,Month-to-month,No,Bank transfer (automatic),69.23,232.25,Yes
CUST-01299,Male,0,Yes,No,39,Yes,No,DSL,No,Yes,No,Yes,Yes,No,One year,Yes,Electronic check,61.15,2486.5,No
CUST-01300,Female,0,No,Yes,65,Yes,No,Fiber optic,No,No,No,Yes,Yes,No,Month-to-month,No,Mailed check,66.16,4308.43,No
CUST-01301,Male,1,No,No,35,Yes,No,Fiber optic,No,No,No,No,No,No,Month-to-month,No,Credit card (automatic),58.19,1934.26,Yes
CUST-01302,Female,1,No,Yes,53,No,No phone service,DSL,No,Yes,Yes,No,Yes,No,Two year,Yes,Credit card (automatic),54.12,2882.13,No
CUST-01303,Male,0,No,No,46,Yes,Yes,Fiber optic,No,No,No,No,No,No,Month-to-month,Yes,Mailed check,54.3,2430.5,No
CUST-01304,Female,0,No,No,68,Yes,No,No,No internet service,No internet service,No internet service,No internet service,No internet service,No internet service,Month-to-month,Yes,Bank transfer (automatic),28.66,1933.73,No
CUST-01305,Female,0,No,Yes,22,Yes,Yes,Fiber optic,No,Yes,Yes,No,Yes,Yes,Month-to-month,Yes,Electronic check,90.83,2097.41,Yes
CUST-01306,Male,0,No,No,60,Yes,No,Fiber optic,No,No,Yes,No,No,Yes,Month-to-month,No,Electronic check,67.29,4061.88,No
CUST-01307,Female,0,Yes,No,6,Yes,No,Fiber optic,No,No,Yes,Yes,Yes,No,Month-to-month,No,Credit card (automatic),75.25,416.83,No
CUST-01308,Female,0,Yes,No,52,Yes,No,No,No internet service,No internet service,No internet service,No internet service,No internet service,No internet service,Month-to-month,Yes,Mailed check,22.95,1191.03,No
CUST-01309,Male,0,Yes,No,29,Yes,Yes,DSL,Yes,Yes,No,No,No,No,Month-to-month,Yes,Electronic check,56.75,1679.74,Yes
CUST-01310,Female,0,Yes,Yes,43,Yes,Yes,No,No internet service,No internet service,No internet service,No internet service,No internet service,No internet service,Month-to-month,No,Electronic check,41.31,1797.59,Yes
CUST-01311,Male,0,Yes,No,34,Yes,No,Fiber optic,No,No,No,Yes,No,Yes,Month-to-month,Yes,Credit card (automatic),62.81,2134.53,Yes
CUST-01312,Female,0,Yes,Yes,31,Yes,Yes,No,No internet service,No internet service,No internet service,No internet service,No internet service,No internet service,Two year,No,Credit card (automatic),24.72,845.49,No
CUST-01313,Male,0,No,No,46,Yes,No,No,No internet service,No internet service,No internet service,No internet service,No internet service,No internet service,Month-to-month,No,Bank transfer (automatic),18.0,780.41,No
CUST-01314,Male,0,Yes,No,4,Yes,No,Fiber optic,Yes,Yes,Yes,No,No,Yes,Month-to-month,Yes,Electronic check,79.18,334.78,Yes
CUST-01315,Female,0,Yes,No,2,Yes,Yes,DSL,Yes,Yes,Yes,No,No,No,Month-to-month,No,Bank transfer (automatic),59.39,103.07,Yes
CUST-01316,Female,0,Yes,No,5,Yes,Yes,Fiber optic,Yes,Yes,No,Yes,Yes,No,One year,Yes,Credit card (automatic),86.17,396.06,No
CUST-01317,Female,0,No,No,46,Yes,Yes,No,No internet service,No internet service,No internet service,No internet service,No internet service,No internet service,Two year,Yes,Credit card (automatic),23.83,1072.38,No
CUST-01318,Female,1,Yes,Yes,19,No,No phone service,Fiber optic,Yes,Yes,No,No,No,Yes,Month-to-month,Yes,Mailed check,71.55,1279.69,Yes
CUST-01319,Female,0,Yes,No,38,Yes,No,No,No internet service,No internet service,No internet service,No internet service,No internet service,No internet service,Month-to-month,No,Electronic check,29.68,1143.83,Yes
CUST-01320,Male,0,Yes,No,59,Yes,Yes,Fiber optic,No,Yes,Yes,No,No,No,Two year,Yes,Credit card (automatic),64.29,3823.6,No
CUST-01321,Female,1,No,Yes,72,Yes,Yes,No,No internet service,No internet service,No internet service,No internet service,No internet service,No internet service,Month-to-month,Yes,Credit card (automatic),21.51,1572.61,No
CUST-01322,Male,0,No,No,20,Yes,No,Fiber optic,No,No,No,No,Yes,No,Month-to-month,No,Mailed check,62.58,1231.0,Yes
CUST-01323,Male,0,No,No,68,Yes,No,Fiber optic,No,No,No,No,No,Yes,One year,No,Bank transfer (automatic),65.07,4425.58,No
CUST-01324,Female,1,Yes,Yes,53,Yes,No,Fiber optic,No,Yes,Yes,No,No,No,One year,Yes,Mailed check,64.94,3423.98,Yes
CUST-01325,Male,0,No,No,55,Yes,No,DSL,Yes,No,No,Yes,No,No,One year,Yes,Mailed check,51.35,2820.07,Yes
CUST-01326,Male,0,No,No,39,Yes,No,Fiber optic,Yes,No,Yes,No,Yes,No,Month-to-month,No,Electronic check,76.6,2972.97,Yes
CUST-01327,Male,0,Yes,Yes,36,No,No phone service,Fiber optic,Yes,No,No,No,Yes,Yes,One year,No,Electronic check,80.51,2923.81,No
CUST-01328,Male,0,Yes,No,58,Yes,No,DSL,Yes,Yes,No,No,No,Yes,One year,No,Credit card (automatic),52.09,3011.49,No
CUST-01329,Female,0,Yes,No,15,Yes,Yes,Fiber optic,No,No,No,No,No,No,Month-to-month,Yes,Electronic check,56.1,840.24,Yes
CUST-01330,Male,0,No,No,1,Yes,No,Fiber optic,No,No,No,No,Yes,No,One year,No,Electronic check,61.46,61.31,Yes
CUST-01331,Female,0,Yes,No,9,No,No phone service,DSL,No,No,No,No,No,No,Month-to-month,Yes,Electronic check,48.25,463.25,Yes
CUST-01332,Female,0,Yes,No,23,Yes,No,Fiber optic,No,No,No,Yes,Yes,Yes,Month-to-month,Yes,Electronic check,77.31,1784.66,Yes
CUST-01333,Male,0,No,No,52,Yes,Yes,Fiber optic,No,No,Yes,No,No,No,Month-to-month,Yes,Electronic check,66.95,3473.9,Yes
CUST-01334,Female,0,No,Yes,26,Yes,Yes,No,No internet service,No internet service,No internet service,No internet service,No internet service,No internet service,Month-to-month,Yes,Mailed check,26.11,620.51,No
CUST-01335,Female,0,No,No,60,Yes,No,DSL,No,Yes,No,No,Yes,No,One year,No,Electronic check,52.17,3172.19,No
CUST-01336,Female,0,No,Yes,18,Yes,No,Fiber optic,No,No,Yes,Yes,No,No,Month-to-month,Yes,Electronic check,66.41,1221.8,No
CUST-01337,Male,0,No,No,58,Yes,Yes,DSL,Yes,No,No,Yes,No,No,One year,No,Mailed check,50.74,2858.85,No
CUST-01338,Female,0,No,No,65,Yes,No,DSL,Yes,No,Yes,Yes,Yes,No,Month-to-month,Yes,Bank transfer (automatic),66.62,4321.06,No
CUST-01339,Female,0,Yes,Yes,69,Yes,Yes,Fiber optic,No,No,No,No,No,No,Month-to-month,Yes,Electronic check,51.93,3608.62,Yes
CUST-01340,Female,0,Yes,No,14,Yes,No,DSL,No,Yes,Yes,No,No,No,Month-to-month,No,Mailed check,37.73,482.65,Yes
CUST-01341,Male,1,No,No,46,Yes,No,DSL,Yes,No,No,Yes,Yes,Yes,Month-to-month,Yes,Mailed check,62.97,2893.34,No
CUST-01342,Female,0,No,Yes,69,Yes,No,Fiber optic,No,Yes,No,No,Yes,No,Month-to-month,Yes,Mailed check,76.08,5292.22,Yes
CUST-01343,Male,0,No,Yes,32,Yes,No,Fiber optic,Yes,No,No,No,Yes,No,One year,Yes,Bank transfer (automatic),67.29,2099.35,No
CUST-01344,Male,0,Yes,No,51,Yes,No,Fiber optic,No,No,No,No,No,No,Month-to-month,Yes,Bank transfer (automatic),60.38,3056.3,No
CUST-01345,Male,1,Yes,Yes,69,Yes,Yes,No,No internet service,No internet service,No internet service,No internet service,No internet service,No internet service,One year,No,Mailed check,23.19,1558.52,No
CUST-01346,Male,0,Yes,No,15,Yes,Yes,DSL,No,No,No,No,No,No,One year,Yes,Electronic check,39.38,561.27,No
CUST-01347,Male,0,No,No,53,Yes,Yes,Fiber optic,No,No,Yes,Yes,No,Yes,Month-to-month,Yes,Bank transfer (automatic),83.51,4434.34,Yes
CUST-01348,Male,0,No,No,71,Yes,No,Fiber optic,No,Yes,No,No,No,No,Two year,Yes,Electronic check,62.18,4353.21,No
CUST-01349,Female,0,No,Yes,69,No,No phone service,No,No internet service,No internet service,No internet service,No internet service,No internet service,No internet service,Month-to-month,No,Mailed check,19.95,1320.98,No
CUST-01350,Male,0,No,No,15,Yes,No,Fiber optic,Yes,No,Yes,No,No,No,Month-to-month,No,Electronic check,68.97,1020.29,No
CUST-01351,Female,0,Yes,Yes,30,Yes,Yes,Fiber optic,No,Yes,No,No,Yes,Yes,Two year,Yes,Electronic check,80.0,2359.06,No
CUST-01352,Female,1,Yes,No,24,Yes,No,Fiber optic,No,No,No,No,Yes,No,Month-to-month,No,Bank transfer (automatic),66.43,1648.27,No
CUST-01353,Male,0,Yes,No,35,Yes,No,Fiber optic,No,Yes,No,No,No,No,Month-to-month,Yes,Bank transfer (automatic),59.9,2126.2,Yes
CUST-01354,Female,0,No,No,69,Yes,No,Fiber optic,No,No,Yes,No,Yes,Yes,Month-to-month,Yes,Electronic check,87.88,6113.06,No
CUST-01355,Female,1,Yes,No,12,Yes,No,Fiber optic,No,No,Yes,No,Yes,No,One year,No,Bank transfer (automatic),71.96,785.56,Yes
CUST-01356,Female,0,No,No,46,Yes,No,DSL,No,No,Yes,No,No,Yes,Month-to-month,Yes,Electronic check,48.3,2232.96,Yes
CUST-01357,Female,0,No,No,69,Yes,No,DSL,Yes,No,No,No,No,No,Month-to-month,No,Mailed check,42.52,2902.48,No
CUST-01358,Male,0,Yes,Yes,36,Yes,No,DSL,No,No,No,No,Yes,Yes,Month-to-month,Yes,Credit card (automatic),62.18,2373.12,No
CUST-01359,Female,0,Yes,No,48,No,No phone service,No,No internet service,No internet service,No internet service,No internet service,No internet service,No internet service,One year,Yes,Electronic check,26.18,1263.84,No
CUST-01360,Male,0,Yes,Yes,67,Yes,No,No,No internet service,No internet service,No internet service,No internet service,No internet service,No internet service,Two year,Yes,Credit card (automatic),20.58,1428.86,No
CUST-01361,Female,0,No,No,54,Yes,Yes,Fiber optic,Yes,No,No,No,No,No,Two year,Yes,Bank transfer (automatic),57.77,3151.29,No
CUST-01362,Female,0,Yes,No,36,Yes,Yes,DSL,No,No,Yes,Yes,No,No,Two year,Yes,Bank transfer (automatic),53.52,1959.95,No
CUST-01363,Male,0,Yes,No,52,Yes,No,DSL,Yes,No,Yes,No,No,No,Month-to-month,Yes,Electronic check,51.28,2740.2,No
CUST-01364,Female,0,No,No,22,Yes,No,Fiber optic,No,No,Yes,No,Yes,No,One year,Yes,Electronic check,64.91,1488.77,Yes
CUST-01365,Female,0,No,Yes,38,Yes,No,Fiber optic,No,No,No,No,Yes,Yes,Two year,No,Credit card (automatic),63.66,2378.24,No
CUST-01366,Female,0,No,No,62,No,No phone service,DSL,No,Yes,No,Yes,Yes,Yes,Two year,Yes,Electronic check,72.02,4566.58,No
CUST-01367,Male,0,No,Yes,65,Yes,Yes,No,No internet service,No internet service,No internet service,No internet service,No internet service,No internet service,Month-to-month,Yes,Electronic check,26.14,1804.01,No
CUST-01368,Female,0,No,Yes,3,Yes,No,Fiber optic,No,No,Yes,No,No,Yes,Month-to-month,Yes,Bank transfer (automatic),59.32,226.64,Yes
CUST-01369,Male,0,No,Yes,8,Yes,Yes,DSL,No,Yes,No,Yes,No,Yes,Month-to-month,Yes,Bank transfer (automatic),65.03,542.81,Yes
CUST-01370,Female,1,Yes,No,39,Yes,Yes,DSL,No,No,No,No,No,No,Month-to-month,Yes,Mailed check,41.11,1652.07,No
CUST-01371,Male,0,Yes,No,18,Yes,No,Fiber optic,Yes,Yes,No,No,No,No,Two year,Yes,Credit card (automatic),61.9,1015.24,No
CUST-01372,Male,0,No,No,3,Yes,Yes,DSL,No,No,No,No,No,Yes,One year,No,Credit card (automatic),58.24,169.59,No
CUST-01373,Female,0,No,Yes,18,Yes,No,Fiber optic,No,No,Yes,No,No,Yes,One year,No,Credit card (automatic),68.02,1285.55,No
CUST-01374,Female,0,No,No,1,Yes,No,Fiber optic,Yes,No,Yes,No,Yes,No,Two year,Yes,Electronic check,76.68,66.04,Yes
CUST-01375,Male,0,No,No,26,Yes,Yes,No,No internet service,No internet service,No internet service,No internet service,No internet service,No internet service,Two year,No,Electronic check,37.24,977.73,No
CUST-01376,Male,0,No,No,52,Yes,Yes,Fiber optic,No,No,No,No,No,No,Month-to-month,Yes,Electronic check,58.74,2984.22,Yes
CUST-01377,Female,0,Yes,Yes,12,Yes,No,Fiber optic,No,Yes,No,No,Yes,Yes,Month-to-month,Yes,Electronic check,87.24,1094.24,Yes
CUST-01378,Male,0,Yes,No,38,No,No phone service,No,No internet service,No internet service,No internet service,No internet service,No internet service,No internet service,Month-to-month,Yes,Credit card (automatic),26.17,941.91,No
CUST-01379,Female,1,Yes,No,41,Yes,Yes,DSL,No,No,No,Yes,No,No,Two year,Yes,Credit card (automatic),52.05,2145.39,No
CUST-01380,Female,0,No,Yes,53,Yes,No,Fiber optic,No,No,Yes,No,No,Yes,Month-to-month,Yes,Electronic check,63.59,3411.19,Yes
CUST-01381,Female,0,Yes,No,13,Yes,No,DSL,No,Yes,Yes,No,Yes,Yes,Month-to-month,No,Electronic check,73.88,1002.11,Yes
CUST-01382,Female,0,Yes,Yes,13,Yes,Yes,Fiber optic,No,No,No,Yes,No,No,One year,No,Electronic check,62.41,785.16,Yes
CUST-01383,Male,0,Yes,No,18,Yes,Yes,Fiber optic,No,No,No,No,Yes,Yes,Month-to-month,No,Electronic check,86.1,1484.39,Yes
CUST-01384,Female,0,Yes,Yes,19,Yes,Yes,Fiber optic,No,No,Yes,Yes,No,Yes,Two year,Yes,Mailed check,71.15,1452.69,No
CUST-01385,Male,0,Yes,Yes,19,Yes,Yes,DSL,No,No,Yes,No,Yes,No,Month-to-month,Yes,Mailed check,61.48,1175.86,Yes
CUST-01386,Female,0,Yes,No,70,Yes,Yes,Fiber optic,No,No,No,No,No,No,One year,Yes,Mailed check,63.68,4437.46,No
CUST-01387,Male,0,No,No,48,Yes,Yes,No,No internet service,No internet service,No internet service,No internet service,No internet service,No internet service,Two year,Yes,Bank transfer (automatic),33.64,1608.21,No
CUST-01388,Female,0,Yes,No,71,No,No phone service,No,No internet service,No internet service,No internet service,No internet service,No internet service,No internet service,Two year,Yes,Electronic check,26.67,1907.28,No
CUST-01389,Male,0,Yes,No,71,Yes,Yes,DSL,No,No,No,No,No,Yes,Month-to-month,No,Credit card (automatic),52.57,3645.15,No
CUST-01390,Male,0,No,No,28,Yes,Yes,DSL,No,No,No,No,Yes,No,Two year,No,Credit card (automatic),57.92,1632.75,No
CUST-01391,Female,0,No,No,19,Yes,No,DSL,No,No,No,No,No,No,Two year,No,Electronic check,36.0,681.79,No
CUST-01392,Female,1,Yes,No,48,Yes,No,DSL,Yes,No,No,Yes,No,No,Month-to-month,No,Bank transfer (automatic),49.43,2427.94,No
CUST-01393,Female,0,Yes,No,29,Yes,Yes,Fiber optic,No,No,Yes,No,No,No,Month-to-month,Yes,Bank transfer (automatic),63.76,1827.9,Yes
CUST-01394,Female,0,No,No,48,Yes,No,Fiber optic,No,No,No,No,Yes,Yes,Two year,Yes,Electronic check,81.75,3922.09,No
CUST-01395,Male,0,Yes,No,19,Yes,No,DSL,No,Yes,No,Yes,No,Yes,One year,No,Mailed check,53.53,998.91,No
CUST-01396,Female,0,Yes,Yes,47,Yes,No,DSL,Yes,No,No,No,Yes,No,Month-to-month,No,Bank transfer (automatic),60.32,2876.68,Yes
CUST-01397,Male,1,Yes,No,60,No,No phone service,Fiber optic,Yes,No,Yes,Yes,Yes,No,Two year,No,Bank transfer (automatic),79.17,4743.35,No
CUST-01398,Male,0,Yes,Yes,48,Yes,Yes,Fiber optic,Yes,No,No,No,No,Yes,Two year,Yes,Credit card (automatic),76.32,3646.13,Yes
CUST-01399,Female,0,No,No,20,Yes,No,Fiber optic,Yes,No,Yes,No,No,No,Month-to-month,Yes,Electronic check,64.82,1209.9,Yes
CUST-01400,Male,0,No,No,19,Yes,No,DSL,Yes,No,No,Yes,No,No,One year,Yes,Electronic check,44.38,907.04,No
CUST-01401,Male,0,No,No,42,Yes,No,Fiber optic,No,No,Yes,No,No,No,One year,No,Bank transfer (automatic),59.1,2524.23,No
CUST-01402,Male,0,No,Yes,49,Yes,No,No,No internet service,No internet service,No internet service,No internet service,No internet service,No internet service,Month-to-month,Yes,Electronic check,25.79,1357.63,No
CUST-01403,Male,0,Yes,No,15,Yes,No,Fiber optic,No,Yes,No,No,No,Yes,Month-to-month,No,Mailed check,72.57,1118.02,Yes
CUST-01404,Female,0,No,Yes,60,Yes,No,Fiber optic,Yes,No,No,No,No,Yes,One year,Yes,Electronic check,67.66,4095.43,No
CUST-01405,Female,0,Yes,No,68,Yes,No,Fiber optic,No,No,No,No,No,No,Month-to-month,No,Electronic check,55.83,3698.23,No
CUST-01406,Female,0,Yes,No,27,Yes,No,DSL,No,No,No,No,Yes,No,Month-to-month,Yes,Electronic check,53.26,1431.16,Yes
CUST-01407,Female,1,No,Yes,55,Yes,Yes,Fiber optic,Yes,No,Yes,No,No,No,Month-to-month,Yes,Electronic check,68.31,3764.23,No
CUST-01408,Male,0,No,No,15,Yes,No,No,No internet service,No internet service,No internet service,No internet service,No internet service,No internet service,Month-to-month,No,Electronic check,20.27,358.64,Yes
CUST-01409,Male,0,Yes,Yes,52,Yes,No,Fiber optic,No,No,No,No,Yes,Yes,Month-to-month,Yes,Credit card (automatic),79.04,4047.54,Yes
CUST-01410,Female,0,No,No,31,Yes,Yes,Fiber optic,No,Yes,No,No,Yes,No,Month-to-month,Yes,Electronic check,77.94,2460.77,Yes
CUST-01411,Female,0,Yes,No,7,No,No phone service,Fiber optic,No,No,Yes,No,No,No,Two year,No,Bank transfer (automatic),62.25,477.9,No
CUST-01412,Female,0,Yes,Yes,13,Yes,No,Fiber optic,No,Yes,No,Yes,Yes,Yes,Two year,Yes,Electronic check,80.07,1028.5,No
CUST-01413,Male,0,Yes,Yes,54,Yes,No,No,No internet service,No internet service,No internet service,No internet service,No internet service,No internet service,Two year,Yes,Mailed check,32.8,1795.74,No
CUST-01414,Female,0,No,No,13,No,No phone service,DSL,No,No,No,No,No,Yes,Month-to-month,Yes,Bank transfer (automatic),44.44,567.42,Yes
CUST-01415,Female,1,No,No,20,Yes,No,No,No internet service,No internet service,No internet service,No internet service,No internet service,No internet service,Two year,No,Electronic check,25.34,524.51,No
CUST-01416,Female,0,No,Yes,10,Yes,Yes,Fiber optic,No,No,No,No,Yes,No,Month-to-month,Yes,Electronic check,72.68,728.61,Yes
CUST-01417,Male,0,Yes,Yes,52,Yes,No,DSL,No,No,No,No,No,No,Two year,No,Credit card (automatic),39.94,2110.36,No
CUST-01418,Male,0,Yes,No,37,No,No phone service,Fiber optic,No,Yes,No,Yes,No,Yes,Month-to-month,Yes,Credit card (automatic),76.46,2781.27,Yes
CUST-01419,Male,0,No,Yes,52,Yes,No,Fiber optic,No,No,Yes,No,Yes,No,Month-to-month,Yes,Bank transfer (automatic),68.05,3543.47,No
CUST-01420,Male,0,Yes,No,27,Yes,No,DSL,No,Yes,No,Yes,Yes,Yes,Month-to-month,No,Mailed check,72.63,1972.98,No
CUST-01421,Male,0,Yes,No,34,Yes,No,Fiber optic,No,No,Yes,No,No,No,Two year,Yes,Bank transfer (automatic),50.25,1698.46,No
CUST-01422,Male,0,No,Yes,62,Yes,No,DSL,No,No,No,Yes,No,Yes,One year,No,Credit card (automatic),56.15,3448.81,No
CUST-01423,Male,1,No,No,16,Yes,No,Fiber optic,Yes,No,Yes,No,Yes,No,Month-to-month,Yes,Mailed check,78.43,1274.28,No
CUST-01424,Male,0,Yes,No,59,Yes,Yes,Fiber optic,Yes,Yes,No,No,Yes,No,Month-to-month,Yes,Electronic check,74.42,4372.56,Yes
CUST-01425,Female,0,Yes,No,21,Yes,No,Fiber optic,No,No,No,No,No,Yes,One year,No,Credit card (automatic),71.32,1511.31,Yes
CUST-01426,Female,0,Yes,No,16,Yes,No,No,No internet service,No internet service,No internet service,No internet service,No internet service,No internet service,Month-to-month,No,Electronic check,29.66,489.95,Yes
CUST-01427,Male,0,No,No,13,Yes,No,No,No internet service,No internet service,No internet service,No internet service,No internet service,No internet service,Month-to-month,No,Credit card (automatic),25.08,328.22,Yes
CUST-01428,Male,0,No,No,33,Yes,No,No,No internet service,No internet service,No internet service,No internet service,No internet service,No internet service,Month-to-month,Yes,Bank transfer (automatic),28.75,903.47,Yes
CUST-01429,Female,0,No,Yes,54,Yes,No,Fiber optic,No,No,Yes,No,No,No,Month-to-month,No,Mailed check,63.31,3421.88,Yes
CUST-01430,Male,0,Yes,No,69,Yes,No,Fiber optic,No,No,No,Yes,No,No,Month-to-month,No,Bank transfer (automatic),56.55,3808.56,No
CUST-01431,Male,0,Yes,No,27,Yes,Yes,Fiber optic,No,No,No,No,No,Yes,One year,Yes,Mailed check,75.47,2027.9,Yes
CUST-01432,Male,0,No,Yes,52,Yes,Yes,Fiber optic,Yes,No,Yes,Yes,No,No,Month-to-month,Yes,Mailed check,77.62,4120.8,Yes
CUST-01433,Female,0,No,No,65,Yes,Yes,DSL,No,Yes,No,No,No,No,Month-to-month,No,Electronic check,54.92,3575.66,Yes
CUST-01434,Female,0,No,No,44,No,No phone service,Fiber optic,Yes,No,Yes,No,Yes,No,Month-to-month,Yes,Credit card (automatic),69.95,3022.12,Yes
CUST-01435,Female,0,Yes,No,30,Yes,Yes,Fiber optic,Yes,No,Yes,No,Yes,Yes,Two year,No,Bank transfer (automatic),93.87,2815.69,No
CUST-01436,Female,0,No,Yes,23,Yes,No,Fiber optic,No,No,No,No,No,No,Month-to-month,Yes,Bank transfer (automatic),51.46,1144.59,No
CUST-01437,Female,0,No,No,16,Yes,No,DSL,No,Yes,No,No,No,No,Month-to-month,Yes,Electronic check,40.64,690.44,No
CUST-01438,Male,0,No,No,55,Yes,No,DSL,No,Yes,Yes,Yes,No,No,Month-to-month,Yes,Electronic check,55.08,3053.86,No
CUST-01439,Female,0,No,No,18,Yes,Yes,DSL,No,Yes,Yes,Yes,No,No,Month-to-month,Yes,Credit card (automatic),64.01,1160.47,Yes
CUST-01440,Male,0,Yes,No,17,Yes,Yes,No,No internet service,No internet service,No internet service,No internet service,No internet service,No internet service,Two year,No,Mailed check,21.38,325.15,No
CUST-01441,Male,0,Yes,No,52,Yes,Yes,DSL,No,Yes,No,No,Yes,No,One year,Yes,Mailed check,66.71,3525.19,No
CUST-01442,Female,0,Yes,No,45,Yes,No,No,No internet service,No internet service,No internet service,No internet service,No internet service,No internet service,Two year,Yes,Electronic check,25.48,1227.55,No
CUST-01443,Female,0,No,Yes,56,Yes,Yes,No,No internet service,No internet service,No internet service,No internet service,No internet service,No internet service,Month-to-month,Yes,Mailed check,25.1,1314.46,No
CUST-01444,Male,0,No,No,54,Yes,Yes,No,No internet service,No internet service,No internet service,No internet service,No internet service,No internet service,One year,Yes,Bank transfer (automatic),32.69,1716.29,No
CUST-01445,Male,0,No,Yes,9,Yes,Yes,Fiber optic,No,No,No,Yes,No,No,Month-to-month,Yes,Electronic check,72.55,558.51,No
CUST-01446,Male,0,Yes,No,17,No,No phone service,No,No internet service,No internet service,No internet service,No internet service,No internet service,No internet service,Month-to-month,Yes,Electronic check,29.36,450.26,No
CUST-01447,Female,0,No,No,27,Yes,No,DSL,No,Yes,Yes,No,No,Yes,Two year,No,Mailed check,64.13,1689.79,No
CUST-01448,Female,0,No,Yes,37,Yes,Yes,DSL,Yes,No,Yes,No,Yes,No,Month-to-month,Yes,Electronic check,64.56,2334.42,Yes
CUST-01449,Female,0,Yes,No,22,Yes,Yes,No,No internet service,No internet service,No internet service,No internet service,No internet service,No internet service,Month-to-month,No,Credit card (automatic),36.44,744.41,No
CUST-01450,Female,0,No,No,72,Yes,Yes,DSL,No,Yes,Yes,No,No,No,Month-to-month,Yes,Bank transfer (automatic),55.73,4002.92,Yes
CUST-01451,Female,1,Yes,Yes,67,Yes,No,DSL,No,No,Yes,No,No,No,Two year,No,Electronic check,45.37,3044.85,No
CUST-01452,Male,0,Yes,Yes,38,Yes,No,DSL,No,No,Yes,Yes,Yes,Yes,Month-to-month,No,Electronic check,65.04,2420.97,Yes
CUST-01453,Female,0,Yes,Yes,72,No,No phone service,Fiber optic,No,No,No,Yes,No,No,Month-to-month,No,Electronic check,55.33,3972.39,No
CUST-01454,Male,0,No,Yes,44,Yes,Yes,Fiber optic,No,No,No,Yes,No,Yes,Two year,Yes,Mailed check,72.74,3277.46,No
CUST-01455,Male,0,No,No,36,No,No phone service,DSL,No,No,No,No,No,Yes,Two year,No,Electronic check,49.58,1852.77,No
CUST-01456,Male,0,Yes,No,25,Yes,No,Fiber optic,No,No,No,No,No,Yes,Two year,Yes,Mailed check,61.17,1528.98,No
CUST-01457,Female,0,No,Yes,42,Yes,No,Fiber optic,No,Yes,No,Yes,No,Yes,Two year,No,Electronic check,75.02,3137.26,Yes
CUST-01458,Female,0,No,No,13,Yes,Yes,No,No internet service,No internet service,No internet service,No internet service,No internet service,No internet service,Month-to-month,Yes,Bank transfer (automatic),34.04,470.52,Yes
CUST-01459,Female,0,No,No,56,Yes,No,DSL,Yes,No,No,No,No,No,Month-to-month,Yes,Bank transfer (automatic),41.64,2334.44,No
CUST-01460,Male,0,Yes,No,51,Yes,No,DSL,No,No,No,No,Yes,Yes,One year,No,Credit card (automatic),63.9,3199.35,No
CUST-01461,Male,0,No,Yes,50,Yes,No,Fiber optic,Yes,Yes,Yes,No,Yes,Yes,Two year,Yes,Credit card (automatic),91.65,4488.03,No
CUST-01462,Male,0,No,No,52,Yes,No,No,No internet service,No internet service,No internet service,No internet service,No internet service,No internet service,Month-to-month,No,Bank transfer (automatic),19.0,1017.61,No
CUST-01463,Male,0,Yes,No,33,Yes,Yes,DSL,No,Yes,No,No,Yes,Yes,One year,Yes,Electronic check,75.54,2497.4,No
CUST-01464,Male,0,Yes,No,25,Yes,No,DSL,No,No,Yes,No,Yes,No,Two year,No,Mailed check,51.42,1340.7,No
CUST-01465,Male,1,No,No,58,Yes,No,DSL,No,Yes,No,No,No,No,Two year,No,Credit card (automatic),43.6,2546.62,No
CUST-01466,Female,1,Yes,Yes,40,Yes,No,Fiber optic,No,No,No,No,No,Yes,One year,Yes,Electronic check,62.52,2463.58,No
CUST-01467,Female,0,No,No,38,Yes,No,Fiber optic,Yes,No,Yes,No,No,No,Month-to-month,No,Mailed check,65.32,2610.02,Yes
CUST-01468,Female,0,Yes,No,3,Yes,Yes,Fiber optic,No,No,Yes,No,Yes,No,One year,No,Bank transfer (automatic),72.7,274.76,Yes
CUST-01469,Female,1,No,No,16,Yes,Yes,Fiber optic,Yes,Yes,Yes,No,Yes,No,Two year,No,Bank transfer (automatic),88.25,1437.21,No
CUST-01470,Male,0,Yes,No,2,Yes,No,Fiber optic,No,No,No,No,Yes,No,One year,Yes,Credit card (automatic),66.51,141.87,Yes
CUST-01471,Male,0,Yes,No,23,Yes,No,DSL,Yes,Yes,No,No,No,No,Month-to-month,Yes,Electronic check,56.5,1287.45,No
CUST-01472,Female,1,Yes,No,30,Yes,No,Fiber optic,No,No,Yes,No,Yes,Yes,Month-to-month,No,Credit card (automatic),79.71,2365.54,No
CUST-01473,Male,0,No,No,10,Yes,Yes,Fiber optic,No,No,No,No,No,Yes,Month-to-month,No,Electronic check,75.09,722.53,Yes
CUST-01474,Female,0,No,Yes,65,Yes,Yes,DSL,No,No,Yes,No,Yes,No,One year,No,Electronic check,69.56,4434.29,No
CUST-01475,Female,0,Yes,No,22,No,No phone service,Fiber optic,No,No,No,No,No,Yes,One year,No,Credit card (automatic),70.62,1538.78,Yes
CUST-01476,Female,0,Yes,No,52,Yes,Yes,Fiber optic,No,No,No,No,No,No,Month-to-month,Yes,Credit card (automatic),57.25,2968.76,Yes
CUST-01477,Male,1,No,No,56,No,No phone service,Fiber optic,No,No,Yes,No,Yes,No,One year,No,Electronic check,70.93,3996.87,No
CUST-01478,Female,0,Yes,No,33,Yes,No,DSL,Yes,No,Yes,No,No,Yes,One year,No,Electronic check,55.77,1826.37,Yes
CUST-01479,Female,0,No,No,30,Yes,Yes,Fiber optic,No,Yes,No,No,Yes,No,Month-to-month,Yes,Mailed check,75.64,2245.6,Yes
CUST-01480,Female,0,Yes,No,24,Yes,No,DSL,Yes,No,No,No,No,No,Two year,No,Mailed check,47.23,1110.01,No
CUST-01481,Male,0,No,No,5,Yes,Yes,DSL,Yes,No,No,Yes,No,Yes,Month-to-month,Yes,Mailed check,66.26,269.56,Yes
CUST-01482,Male,0,No,Yes,53,Yes,No,No,No internet service,No internet service,No internet service,No internet service,No internet service,No internet service,Month-to-month,No,Mailed check,30.94,1654.06,No
CUST-01483,Female,0,No,Yes,55,Yes,Yes,Fiber optic,No,No,No,No,Yes,No,Month-to-month,Yes,Electronic check,63.83,3539.17,No
CUST-01484,Male,1,No,Yes,23,No,No phone service,Fiber optic,No,No,Yes,No,No,No,One year,Yes,Credit card (automatic),61.11,1418.07,No
CUST-01485,Male,0,Yes,No,10,Yes,No,No,No internet service,No internet service,No internet service,No internet service,No internet service,No internet service,Month-to-month,Yes,Credit card (automatic),23.19,267.46,No
CUST-01486,Male,0,Yes,Yes,33,Yes,No,Fiber optic,No,No,No,Yes,Yes,No,Month-to-month,Yes,Mailed check,61.39,2057.49,Yes
CUST-01487,Male,0,No,No,62,Yes,Yes,Fiber optic,Yes,Yes,No,No,Yes,No,Month-to-month,Yes,Mailed check,77.95,4859.58,Yes
CUST-01488,Male,0,No,Yes,27,Yes,Yes,DSL,Yes,No,No,No,Yes,No,Two year,No,Mailed check,60.47,1653.4,No
CUST-01489,Male,0,No,No,7,Yes,No,DSL,No,Yes,Yes,No,Yes,No,Month-to-month,No,Bank transfer (automatic),59.17,366.35,Yes
CUST-01490,Male,0,No,No,27,Yes,No,Fiber optic,No,No,No,Yes,Yes,Yes,Two year,No,Bank transfer (automatic),81.57,2258.12,Yes
CUST-01491,Male,0,No,No,10,Yes,Yes,No,No internet service,No internet service,No internet service,No internet service,No internet service,No internet service,One year,No,Mailed check,28.95,294.44,No
CUST-01492,Male,0,Yes,No,57,Yes,Yes,Fiber optic,No,No,No,No,No,No,Month-to-month,No,Credit card (automatic),59.05,3443.04,Yes
CUST-01493,Male,0,Yes,No,30,Yes,No,DSL,Yes,Yes,No,Yes,No,Yes,Month-to-month,Yes,Mailed check,61.76,1910.11,Yes
CUST-01494,Female,0,Yes,No,3,Yes,Yes,Fiber optic,No,No,No,Yes,Yes,Yes,One year,Yes,Electronic check,86.11,176.84,Yes
CUST-01495,Female,0,Yes,No,29,Yes,Yes,DSL,Yes,Yes,Yes,No,No,No,Month-to-month,Yes,Bank transfer (automatic),56.21,1656.23,No
CUST-01496,Male,0,No,No,14,Yes,No,No,No internet service,No internet service,No internet service,No internet service,No internet service,No internet service,Month-to-month,Yes,Electronic check,27.37,400.65,No
CUST-01497,Female,0,Yes,No,25,Yes,No,Fiber optic,No,Yes,Yes,Yes,Yes,Yes,Two year,Yes,Bank transfer (automatic),88.08,2204.16,No
CUST-01498,Female,0,Yes,No,10,No,No phone service,No,No internet service,No internet service,No internet service,No internet service,No internet service,No internet service,One year,Yes,Electronic check,22.65,273.86,No
CUST-01499,Male,1,Yes,No,49,Yes,No,DSL,No,No,No,No,No,Yes,One year,Yes,Electronic check,52.65,2596.91,Yes
CUST-01500,Male,0,Yes,No,38,Yes,No,DSL,Yes,Yes,No,No,No,No,One year,Yes,Electronic check,42.09,1463.03,No
CUST-01501,Male,0,Yes,Yes,71,Yes,Yes,Fiber optic,No,No,No,No,No,No,Two year,No,Electronic check,60.45,4323.78,No
CUST-01502,Female,0,No,Yes,14,Yes,No,No,No internet service,No internet service,No internet service,No internet service,No internet service,No internet service,Month-to-month,No,Bank transfer (automatic),21.32,295.71,No
CUST-01503,Female,0,Yes,No,30,Yes,No,Fiber optic,Yes,Yes,No,No,Yes,Yes,Two year,No,Electronic check,82.61,2537.25,No
CUST-01504,Male,0,No,No,40,No,No phone service,No,No internet service,No internet service,No internet service,No internet service,No internet service,No internet service,Month-to-month,Yes,Credit card (automatic),27.22,1062.95,No
CUST-01505,Male,0,No,No,12,Yes,No,DSL,Yes,No,No,No,Yes,No,Two year,No,Bank transfer (automatic),60.4,732.98,No
CUST-01506,Male,0,No,No,14,Yes,No,Fiber optic,Yes,No,No,No,Yes,Yes,Two year,No,Credit card (automatic),73.89,1107.95,Yes
CUST-01507,Female,0,Yes,No,1,Yes,No,Fiber optic,No,No,No,Yes,Yes,No,Month-to-month,No,Electronic check,70.39,105.48,Yes
CUST-01508,Female,0,Yes,No,68,Yes,No,Fiber optic,No,Yes,No,No,No,No,Month-to-month,No,Mailed check,55.82,3864.37,No
CUST-01509,Female,0,Yes,No,49,Yes,Yes,Fiber optic,No,Yes,No,No,No,Yes,Month-to-month,No,Bank transfer (automatic),74.06,3604.66,Yes
CUST-01510,Female,0,Yes,No,18,Yes,Yes,Fiber optic,No,No,No,Yes,No,No,One year,Yes,Electronic check,63.21,1115.18,Yes
CUST-01511,Male,0,No,No,36,Yes,Yes,Fiber optic,No,Yes,No,No,Yes,No,One year,Yes,Electronic check,74.7,2736.76,Yes
CUST-01512,Male,0,No,Yes,64,Yes,No,DSL,No,No,No,No,No,No,Month-to-month,Yes,Credit card (automatic),36.17,2251.53,Yes
CUST-01513,Male,0,No,Yes,28,Yes,No,DSL,No,No,Yes,No,No,No,Month-to-month,Yes,Bank transfer (automatic),50.06,1423.11,Yes
CUST-01514,Male,0,Yes,No,32,No,No phone service,Fiber optic,No,No,Yes,No,No,No,Month-to-month,Yes,Bank transfer (automatic),65.27,2073.64,Yes
CUST-01515,Female,0,No,No,72,Yes,Yes,Fiber optic,No,Yes,No,No,Yes,No,Month-to-month,Yes,Credit card (automatic),70.18,5058.52,No
CUST-01516,Female,1,Yes,No,25,Yes,No,Fiber optic,No,No,Yes,Yes,Yes,Yes,Month-to-month,Yes,Bank transfer (automatic),78.5,1980.73,Yes
CUST-01517,Male,0,No,No,47,Yes,No,Fiber optic,No,No,Yes,Yes,No,Yes,Month-to-month,Yes,Bank transfer (automatic),75.53,3555.19,Yes
CUST-01518,Male,0,No,No,20,Yes,Yes,DSL,Yes,No,No,No,Yes,No,One year,Yes,Electronic check,61.19,1279.88,No
CUST-01519,Female,0,Yes,No,33,Yes,Yes,Fiber optic,No,No,No,No,No,Yes,Month-to-month,Yes,Mailed check,66.36,2163.66,Yes
CUST-01520,Male,0,Yes,Yes,30,Yes,No,DSL,No,Yes,No,No,No,Yes,Month-to-month,No,Electronic check,54.41,1653.63,Yes
CUST-01521,Female,0,No,No,37,Yes,No,Fiber optic,No,Yes,Yes,Yes,Yes,Yes,Month-to-month,Yes,Electronic check,91.05,3298.8,Yes
CUST-01522,Male,0,Yes,No,53,No,No phone service,No,No internet service,No internet service,No internet service,No internet service,No internet service,No internet service,Two year,No,Electronic check,19.51,1046.45,No
CUST-01523,Male,0,Yes,Yes,69,Yes,Yes,No,No internet service,No internet service,No internet service,No internet service,No internet service,No internet service,One year,Yes,Mailed check,32.67,2242.94,No
CUST-01524,Male,0,Yes,No,8,Yes,No,No,No internet service,No internet service,No internet service,No internet service,No internet service,No internet service,Two year,No,Bank transfer (automatic),26.45,217.46,No
CUST-01525,Male,0,Yes,No,1,Yes,No,DSL,Yes,No,No,No,Yes,No,Two year,No,Mailed check,52.57,44.37,No
CUST-01526,Male,0,No,No,7,Yes,No,DSL,Yes,No,No,Yes,Yes,No,One year,Yes,Credit card (automatic),50.82,383.38,No
CUST-01527,Male,0,No,No,62,Yes,No,Fiber optic,No,No,No,No,No,Yes,Month-to-month,No,Electronic check,74.02,4605.98,No
CUST-01528,Male,0,No,No,58,Yes,Yes,Fiber optic,No,No,Yes,No,No,No,Month-to-month,No,Credit card (automatic),66.97,3927.9,Yes
CUST-01529,Female,0,Yes,No,8,Yes,Yes,DSL,Yes,No,No,No,No,No,One year,Yes,Mailed check,48.23,384.02,No
CUST-01530,Female,0,No,No,64,Yes,No,Fiber optic,No,No,No,No,No,No,One year,Yes,Electronic check,54.59,3340.61,Yes
CUST-01531,Female,0,No,Yes,8,Yes,No,Fiber optic,No,Yes,Yes,No,No,No,One year,Yes,Credit card (automatic),63.49,502.55,Yes
CUST-01532,Female,0,Yes,No,3,Yes,No,No,No internet service,No internet service,No internet service,No internet service,No internet service,No internet service,Month-to-month,No,Mailed check,29.67,59.72,No
CUST-01533,Female,0,Yes,No,58,Yes,No,No,No internet service,No internet service,No internet service,No internet service,No internet service,No internet service,One year,Yes,Electronic check,20.26,1121.74,No
CUST-01534,Male,0,No,No,32,Yes,No,DSL,No,No,Yes,Yes,No,No,Month-to-month,No,Electronic check,46.9,1511.41,Yes
CUST-01535,Male,1,Yes,No,68,Yes,No,DSL,No,Yes,No,No,Yes,No,Month-to-month,Yes,Electronic check,61.5,4110.81,No
CUST-01536,Female,0,Yes,No,49,Yes,Yes,Fiber optic,No,No,Yes,No,Yes,Yes,Month-to-month,Yes,Bank transfer (automatic),82.97,4061.79,Yes
CUST-01537,Male,0,Yes,Yes,38,Yes,No,DSL,No,No,Yes,No,Yes,Yes,Two year,Yes,Mailed check,65.15,2533.07,No
CUST-01538,Female,0,Yes,No,2,Yes,Yes,DSL,No,Yes,No,Yes,Yes,No,One year,No,Credit card (automatic),70.7,58.84,No
CUST-01539,Female,0,Yes,No,9,Yes,No,No,No internet service,No internet service,No internet service,No internet service,No internet service,No internet service,Two year,No,Mailed check,24.19,235.79,No
CUST-01540,Male,1,Yes,No,46,Yes,Yes,No,No internet service,No internet service,No internet service,No internet service,No internet service,No internet service,Month-to-month,Yes,Electronic check,28.21,1341.58,No
CUST-01541,Male,0,No,No,65,No,No phone service,Fiber optic,No,Yes,No,No,Yes,No,Month-to-month,No,Bank transfer (automatic),72.93,4817.59,Yes
CUST-01542,Male,0,Yes,No,49,Yes,No,No,No internet service,No internet service,No internet service,No internet service,No internet service,No internet service,Two year,Yes,Credit card (automatic),24.49,1322.02,No
CUST-01543,Female,0,No,No,29,Yes,Yes,DSL,No,No,Yes,No,Yes,Yes,Month-to-month,Yes,Electronic check,67.15,1938.99,Yes
CUST-01544,Male,0,Yes,No,29,Yes,No,Fiber optic,Yes,No,Yes,Yes,No,Yes,Two year,Yes,Electronic check,74.89,2234.62,No
CUST-01545,Female,1,No,No,33,Yes,No,Fiber optic,No,No,Yes,No,No,No,Month-to-month,No,Credit card (automatic),65.79,2187.09,No
CUST-01546,Female,0,No,No,28,Yes,No,No,No internet service,No internet service,No internet service,No internet service,No internet service,No internet service,Month-to-month,Yes,Electronic check,26.43,717.04,No
CUST-01547,Female,1,No,No,26,Yes,No,DSL,No,Yes,Yes,Yes,No,No,Month-to-month,No,Credit card (automatic),57.41,1494.49,Yes
CUST-01548,Male,0,No,No,29,Yes,Yes,Fiber optic,No,No,No,Yes,No,Yes,Month-to-month,Yes,Bank transfer (automatic),73.87,2080.07,Yes
CUST-01549,Male,0,No,Yes,11,Yes,Yes,No,No internet service,No internet service,No internet service,No internet service,No internet service,No internet service,Month-to-month,Yes,Electronic check,21.58,318.1,No
CUST-01550,Female,0,No,No,34,Yes,Yes,Fiber optic,Yes,No,No,No,No,No,Month-to-month,Yes,Electronic check,62.8,2160.91,Yes
CUST-01551,Male,0,Yes,Yes,48,No,No phone service,Fiber optic,Yes,No,Yes,No,No,Yes,One year,Yes,Electronic check,74.09,3533.96,No
CUST-01552,Male,0,Yes,Yes,27,Yes,No,No,No internet service,No internet service,No internet service,No internet service,No internet service,No internet service,Month-to-month,Yes,Credit card (automatic),28.16,775.36,No
CUST-01553,Male,0,No,No,72,Yes,No,DSL,Yes,Yes,No,No,Yes,No,One year,Yes,Credit card (automatic),62.72,4483.77,No
CUST-01554,Female,0,Yes,Yes,40,Yes,No,DSL,Yes,No,No,No,Yes,Yes,One year,Yes,Credit card (automatic),65.31,2667.47,No
CUST-01555,Female,0,No,No,31,Yes,No,DSL,Yes,Yes,No,Yes,No,No,Month-to-month,Yes,Credit card (automatic),49.94,1557.57,No
CUST-01556,Male,0,No,Yes,65,Yes,No,Fiber optic,No,No,No,No,No,Yes,Month-to-month,Yes,Mailed check,68.15,4380.25,Yes
CUST-01557,Female,0,Yes,No,39,Yes,No,No,No internet service,No internet service,No internet service,No internet service,No internet service,No internet service,One year,Yes,Credit card (automatic),23.55,902.27,No
CUST-01558,Male,0,No,Yes,24,Yes,No,Fiber optic,No,No,Yes,No,No,Yes,Month-to-month,No,Electronic check,72.66,1762.86,No
CUST-01559,Male,0,Yes,Yes,68,Yes,Yes,Fiber optic,Yes,No,No,Yes,No,Yes,Month-to-month,Yes,Credit card (automatic),83.56,5627.36,No
CUST-01560,Male,0,Yes,No,23,Yes,Yes,No,No internet service,No internet service,No internet service,No internet service,No internet service,No internet service,Month-to-month,Yes,Electronic check,30.21,599.19,No
CUST-01561,Male,0,No,No,61,Yes,Yes,Fiber optic,No,Yes,Yes,No,No,Yes,Month-to-month,No,Mailed check,77.43,4658.14,Yes
CUST-01562,Female,1,Yes,No,27,Yes,Yes,No,No internet service,No internet service,No internet service,No internet service,No internet service,No internet service,Month-to-month,Yes,Mailed check,35.32,933.5,Yes
CUST-01563,Female,0,No,Yes,16,Yes,Yes,No,No internet service,No internet service,No internet service,No internet service,No internet service,No internet service,One year,Yes,Credit card (automatic),28.4,473.43,Yes
CUST-01564,Female,0,No,No,45,Yes,Yes,Fiber optic,Yes,No,No,No,Yes,No,Two year,Yes,Mailed check,78.23,3549.74,No
CUST-01565,Male,0,Yes,No,27,Yes,Yes,DSL,Yes,No,No,Yes,Yes,No,Month-to-month,Yes,Mailed check,56.19,1571.9,Yes
CUST-01566,Male,0,No,Yes,5,Yes,No,DSL,No,Yes,No,Yes,No,No,One year,Yes,Credit card (automatic),48.51,250.72,No
CUST-01567,Male,1,No,No,59,Yes,No,Fiber optic,No,No,Yes,No,No,Yes,Two year,Yes,Electronic check,75.37,4475.14,No
CUST-01568,Female,0,Yes,No,72,Yes,Yes,Fiber optic,No,Yes,No,No,No,Yes,One year,Yes,Electronic check,83.34,5949.66,No
CUST-01569,Male,0,Yes,No,35,Yes,Yes,DSL,No,Yes,Yes,No,No,No,One year,Yes,Electronic check,56.46,1950.66,No
CUST-01570,Female,0,No,No,70,Yes,No,DSL,No,Yes,Yes,Yes,No,Yes,Month-to-month,Yes,Credit card (automatic),62.99,4399.55,No
CUST-01571,Female,0,No,No,46,Yes,No,Fiber optic,No,No,No,No,No,No,Month-to-month,Yes,Electronic check,62.81,2888.78,Yes
CUST-01572,Female,0,Yes,No,56,No,No phone service,Fiber optic,No,No,No,No,No,Yes,Month-to-month,Yes,Electronic check,67.97,3773.23,No
CUST-01573,Female,0,Yes,No,24,Yes,No,Fiber optic,Yes,No,Yes,No,No,No,Two year,No,Bank transfer (automatic),67.07,1588.01,No
CUST-01574,Female,0,No,No,10,Yes,No,Fiber optic,No,No,Yes,No,Yes,No,Month-to-month,No,Bank transfer (automatic),70.8,725.83,Yes
CUST-01575,Female,1,No,No,38,Yes,Yes,Fiber optic,No,No,No,No,Yes,Yes,Month-to-month,Yes,Credit card (automatic),80.71,3033.94,No
CUST-01576,Male,0,Yes,No,70,Yes,Yes,No,No internet service,No internet service,No internet service,No internet service,No internet service,No internet service,One year,Yes,Mailed check,29.41,2011.4,No
CUST-01577,Male,0,No,No,48,Yes,No,Fiber optic,No,No,No,No,No,No,Month-to-month,No,Electronic check,58.33,2769.21,Yes
CUST-01578,Female,0,Yes,No,9,Yes,No,Fiber optic,No,No,No,No,No,No,Two year,Yes,Electronic check,52.95,509.58,Yes
CUST-01579,Female,0,No,No,50,Yes,No,DSL,No,Yes,No,Yes,No,No,One year,No,Electronic check,45.35,2295.76,No
CUST-01580,Male,1,Yes,Yes,69,Yes,No,Fiber optic,No,No,No,No,Yes,No,Month-to-month,No,Bank transfer (automatic),67.96,4706.38,No
CUST-01581,Female,0,Yes,No,48,Yes,No,Fiber optic,No,No,No,No,No,Yes,One year,No,Bank transfer (automatic),68.79,3323.93,No
CUST-01582,Female,0,Yes,No,39,Yes,No,DSL,No,No,Yes,No,No,No,Two year,Yes,Bank transfer (automatic),38.32,1480.31,No
CUST-01583,Male,0,No,No,5,Yes,No,Fiber optic,No,No,No,No,Yes,Yes,Two year,No,Credit card (automatic),76.34,385.36,No
CUST-01584,Female,0,No,No,11,Yes,Yes,DSL,No,Yes,Yes,No,Yes,No,Month-to-month,Yes,Electronic check,68.23,802.87,Yes
CUST-01585,Female,1,No,No,60,Yes,Yes,DSL,No,No,No,No,Yes,No,Month-to-month,Yes,Electronic check,56.11,3328.47,Yes
CUST-01586,Female,0,No,No,27,Yes,Yes,Fiber optic,No,No,No,No,No,No,Month-to-month,No,Bank transfer (automatic),62.22,1686.63,Yes
CUST-01587,Male,0,Yes,No,7,Yes,Yes,DSL,No,No,Yes,No,No,No,Month-to-month,No,Credit card (automatic),46.83,323.84,No
CUST-01588,Male,1,No,No,60,Yes,No,DSL,Yes,Yes,No,No,No,No,Month-to-month,Yes,Mailed check,47.79,2881.18,No
CUST-01589,Male,1,Yes,No,50,Yes,No,Fiber optic,No,No,No,Yes,Yes,No,Two year,No,Credit card (automatic),68.53,3462.03,Yes
CUST-01590,Female,0,No,Yes,67,Yes,No,Fiber optic,Yes,No,No,No,No,Yes,Two year,Yes,Bank transfer (automatic),72.86,4886.15,No
CUST-01591,Female,0,Yes,No,69,Yes,Yes,Fiber optic,No,No,Yes,Yes,Yes,No,Month-to-month,Yes,Credit card (automatic),78.16,5445.39,Yes
CUST-01592,Male,0,Yes,No,55,Yes,No,DSL,No,No,No,Yes,No,No,Two year,No,Electronic check,41.01,2263.57,No
CUST-01593,Female,0,No,No,16,Yes,No,DSL,Yes,No,Yes,No,Yes,Yes,Month-to-month,No,Mailed check,72.92,1157.12,No
CUST-01594,Female,1,No,No,12,No,No phone service,Fiber optic,No,Yes,Yes,No,No,No,Month-to-month,No,Bank transfer (automatic),68.98,825.24,Yes
CUST-01595,Female,0,No,Yes,27,Yes,No,Fiber optic,No,No,Yes,No,No,No,Month-to-month,No,Electronic check,67.26,1857.69,Yes
CUST-01596,Female,0,No,No,33,Yes,No,No,No internet service,No internet service,No internet service,No internet service,No internet service,No internet service,Two year,Yes,Credit card (automatic),27.93,981.3,No
CUST-01597,Female,0,Yes,No,55,Yes,No,Fiber optic,No,No,Yes,No,No,No,Two year,No,Credit card (automatic),61.53,3337.96,No
CUST-01598,Male,0,No,No,52,No,No phone service,Fiber optic,No,Yes,No,Yes,Yes,Yes,One year,Yes,Bank transfer (automatic),87.98,4627.84,No
CUST-01599,Female,0,Yes,Yes,37,Yes,Yes,No,No internet service,No internet service,No internet service,No internet service,No internet service,No internet service,One year,Yes,Bank transfer (automatic),21.94,907.33,No
CUST-01600,Male,0,No,No,15,Yes,No,DSL,Yes,No,No,No,Yes,No,Two year,No,Electronic check,53.08,730.35,No
CUST-01601,Female,0,No,Yes,65,No,No phone service,DSL,No,No,No,No,No,No,Month-to-month,No,Credit card (automatic),40.21,2633.1,Yes
CUST-01602,Male,0,Yes,No,68,Yes,No,Fiber optic,No,Yes,No,No,Yes,Yes,Month-to-month,Yes,Bank transfer (automatic),82.88,5719.17,Yes
CUST-01603,Female,0,Yes,No,3,Yes,Yes,Fiber optic,Yes,No,No,Yes,Yes,Yes,Two year,Yes,Electronic check,91.02,366.38,Yes
CUST-01604,Male,0,Yes,Yes,72,Yes,Yes,DSL,No,No,No,Yes,No,No,Month-to-month,Yes,Bank transfer (automatic),48.2,3466.09,No
CUST-01605,Female,0,Yes,No,5,Yes,Yes,Fiber optic,No,No,No,No,No,No,Two year,Yes,Electronic check,57.26,302.1,No
CUST-01606,Male,0,Yes,No,9,Yes,Yes,DSL,No,No,Yes,No,No,No,One year,Yes,Electronic check,45.21,460.65,Yes
CUST-01607,Female,0,Yes,No,1,Yes,Yes,Fiber optic,Yes,No,Yes,Yes,No,No,One year,Yes,Electronic check,78.58,102.57,Yes
CUST-01608,Male,0,Yes,No,30,Yes,No,DSL,No,No,No,No,No,Yes,Month-to-month,Yes,Electronic check,48.9,1389.9,Yes
CUST-01609,Female,0,No,No,71,No,No phone service,No,No internet service,No internet service,No internet service,No internet service,No internet service,No internet service,Month-to-month,No,Electronic check,22.49,1567.99,No
CUST-01610,Male,0,No,No,20,Yes,Yes,DSL,No,No,No,Yes,Yes,No,Month-to-month,No,Credit card (automatic),68.37,1345.5,Yes
CUST-01611,Male,0,Yes,No,27,Yes,No,No,No internet service,No internet service,No internet service,No internet service,No internet service,No internet service,Two year,No,Electronic check,21.04,622.48,No
CUST-01612,Female,1,Yes,No,63,Yes,Yes,Fiber optic,No,No,No,No,No,No,Two year,No,Credit card (automatic),56.95,3626.51,No
CUST-01613,Female,0,Yes,No,31,Yes,Yes,No,No internet service,No internet service,No internet service,No internet service,No internet service,No internet service,Month-to-month,Yes,Electronic check,29.36,873.03,No
CUST-01614,Male,0,No,Yes,19,Yes,No,No,No internet service,No internet service,No internet service,No internet service,No internet service,No internet service,Month-to-month,No,Credit card (automatic),22.59,391.21,No
CUST-01615,Female,1,No,No,62,Yes,Yes,DSL,No,No,No,No,Yes,Yes,Month-to-month,No,Electronic check,62.14,3785.33,No
CUST-01616,Male,0,No,No,7,No,No phone service,DSL,No,No,No,No,No,No,Month-to-month,Yes,Bank transfer (automatic),42.19,278.0,Yes
CUST-01617,Male,0,No,No,37,Yes,No,Fiber optic,No,No,No,No,No,Yes,Month-to-month,No,Mailed check,68.27,2559.21,Yes
CUST-01618,Male,0,No,Yes,71,No,No phone service,DSL,No,No,Yes,No,No,No,Month-to-month,Yes,Electronic check,46.95,3309.57,No
CUST-01619,Female,1,No,No,8,No,No phone service,No,No internet service,No internet service,No internet service,No internet service,No internet service,No internet service,Month-to-month,Yes,Mailed check,27.51,191.97,Yes
CUST-01620,Male,0,Yes,Yes,57,No,No phone service,DSL,No,No,No,No,Yes,Yes,Month-to-month,No,Electronic check,60.23,3543.14,Yes
CUST-01621,Male,0,No,No,28,Yes,No,DSL,No,Yes,Yes,No,No,Yes,One year,Yes,Electronic check,55.14,1620.07,Yes
CUST-01622,Female,0,No,No,17,Yes,No,DSL,Yes,Yes,Yes,No,Yes,No,One year,Yes,Mailed check,57.13,864.73,No
CUST-01623,Female,0,No,No,11,Yes,Yes,DSL,No,Yes,No,Yes,No,No,Month-to-month,Yes,Mailed check,53.15,636.12,Yes
CUST-01624,Female,0,No,No,15,Yes,Yes,Fiber optic,No,Yes,No,Yes,Yes,No,One year,No,Bank transfer (automatic),79.04,1218.84,Yes
CUST-01625,Female,0,Yes,No,30,Yes,No,Fiber optic,No,No,No,Yes,No,No,Month-to-month,Yes,Bank transfer (automatic),65.79,1945.42,No
CUST-01626,Male,0,No,No,6,No,No phone service,Fiber optic,Yes,Yes,No,No,No,No,Two year,No,Electronic check,57.53,371.56,No
CUST-01627,Male,0,Yes,Yes,12,Yes,Yes,No,No internet service,No internet service,No internet service,No internet service,No internet service,No internet service,Month-to-month,Yes,Electronic check,35.31,465.33,Yes
CUST-01628,Male,0,Yes,No,61,Yes,Yes,DSL,No,Yes,No,No,No,No,One year,No,Electronic check,41.27,2478.63,No
CUST-01629,Male,0,Yes,No,36,Yes,No,Fiber optic,No,No,No,No,Yes,Yes,Month-to-month,Yes,Bank transfer (automatic),81.96,2916.09,No
CUST-01630,Female,1,No,No,35,Yes,Yes,DSL,No,Yes,Yes,No,Yes,No,Month-to-month,Yes,Bank transfer (automatic),70.38,2354.45,No
CUST-01631,Male,0,No,No,67,Yes,Yes,DSL,No,Yes,Yes,No,No,Yes,Month-to-month,Yes,Electronic check,69.63,4642.52,Yes
CUST-01632,Male,0,No,No,63,Yes,No,DSL,No,No,No,No,No,No,Month-to-month,Yes,Mailed check,46.84,2905.7,Yes
CUST-01633,Female,0,No,No,40,Yes,Yes,No,No internet service,No internet service,No internet service,No internet service,No internet service,No internet service,Month-to-month,No,Credit card (automatic),26.39,1084.18,No
CUST-01634,Male,0,Yes,Yes,31,Yes,No,Fiber optic,Yes,Yes,No,No,No,Yes,Month-to-month,No,Credit card (automatic),67.16,2167.7,Yes
CUST-01635,Male,0,No,No,37,Yes,No,Fiber optic,No,Yes,Yes,No,No,Yes,Month-to-month,No,Credit card (automatic),72.62,2701.19,No
CUST-01636,Male,0,No,Yes,5,Yes,No,Fiber optic,No,Yes,No,Yes,Yes,No,Two year,Yes,Bank transfer (automatic),72.66,376.71,No
CUST-01637,Male,0,No,No,4,Yes,Yes,Fiber optic,No,No,No,No,No,Yes,Month-to-month,No,Electronic check,69.82,186.54,Yes
CUST-01638,Male,0,Yes,No,26,Yes,No,Fiber optic,No,No,No,No,Yes,No,Month-to-month,Yes,Mailed check,61.94,1635.52,Yes
CUST-01639,Male,0,No,No,24,Yes,No,DSL,Yes,No,No,No,Yes,Yes,Month-to-month,No,Electronic check,56.69,1339.99,No
CUST-01640,Female,1,No,No,39,Yes,Yes,DSL,No,No,No,No,No,Yes,Month-to-month,Yes,Credit card (automatic),53.47,2039.13,Yes
CUST-01641,Female,1,No,No,56,Yes,No,Fiber optic,No,Yes,No,No,Yes,No,Month-to-month,No,Electronic check,73.05,4098.8,Yes
CUST-01642,Male,0,No,No,54,No,No phone service,Fiber optic,No,No,No,No,No,Yes,Two year,Yes,Electronic check,69.01,3612.17,No
CUST-01643,Male,0,No,No,38,Yes,No,DSL,No,No,No,No,Yes,Yes,Two year,Yes,Electronic check,64.66,2354.97,No
CUST-01644,Female,0,No,No,54,Yes,No,DSL,No,No,Yes,No,Yes,No,Two year,Yes,Bank transfer (automatic),51.92,2922.17,No
CUST-01645,Male,1,No,Yes,19,Yes,No,DSL,No,No,No,No,Yes,No,Month-to-month,No,Credit card (automatic),55.61,1002.97,No
CUST-01646,Male,0,No,Yes,26,Yes,No,Fiber optic,No,No,Yes,No,No,No,Month-to-month,No,Mailed check,65.22,1706.84,No
CUST-01647,Male,1,Yes,No,52,No,No phone service,Fiber optic,No,Yes,Yes,No,No,No,One year,Yes,Mailed check,73.27,3879.59,No
CUST-01648,Female,0,No,No,61,Yes,No,Fiber optic,No,No,No,No,Yes,Yes,One year,Yes,Bank transfer (automatic),70.46,4251.95,No
CUST-01649,Male,1,No,No,67,Yes,Yes,Fiber optic,Yes,Yes,Yes,Yes,Yes,Yes,Month-to-month,Yes,Credit card (automatic),102.15,6872.95,Yes
CUST-01650,Female,0,No,No,22,Yes,No,DSL,No,No,No,Yes,Yes,Yes,Two year,Yes,Electronic check,67.89,1447.48,Yes
CUST-01651,Male,0,No,Yes,17,Yes,Yes,No,No internet service,No internet service,No internet service,No internet service,No internet service,No internet service,Two year,Yes,Credit card (automatic),35.95,615.32,No
CUST-01652,Female,0,Yes,No,11,Yes,Yes,No,No internet service,No internet service,No internet service,No internet service,No internet service,No internet service,One year,Yes,Mailed check,33.03,384.53,No
CUST-01653,Female,0,Yes,No,39,Yes,Yes,DSL,No,No,No,No,No,Yes,One year,Yes,Credit card (automatic),57.57,2277.63,No
CUST-01654,Male,0,No,No,61,Yes,No,Fiber optic,No,No,No,Yes,No,Yes,One year,No,Electronic check,72.04,4337.11,No
CUST-01655,Female,0,No,No,49,Yes,Yes,No,No internet service,No internet service,No internet service,No internet service,No internet service,No internet service,Month-to-month,No,Credit card (automatic),28.1,1356.02,No
CUST-01656,Male,0,Yes,No,61,Yes,No,Fiber optic,No,No,No,No,Yes,Yes,One year,No,Electronic check,72.66,4448.5,No
CUST-01657,Female,0,Yes,No,12,Yes,No,No,No internet service,No internet service,No internet service,No internet service,No internet service,No internet service,One year,Yes,Bank transfer (automatic),18.0,311.66,No
CUST-01658,Male,0,Yes,Yes,13,No,No phone service,DSL,No,No,Yes,No,No,No,Month-to-month,Yes,Electronic check,49.15,714.5,Yes
CUST-01659,Male,0,Yes,No,58,Yes,Yes,Fiber optic,No,No,No,No,No,No,One year,Yes,Electronic check,59.79,3514.72,No
CUST-01660,Female,0,Yes,Yes,11,Yes,Yes,DSL,Yes,No,No,No,No,No,Month-to-month,Yes,Electronic check,47.97,454.03,Yes
CUST-01661,Male,0,Yes,Yes,64,Yes,No,DSL,No,Yes,No,Yes,No,Yes,One year,Yes,Bank transfer (automatic),63.96,4056.99,No
CUST-01662,Male,1,Yes,Yes,31,Yes,No,No,No internet service,No internet service,No internet service,No internet service,No internet service,No internet service,Month-to-month,No,Bank transfer (automatic),22.65,684.25,No
CUST-01663,Female,0,Yes,Yes,11,Yes,Yes,DSL,No,Yes,No,No,No,Yes,Two year,Yes,Electronic check,52.44,626.08,Yes
CUST-01664,Male,0,Yes,No,43,Yes,No,DSL,No,Yes,No,No,No,No,Two year,No,Mailed check,43.84,1849.38,No
CUST-01665,Male,0,No,Yes,36,No,No phone service,Fiber optic,No,No,Yes,No,Yes,No,Month-to-month,Yes,Bank transfer (automatic),72.03,2615.13,Yes
CUST-01666,Female,0,Yes,Yes,2,Yes,No,No,No internet service,No internet service,No internet service,No internet service,No internet service,No internet service,Month-to-month,Yes,Credit card (automatic),23.99,18.0,No
CUST-01667,Female,0,Yes,No,61,Yes,No,DSL,No,No,No,No,No,Yes,Month-to-month,Yes,Electronic check,46.71,2916.42,No
CUST-01668,Male,0,Yes,No,36,Yes,Yes,DSL,No,No,Yes,Yes,Yes,No,Month-to-month,Yes,Mailed check,74.66,2738.66,No
CUST-01669,Male,0,Yes,No,49,No,No phone service,Fiber optic,No,No,No,Yes,Yes,No,Month-to-month,Yes,Electronic check,68.7,3337.67,Yes
CUST-01670,Female,0,Yes,No,27,Yes,No,No,No internet service,No internet service,No internet service,No internet service,No internet service,No internet service,One year,Yes,Electronic check,20.78,612.31,No
CUST-01671,Female,0,Yes,No,12,Yes,Yes,DSL,Yes,No,No,No,No,No,Month-to-month,Yes,Mailed check,45.21,595.71,Yes
CUST-01672,Male,1,No,No,58,Yes,No,Fiber optic,No,Yes,No,Yes,No,No,Month-to-month,Yes,Mailed check,62.72,3664.85,Yes
CUST-01673,Female,1,No,Yes,6,Yes,No,Fiber optic,No,No,Yes,No,No,Yes,Month-to-month,Yes,Credit card (automatic),66.49,497.07,No
CUST-01674,Male,0,No,No,44,Yes,Yes,Fiber optic,No,Yes,No,Yes,No,No,Month-to-month,Yes,Credit card (automatic),63.92,2786.04,Yes
CUST-01675,Male,0,No,Yes,47,Yes,No,DSL,Yes,No,No,No,No,Yes,Month-to-month,Yes,Mailed check,49.27,2279.63,No
CUST-01676,Male,0,Yes,Yes,23,No,No phone service,No,No internet service,No internet service,No internet service,No internet service,No internet service,No internet service,Month-to-month,No,Bank transfer (automatic),19.68,523.77,No
CUST-01677,Male,0,No,No,26,Yes,Yes,No,No internet service,No internet service,No internet service,No internet service,No internet service,No internet service,One year,Yes,Bank transfer (automatic),30.43,809.67,No
CUST-01678,Male,0,Yes,No,7,Yes,No,No,No internet service,No internet service,No internet service,No internet service,No internet service,No internet service,One year,No,Bank transfer (automatic),28.64,138.88,No
CUST-01679,Female,0,No,No,32,Yes,No,Fiber optic,Yes,Yes,Yes,No,Yes,No,Month-to-month,Yes,Electronic check,79.15,2614.65,Yes
CUST-01680,Female,1,Yes,No,33,Yes,No,DSL,Yes,No,Yes,No,No,No,One year,Yes,Credit card (automatic),58.16,1843.57,No
CUST-01681,Female,1,No,No,20,Yes,Yes,DSL,No,Yes,Yes,No,No,No,Month-to-month,No,Bank transfer (automatic),57.58,1204.89,No
CUST-01682,Female,0,No,No,69,Yes,No,Fiber optic,No,No,No,Yes,Yes,Yes,Two year,Yes,Bank transfer (automatic),75.52,5281.01,No
CUST-01683,Male,0,Yes,Yes,52,Yes,Yes,No,No internet service,No internet service,No internet service,No internet service,No internet service,No internet service,Two year,Yes,Mailed check,26.53,1403.04,No
CUST-01684,Male,0,No,No,42,Yes,Yes,No,No internet service,No internet service,No internet service,No internet service,No internet service,No internet service,Two year,Yes,Electronic check,30.84,1368.55,No
CUST-01685,Male,0,Yes,No,1,Yes,No,No,No internet service,No internet service,No internet service,No internet service,No internet service,No internet service,Two year,No,Credit card (automatic),23.78,18.0,No
CUST-01686,Male,0,No,Yes,63,Yes,Yes,DSL,Yes,No,No,No,No,No,Two year,Yes,Bank transfer (automatic),47.91,3053.41,No
CUST-01687,Female,0,No,No,7,Yes,No,Fiber optic,No,No,No,Yes,Yes,No,Month-to-month,Yes,Bank transfer (automatic),64.48,498.45,Yes
CUST-01688,Male,1,Yes,No,58,Yes,No,Fiber optic,No,No,No,Yes,Yes,No,Two year,Yes,Mailed check,71.15,4187.14,No
CUST-01689,Male,0,Yes,Yes,50,Yes,Yes,No,No internet service,No internet service,No internet service,No internet service,No internet service,No internet service,Month-to-month,No,Electronic check,25.41,1250.67,No
CUST-01690,Female,0,Yes,No,34,No,No phone service,Fiber optic,No,No,Yes,No,Yes,No,Two year,No,Electronic check,72.49,2437.95,No
CUST-01691,Female,0,No,No,51,Yes,Yes,DSL,No,No,Yes,No,No,No,Month-to-month,No,Mailed check,43.34,2103.8,Yes
CUST-01692,Female,0,Yes,Yes,10,Yes,No,DSL,No,No,No,No,No,No,Month-to-month,No,Credit card (automatic),38.45,316.08,No
CUST-01693,Female,0,No,No,26,Yes,No,No,No internet service,No internet service,No internet service,No internet service,No internet service,No internet service,Month-to-month,Yes,Credit card (automatic),19.24,531.01,Yes
CUST-01694,Male,0,No,No,32,Yes,Yes,Fiber optic,Yes,No,No,Yes,No,No,One year,Yes,Mailed check,72.79,2393.77,No
CUST-01695,Male,0,Yes,No,42,Yes,Yes,Fiber optic,No,No,No,No,No,Yes,One year,No,Credit card (automatic),68.42,2903.09,Yes
CUST-01696,Female,0,No,Yes,62,Yes,No,No,No internet service,No internet service,No internet service,No internet service,No internet service,No internet service,One year,No,Credit card (automatic),24.39,1519.32,No
CUST-01697,Male,0,No,No,12,Yes,No,Fiber optic,No,Yes,No,Yes,No,Yes,Month-to-month,Yes,Mailed check,78.5,1022.25,Yes
CUST-01698,Male,1,Yes,No,40,Yes,No,DSL,Yes,Yes,No,No,Yes,Yes,One year,Yes,Electronic check,65.36,2589.48,No
CUST-01699,Male,0,Yes,No,34,Yes,Yes,DSL,No,No,No,No,Yes,No,One year,Yes,Mailed check,49.78,1718.74,No
CUST-01700,Female,0,No,No,70,Yes,No,DSL,Yes,No,Yes,No,No,Yes,Month-to-month,No,Credit card (automatic),69.64,4831.4,No
CUST-01701,Male,0,Yes,No,27,Yes,Yes,DSL,No,No,Yes,No,Yes,Yes,Month-to-month,Yes,Mailed check,69.09,1781.01,Yes
CUST-01702,Female,0,Yes,Yes,8,Yes,No,DSL,No,Yes,No,No,Yes,Yes,Two year,Yes,Mailed check,64.62,545.16,No
CUST-01703,Male,0,Yes,Yes,47,Yes,Yes,DSL,No,Yes,Yes,No,Yes,No,One year,Yes,Electronic check,61.19,2826.49,No
CUST-01704,Male,1,No,No,26,Yes,No,DSL,No,No,No,No,No,No,One year,Yes,Credit card (automatic),48.63,1218.05,No
CUST-01705,Male,1,No,No,57,Yes,Yes,DSL,No,No,No,Yes,No,Yes,Month-to-month,No,Electronic check,53.85,3046.28,Yes
CUST-01706,Female,0,No,No,7,Yes,No,DSL,Yes,Yes,No,Yes,No,Yes,Month-to-month,Yes,Mailed check,63.05,572.11,Yes
CUST-01707,Male,0,Yes,No,26,Yes,No,No,No internet service,No internet service,No internet service,No internet service,No internet service,No internet service,Month-to-month,Yes,Electronic check,23.21,633.46,No
CUST-01708,Female,0,No,No,59,Yes,No,No,No internet service,No internet service,No internet service,No internet service,No internet service,No internet service,One year,Yes,Electronic check,25.6,1544.66,No
CUST-01709,Female,0,No,Yes,69,Yes,No,Fiber optic,Yes,No,No,No,No,Yes,One year,No,Mailed check,69.8,4777.93,No
CUST-01710,Female,0,Yes,No,47,Yes,No,No,No internet service,No internet service,No internet service,No internet service,No internet service,No internet service,Two year,Yes,Credit card (automatic),28.08,1374.94,Yes
CUST-01711,Male,0,Yes,Yes,35,Yes,No,Fiber optic,Yes,Yes,No,No,No,Yes,One year,No,Electronic check,64.72,2296.1,Yes
CUST-01712,Male,0,No,Yes,30,No,No phone service,No,No internet service,No internet service,No internet service,No internet service,No internet service,No internet service,Month-to-month,Yes,Mailed check,28.77,955.61,Yes
CUST-01713,Male,0,No,No,50,Yes,No,Fiber optic,No,No,Yes,No,No,No,Two year,Yes,Mailed check,53.56,2654.73,Yes
CUST-01714,Male,0,No,No,24,Yes,No,Fiber optic,No,Yes,Yes,No,Yes,No,One year,Yes,Electronic check,76.1,1839.53,Yes
CUST-01715,Female,1,No,Yes,30,No,No phone service,No,No internet service,No internet service,No internet service,No internet service,No internet service,No internet service,One year,Yes,Credit card (automatic),26.1,901.29,No
CUST-01716,Female,0,No,No,54,Yes,Yes,Fiber optic,No,No,No,Yes,No,Yes,One year,Yes,Electronic check,66.81,3649.32,Yes
CUST-01717,Female,0,Yes,Yes,67,Yes,No,Fiber optic,No,Yes,No,No,Yes,Yes,Month-to-month,Yes,Credit card (automatic),76.69,5133.11,Yes
CUST-01718,Male,0,No,No,32,Yes,Yes,Fiber optic,No,No,No,No,Yes,No,Month-to-month,No,Electronic check,76.82,2578.95,Yes
CUST-01719,Female,0,No,Yes,8,No,No phone service,No,No internet service,No internet service,No internet service,No internet service,No internet service,No internet service,One year,No,Mailed check,23.07,148.95,No
CUST-01720,Male,0,No,No,50,Yes,No,Fiber optic,Yes,No,Yes,No,No,Yes,Two year,Yes,Credit card (automatic),76.25,3926.99,Yes
CUST-01721,Female,0,Yes,No,47,Yes,Yes,Fiber optic,Yes,No,No,No,No,Yes,Two year,Yes,Credit card (automatic),79.34,3782.5,No
CUST-01722,Male,1,No,No,46,No,No phone service,Fiber optic,No,No,No,No,Yes,No,Two year,Yes,Mailed check,61.84,2853.92,Yes
CUST-01723,Male,0,No,Yes,35,Yes,Yes,No,No internet service,No internet service,No internet service,No internet service,No internet service,No internet service,Two year,Yes,Electronic check,36.91,1261.04,No
CUST-01724,Female,0,Yes,Yes,61,Yes,Yes,Fiber optic,No,No,No,No,No,Yes,Month-to-month,No,Electronic check,79.26,4879.88,Yes
CUST-01725,Female,0,Yes,No,51,Yes,Yes,Fiber optic,Yes,No,No,No,No,No,One year,No,Credit card (automatic),62.54,3207.29,No
CUST-01726,Female,0,No,No,63,Yes,No,Fiber optic,Yes,No,Yes,No,No,No,One year,Yes,Mailed check,57.68,3546.08,Yes
CUST-01727,Female,0,Yes,Yes,8,Yes,No,DSL,Yes,No,Yes,No,No,No,Month-to-month,Yes,Electronic check,46.51,380.36,No
CUST-01728,Male,1,No,No,34,Yes,Yes,Fiber optic,Yes,No,No,No,Yes,Yes,One year,Yes,Mailed check,94.03,3384.78,No
CUST-01729,Female,0,No,No,25,Yes,Yes,Fiber optic,Yes,No,Yes,Yes,No,Yes,Month-to-month,No,Electronic check,80.64,2115.16,Yes
CUST-01730,Female,0,Yes,No,44,Yes,No,Fiber optic,No,No,Yes,No,No,No,Month-to-month,No,Bank transfer (automatic),67.81,2983.43,Yes
CUST-01731,Female,0,No,Yes,43,Yes,No,DSL,No,No,No,No,No,Yes,Two year,Yes,Mailed check,43.74,1992.08,No
CUST-01732,Male,0,No,No,50,Yes,Yes,Fiber optic,Yes,No,Yes,No,Yes,Yes,Two year,Yes,Bank transfer (automatic),82.96,4199.89,No
CUST-01733,Male,1,No,No,13,Yes,Yes,No,No internet service,No internet service,No internet service,No internet service,No internet service,No internet service,Two year,No,Bank transfer (automatic),26.36,327.91,No
CUST-01734,Female,1,Yes,Yes,46,Yes,No,Fiber optic,No,Yes,No,No,No,No,Month-to-month,Yes,Mailed check,60.86,2801.54,Yes
CUST-01735,Male,0,No,No,53,Yes,Yes,DSL,Yes,Yes,No,No,Yes,No,One year,No,Bank transfer (automatic),64.77,3456.19,No
CUST-01736,Female,0,Yes,No,63,Yes,No,DSL,Yes,Yes,No,No,No,No,One year,No,Bank transfer (automatic),62.19,3990.63,No
CUST-01737,Male,0,Yes,No,2,No,No phone service,Fiber optic,No,No,No,No,Yes,No,Month-to-month,Yes,Electronic check,67.57,203.73,Yes
CUST-01738,Male,0,Yes,No,40,No,No phone service,Fiber optic,No,Yes,Yes,Yes,No,Yes,Month-to-month,No,Electronic check,75.87,2986.77,Yes
CUST-01739,Male,1,Yes,Yes,23,Yes,No,No,No internet service,No internet service,No internet service,No internet service,No internet service,No internet service,Month-to-month,Yes,Credit card (automatic),26.78,618.51,No
CUST-01740,Male,0,Yes,No,59,Yes,No,DSL,No,Yes,No,No,No,Yes,One year,Yes,Electronic check,61.18,3643.27,No
CUST-01741,Female,0,No,Yes,69,Yes,No,Fiber optic,No,No,No,No,No,No,Month-to-month,Yes,Electronic check,53.22,3610.28,No
CUST-01742,Female,0,No,Yes,34,Yes,Yes,Fiber optic,No,Yes,Yes,No,No,No,Month-to-month,Yes,Bank transfer (automatic),73.91,2566.15,No
CUST-01743,Female,0,Yes,No,27,No,No phone service,Fiber optic,Yes,No,Yes,No,No,No,Two year,Yes,Electronic check,60.84,1740.26,No
CUST-01744,Male,0,Yes,No,55,Yes,Yes,No,No internet service,No internet service,No internet service,No internet service,No internet service,No internet service,Month-to-month,No,Credit card (automatic),26.22,1467.11,No
CUST-01745,Female,0,No,No,4,Yes,No,DSL,No,Yes,No,Yes,No,No,One year,No,Electronic check,53.79,148.5,Yes
CUST-01746,Female,0,Yes,Yes,68,Yes,Yes,DSL,No,Yes,Yes,Yes,Yes,No,Month-to-month,No,Credit card (automatic),70.65,4890.79,No
CUST-01747,Female,0,No,No,72,Yes,Yes,No,No internet service,No internet service,No internet service,No internet service,No internet service,No internet service,Month-to-month,No,Mailed check,23.76,1729.07,No
CUST-01748,Male,0,No,Yes,70,Yes,No,DSL,No,Yes,Yes,Yes,Yes,Yes,Month-to-month,Yes,Electronic check,82.04,5810.18,Yes
CUST-01749,Male,0,No,Yes,27,Yes,No,No,No internet service,No internet service,No internet service,No internet service,No internet service,No internet service,Month-to-month,No,Bank transfer (automatic),26.01,677.32,Yes
CUST-01750,Male,0,Yes,No,47,Yes,Yes,Fiber optic,No,Yes,No,No,Yes,No,Two year,No,Electronic check,71.59,3325.08,No
CUST-01751,Female,0,Yes,No,40,Yes,No,DSL,No,No,No,Yes,No,Yes,Two year,Yes,Bank transfer (automatic),62.45,2502.94,No
CUST-01752,Female,0,Yes,Yes,27,Yes,No,DSL,No,No,Yes,No,No,Yes,One year,Yes,Credit card (automatic),44.28,1181.3,No
CUST-01753,Female,1,Yes,Yes,7,Yes,No,DSL,Yes,No,No,No,No,No,Two year,Yes,Electronic check,46.0,297.17,No
CUST-01754,Male,0,Yes,Yes,23,Yes,No,Fiber optic,No,No,No,No,No,No,Month-to-month,Yes,Electronic check,57.77,1347.95,Yes
CUST-01755,Male,0,No,No,64,No,No phone service,DSL,No,No,Yes,Yes,No,No,Month-to-month,Yes,Mailed check,49.32,3151.6,No
CUST-01756,Female,0,No,No,29,Yes,Yes,Fiber optic,No,No,No,Yes,Yes,Yes,Two year,Yes,Credit card (automatic),89.38,2599.48,No
CUST-01757,Male,0,No,Yes,61,Yes,No,DSL,Yes,No,Yes,No,No,No,Two year,Yes,Mailed check,46.34,2869.48,No
CUST-01758,Male,0,No,No,44,Yes,No,No,No internet service,No internet service,No internet service,No internet service,No internet service,No internet service,One year,Yes,Electronic check,23.74,1162.33,No
CUST-01759,Male,0,Yes,Yes,69,Yes,No,No,No internet service,No internet service,No internet service,No internet service,No internet service,No internet service,Month-to-month,Yes,Electronic check,26.06,1847.98,No
CUST-01760,Male,0,No,Yes,27,Yes,No,Fiber optic,No,No,Yes,No,No,Yes,Month-to-month,No,Electronic check,70.1,2062.98,No
CUST-01761,Female,0,Yes,No,12,Yes,Yes,No,No internet service,No internet service,No internet service,No internet service,No internet service,No internet service,Month-to-month,Yes,Electronic check,31.81,350.58,Yes
CUST-01762,Male,0,Yes,No,17,Yes,No,Fiber optic,No,No,Yes,No,Yes,Yes,Month-to-month,Yes,Bank transfer (automatic),81.22,1339.73,Yes
CUST-01763,Male,0,No,Yes,37,Yes,Yes,DSL,Yes,No,No,No,No,No,Month-to-month,No,Electronic check,55.01,2063.92,No
CUST-01764,Male,0,No,Yes,34,Yes,No,DSL,No,No,Yes,No,No,Yes,Month-to-month,Yes,Credit card (automatic),52.55,1726.94,Yes
CUST-01765,Male,0,No,Yes,36,Yes,Yes,Fiber optic,No,No,No,No,No,Yes,Month-to-month,Yes,Bank transfer (automatic),76.57,2755.99,No
CUST-01766,Female,0,Yes,No,6,Yes,Yes,DSL,No,Yes,Yes,No,No,Yes,Month-to-month,Yes,Bank transfer (automatic),60.7,354.74,Yes
CUST-01767,Female,0,Yes,Yes,32,Yes,Yes,No,No internet service,No internet service,No internet service,No internet service,No internet service,No internet service,Month-to-month,No,Mailed check,26.72,788.32,No
CUST-01768,Male,0,Yes,No,22,Yes,No,No,No internet service,No internet service,No internet service,No internet service,No internet service,No internet service,Month-to-month,Yes,Bank transfer (automatic),21.38,422.71,No
CUST-01769,Male,1,Yes,No,10,Yes,No,Fiber optic,No,No,No,No,No,Yes,Two year,Yes,Electronic check,60.93,735.91,Yes
CUST-01770,Male,0,Yes,Yes,29,No,No phone service,Fiber optic,No,Yes,Yes,No,Yes,No,Month-to-month,No,Mailed check,84.76,2430.15,No
CUST-01771,Male,0,No,No,11,Yes,No,DSL,No,Yes,No,No,No,No,Two year,Yes,Credit card (automatic),44.35,504.24,No
CUST-01772,Male,0,No,Yes,66,Yes,No,DSL,Yes,No,No,Yes,No,Yes,Month-to-month,No,Electronic check,67.86,4524.93,No
CUST-01773,Male,0,Yes,No,56,Yes,No,Fiber optic,No,No,No,Yes,Yes,No,Two year,Yes,Mailed check,77.28,4334.67,No
CUST-01774,Female,0,No,No,58,Yes,Yes,Fiber optic,No,Yes,No,No,No,No,One year,No,Electronic check,62.78,3559.88,Yes
CUST-01775,Male,0,Yes,No,52,Yes,No,Fiber optic,No,Yes,No,No,No,Yes,Two year,No,Electronic check,76.94,4045.77,No
CUST-01776,Female,0,No,Yes,61,Yes,No,DSL,No,No,Yes,No,Yes,No,Month-to-month,Yes,Mailed check,60.87,3792.13,Yes
CUST-01777,Female,1,Yes,No,17,Yes,Yes,Fiber optic,No,Yes,Yes,Yes,Yes,No,One year,No,Electronic check,87.27,1445.78,Yes
CUST-01778,Male,0,No,Yes,30,Yes,No,No,No internet service,No internet service,No internet service,No internet service,No internet service,No internet service,Month-to-month,No,Mailed check,25.6,775.18,No
CUST-01779,Female,0,No,No,72,No,No phone service,Fiber optic,No,No,Yes,No,Yes,Yes,Month-to-month,Yes,Bank transfer (automatic),77.9,5583.7,Yes
CUST-01780,Female,0,No,No,37,Yes,Yes,Fiber optic,Yes,No,No,No,No,No,One year,No,Credit card (automatic),68.89,2502.22,No
CUST-01781,Female,0,Yes,No,5,Yes,Yes,DSL,Yes,Yes,No,No,No,No,Two year,No,Electronic check,57.79,207.1,No
CUST-01782,Female,0,No,No,26,Yes,No,DSL,No,No,No,No,Yes,No,Month-to-month,Yes,Credit card (automatic),47.62,1267.03,No
CUST-01783,Female,0,Yes,No,70,Yes,No,Fiber optic,No,Yes,No,Yes,No,No,Month-to-month,No,Mailed check,61.38,4280.41,No
CUST-01784,Female,0,Yes,No,1,Yes,No,DSL,No,No,No,Yes,No,No,Month-to-month,Yes,Mailed check,48.19,64.77,Yes
CUST-01785,Male,1,Yes,No,9,Yes,No,Fiber optic,No,Yes,No,Yes,No,No,Month-to-month,Yes,Bank transfer (automatic),67.66,624.03,Yes
CUST-01786,Female,0,No,No,71,Yes,No,DSL,No,Yes,No,No,No,No,One year,Yes,Electronic check,41.02,2861.98,No
CUST-01787,Female,0,No,No,64,Yes,No,Fiber optic,No,No,No,No,No,Yes,Month-to-month,Yes,Credit card (automatic),66.72,4258.03,Yes
CUST-01788,Female,1,Yes,No,24,Yes,No,Fiber optic,No,Yes,No,No,No,No,One year,Yes,Bank transfer (automatic),63.74,1595.85,Yes
CUST-01789,Male,0,No,Yes,5,Yes,Yes,DSL,Yes,No,No,No,No,No,Month-to-month,Yes,Mailed check,45.85,288.14,Yes
CUST-01790,Female,0,No,Yes,51,Yes,No,No,No internet service,No internet service,No internet service,No internet service,No internet service,No internet service,Month-to-month,No,Electronic check,27.42,1362.61,No
CUST-01791,Male,1,No,No,38,Yes,Yes,No,No internet service,No internet service,No internet service,No internet service,No internet service,No internet service,Month-to-month,Yes,Mailed check,29.82,1126.28,Yes
CUST-01792,Female,0,Yes,No,29,Yes,No,Fiber optic,No,Yes,No,No,No,No,Month-to-month,Yes,Bank transfer (automatic),54.98,1624.42,Yes
CUST-01793,Male,1,No,No,46,No,No phone service,Fiber optic,No,No,Yes,No,Yes,Yes,One year,Yes,Bank transfer (automatic),76.87,3552.67,Yes
CUST-01794,Male,0,No,Yes,52,Yes,No,Fiber optic,No,No,No,No,Yes,No,Month-to-month,Yes,Mailed check,68.82,3562.67,Yes
CUST-01795,Female,0,Yes,No,46,Yes,No,Fiber optic,Yes,No,Yes,Yes,Yes,No,Month-to-month,No,Electronic check,86.77,4015.03,No
CUST-01796,Female,1,No,Yes,68,Yes,No,Fiber optic,No,No,Yes,No,No,Yes,Two year,Yes,Bank transfer (automatic),72.6,4927.78,No
CUST-01797,Male,0,Yes,No,59,Yes,No,No,No internet service,No internet service,No internet service,No internet service,No internet service,No internet service,One year,No,Electronic check,18.48,1018.31,No
CUST-01798,Female,0,Yes,No,10,No,No phone service,Fiber optic,Yes,Yes,No,Yes,No,No,Two year,No,Credit card (automatic),67.91,661.59,No
CUST-01799,Male,0,Yes,Yes,4,Yes,No,Fiber optic,No,No,No,Yes,No,Yes,Month-to-month,Yes,Mailed check,73.94,281.91,Yes
CUST-01800,Male,1,Yes,No,52,Yes,Yes,DSL,Yes,No,No,No,No,No,Month-to-month,Yes,Credit card (automatic),52.98,2740.35,Yes
CUST-01801,Male,0,No,No,18,Yes,No,DSL,No,No,No,No,Yes,No,Two year,Yes,Mailed check,46.98,784.28,No
CUST-01802,Male,0,Yes,No,51,Yes,No,Fiber optic,No,No,Yes,No,No,No,Two year,Yes,Mailed check,66.08,3470.37,No
CUST-01803,Male,0,No,Yes,23,Yes,No,No,No internet service,No internet service,No internet service,No internet service,No internet service,No internet service,One year,Yes,Bank transfer (automatic),20.21,437.09,No
CUST-01804,Female,0,Yes,Yes,25,Yes,No,Fiber optic,No,No,No,Yes,No,Yes,Month-to-month,No,Mailed check,74.25,1802.3,Yes
CUST-01805,Male,0,No,Yes,60,Yes,Yes,Fiber optic,No,No,No,No,No,No,Two year,No,Electronic check,64.41,3840.71,No
CUST-01806,Male,0,No,Yes,37,Yes,No,DSL,Yes,Yes,No,No,No,Yes,Month-to-month,No,Credit card (automatic),70.71,2620.94,Yes
CUST-01807,Female,0,No,Yes,68,Yes,No,Fiber optic,No,No,No,No,Yes,Yes,Month-to-month,No,Bank transfer (automatic),79.24,5401.94,No
CUST-01808,Male,0,No,Yes,18,Yes,No,Fiber optic,No,No,Yes,Yes,No,No,Month-to-month,No,Bank transfer (automatic),61.02,1134.62,Yes
CUST-01809,Female,0,No,No,29,Yes,Yes,Fiber optic,Yes,Yes,No,No,Yes,Yes,Month-to-month,Yes,Bank transfer (automatic),91.55,2778.29,Yes
CUST-01810,Female,0,Yes,No,30,Yes,Yes,Fiber optic,No,Yes,Yes,Yes,Yes,No,Two year,Yes,Bank transfer (automatic),94.03,2871.62,No
CUST-01811,Female,0,No,No,7,No,No phone service,No,No internet service,No internet service,No internet service,No internet service,No internet service,No internet service,Two year,No,Electronic check,22.07,68.6,No
CUST-01812,Male,1,No,No,41,Yes,No,No,No internet service,No internet service,No internet service,No internet service,No internet service,No internet service,Month-to-month,Yes,Electronic check,18.76,806.37,No
CUST-01813,Male,0,No,No,37,Yes,No,Fiber optic,Yes,No,No,Yes,Yes,Yes,Two year,Yes,Bank transfer (automatic),93.05,3310.34,No
CUST-01814,Male,0,No,No,27,Yes,No,No,No internet service,No internet service,No internet service,No internet service,No internet service,No internet service,Month-to-month,Yes,Credit card (automatic),28.13,739.33,No
CUST-01815,Female,0,No,Yes,21,Yes,Yes,Fiber optic,Yes,No,No,No,No,No,Month-to-month,No,Bank transfer (automatic),59.0,1239.78,Yes
CUST-01816,Male,0,Yes,Yes,43,Yes,Yes,No,No internet service,No internet service,No internet service,No internet service,No internet service,No internet service,Month-to-month,No,Credit card (automatic),24.16,991.15,No
CUST-01817,Female,0,No,No,51,Yes,Yes,Fiber optic,Yes,No,No,No,Yes,No,Two year,No,Credit card (automatic),71.4,3618.87,No
CUST-01818,Male,0,Yes,No,71,Yes,No,No,No internet service,No internet service,No internet service,No internet service,No internet service,No internet service,Two year,No,Electronic check,29.56,2108.18,No
CUST-01819,Female,0,Yes,No,13,Yes,Yes,DSL,No,Yes,No,No,No,No,Month-to-month,No,Mailed check,57.06,792.11,Yes
CUST-01820,Male,1,No,No,53,Yes,Yes,Fiber optic,No,Yes,No,Yes,No,No,Two year,No,Bank transfer (automatic),68.45,3719.92,No
CUST-01821,Male,0,Yes,Yes,63,Yes,Yes,DSL,No,No,No,Yes,No,No,One year,Yes,Mailed check,46.88,2908.71,No
CUST-01822,Male,0,Yes,No,57,Yes,No,DSL,No,No,No,No,No,Yes,Month-to-month,No,Bank transfer (automatic),51.88,2925.19,No
CUST-01823,Female,0,No,No,25,Yes,No,Fiber optic,No,Yes,No,No,No,Yes,Two year,Yes,Electronic check,72.23,1760.37,No
CUST-01824,Female,1,No,No,13,Yes,Yes,DSL,No,Yes,No,Yes,No,Yes,Two year,Yes,Bank transfer (automatic),64.07,866.07,No
CUST-01825,Male,0,No,No,37,Yes,Yes,Fiber optic,No,No,No,No,No,No,Month-to-month,Yes,Bank transfer (automatic),55.26,1969.61,No
CUST-01826,Male,0,No,No,30,Yes,Yes,Fiber optic,No,Yes,No,No,No,Yes,Month-to-month,No,Credit card (automatic),79.04,2535.79,Yes
CUST-01827,Female,0,No,Yes,12,Yes,No,DSL,Yes,No,No,No,No,Yes,One year,Yes,Credit card (automatic),59.9,777.4,No
CUST-01828,Female,0,Yes,Yes,65,No,No phone service,Fiber optic,No,No,No,No,No,Yes,One year,No,Mailed check,69.17,4515.61,No
CUST-01829,Female,0,No,No,18,Yes,No,No,No internet service,No internet service,No internet service,No internet service,No internet service,No internet service,Month-to-month,Yes,Electronic check,25.75,392.47,No
CUST-01830,Male,0,Yes,No,62,Yes,No,Fiber optic,No,No,Yes,No,Yes,No,Month-to-month,Yes,Mailed check,71.87,4306.33,Yes
CUST-01831,Female,1,Yes,Yes,24,Yes,No,DSL,No,Yes,No,No,Yes,Yes,Month-to-month,Yes,Bank transfer (automatic),59.65,1463.96,Yes
CUST-01832,Male,1,No,Yes,60,Yes,Yes,Fiber optic,No,Yes,Yes,No,No,No,Month-to-month,Yes,Mailed check,66.25,4079.52,Yes
CUST-01833,Female,0,No,No,17,Yes,No,DSL,No,No,No,No,Yes,No,Month-to-month,Yes,Credit card (automatic),47.09,753.42,Yes
CUST-01834,Male,1,Yes,No,60,Yes,Yes,Fiber optic,No,No,Yes,No,No,Yes,One year,Yes,Electronic check,79.78,4760.43,Yes
CUST-01835,Female,0,Yes,No,9,Yes,No,Fiber optic,No,No,Yes,No,No,No,Month-to-month,Yes,Bank transfer (automatic),56.96,575.9,Yes
CUST-01836,Female,0,No,No,52,Yes,No,No,No internet service,No internet service,No internet service,No internet service,No internet service,No internet service,Two year,Yes,Bank transfer (automatic),34.59,1886.15,No
CUST-01837,Female,0,No,No,15,Yes,No,Fiber optic,No,Yes,Yes,Yes,Yes,No,Month-to-month,No,Electronic check,76.3,1146.03,Yes
CUST-01838,Female,0,No,Yes,28,Yes,No,Fiber optic,Yes,No,Yes,No,Yes,No,One year,No,Electronic check,71.68,1933.38,No
CUST-01839,Female,1,Yes,Yes,9,Yes,No,Fiber optic,Yes,Yes,No,No,No,No,Two year,Yes,Bank transfer (automatic),58.06,502.45,No
CUST-01840,Male,0,No,No,56,No,No phone service,Fiber optic,No,Yes,No,No,Yes,No,One year,No,Bank transfer (automatic),72.53,4008.64,No
CUST-01841,Female,0,Yes,No,36,Yes,No,No,No internet service,No internet service,No internet service,No internet service,No internet service,No internet service,Two year,No,Credit card (automatic),30.53,1146.17,No
CUST-01842,Female,0,Yes,No,56,Yes,No,DSL,No,No,Yes,Yes,No,No,Month-to-month,Yes,Bank transfer (automatic),45.35,2647.12,No
CUST-01843,Female,0,No,No,71,Yes,No,DSL,No,No,No,Yes,No,No,Month-to-month,Yes,Bank transfer (automatic),42.26,3026.53,No
CUST-01844,Male,0,No,No,20,Yes,No,DSL,Yes,Yes,No,No,No,No,Month-to-month,No,Mailed check,55.77,1068.16,No
CUST-01845,Female,0,Yes,No,55,Yes,No,DSL,Yes,Yes,Yes,Yes,No,Yes,One year,Yes,Electronic check,75.99,4130.39,No
CUST-01846,Male,0,Yes,Yes,60,Yes,No,Fiber optic,Yes,No,Yes,Yes,No,No,Two year,Yes,Mailed check,64.46,3787.28,No
CUST-01847,Female,1,No,No,35,Yes,No,Fiber optic,No,No,No,Yes,No,Yes,Month-to-month,Yes,Bank transfer (automatic),72.04,2386.42,Yes
CUST-01848,Female,0,Yes,No,1,Yes,Yes,No,No internet service,No internet service,No internet service,No internet service,No internet service,No internet service,One year,Yes,Credit card (automatic),35.28,18.0,No
CUST-01849,Male,0,Yes,No,45,Yes,No,Fiber optic,No,Yes,No,Yes,Yes,No,Month-to-month,No,Bank transfer (automatic),70.99,3168.15,No
CUST-01850,Female,1,Yes,No,69,Yes,Yes,Fiber optic,No,No,No,No,No,No,Month-to-month,No,Bank transfer (automatic),54.63,3769.11,Yes
CUST-01851,Male,0,Yes,No,40,Yes,No,Fiber optic,Yes,No,Yes,No,No,No,Month-to-month,Yes,Mailed check,59.9,2458.8,Yes
CUST-01852,Male,0,Yes,Yes,38,Yes,No,No,No internet service,No internet service,No internet service,No internet service,No internet service,No internet service,Month-to-month,Yes,Mailed check,21.86,825.25,No
CUST-01853,Female,0,No,No,24,Yes,No,Fiber optic,No,No,No,No,No,Yes,Two year,No,Mailed check,67.65,1564.88,No
CUST-01854,Male,0,No,No,4,Yes,Yes,DSL,Yes,No,Yes,Yes,No,No,Two year,Yes,Mailed check,59.92,211.48,No
CUST-01855,Female,0,No,No,69,Yes,No,DSL,No,No,Yes,No,No,No,Month-to-month,No,Mailed check,45.93,3218.56,No
CUST-01856,Female,0,No,No,13,Yes,No,No,No internet service,No internet service,No internet service,No internet service,No internet service,No internet service,Two year,Yes,Credit card (automatic),18.0,261.27,No
CUST-01857,Male,0,No,No,21,Yes,No,Fiber optic,No,No,No,No,No,Yes,Month-to-month,No,Electronic check,68.73,1409.86,Yes
CUST-01858,Male,0,No,No,32,Yes,No,DSL,Yes,Yes,Yes,No,No,No,Month-to-month,Yes,Mailed check,45.79,1468.4,No
CUST-01859,Male,0,No,No,38,Yes,No,Fiber optic,No,No,No,No,No,Yes,Two year,No,Credit card (automatic),66.55,2507.76,No
CUST-01860,Male,0,Yes,No,32,Yes,Yes,No,No internet service,No internet service,No internet service,No internet service,No internet service,No internet service,Month-to-month,Yes,Mailed check,26.26,823.66,No
CUST-01861,Female,0,No,Yes,57,Yes,No,No,No internet service,No internet service,No internet service,No internet service,No internet service,No internet service,Two year,Yes,Credit card (automatic),27.31,1646.95,No
CUST-01862,Female,0,Yes,No,48,Yes,Yes,Fiber optic,No,No,Yes,Yes,No,No,Two year,Yes,Bank transfer (automatic),64.54,3003.02,No
CUST-01863,Male,0,No,No,30,Yes,No,No,No internet service,No internet service,No internet service,No internet service,No internet service,No internet service,Month-to-month,Yes,Electronic check,24.21,696.08,No
CUST-01864,Female,0,No,No,71,Yes,No,Fiber optic,No,No,Yes,Yes,No,No,Month-to-month,Yes,Electronic check,64.54,4579.99,Yes
CUST-01865,Female,0,No,No,38,Yes,No,Fiber optic,Yes,No,No,No,Yes,Yes,Two year,No,Electronic check,85.47,3281.74,No
CUST-01866,Female,1,No,Yes,44,Yes,Yes,Fiber optic,No,No,No,Yes,No,No,One year,Yes,Bank transfer (automatic),60.56,2576.65,No
CUST-01867,Female,0,Yes,No,26,Yes,Yes,No,No internet service,No internet service,No internet service,No internet service,No internet service,No internet service,One year,Yes,Bank transfer (automatic),27.55,734.11,No
CUST-01868,Male,0,Yes,No,2,Yes,No,Fiber optic,No,No,Yes,No,No,Yes,Month-to-month,No,Bank transfer (automatic),72.22,187.6,Yes
CUST-01869,Male,0,Yes,No,43,Yes,No,DSL,No,No,No,Yes,Yes,Yes,Month-to-month,Yes,Credit card (automatic),69.48,2963.75,No
CUST-01870,Female,1,Yes,No,43,Yes,No,Fiber optic,No,No,No,No,No,Yes,Month-to-month,Yes,Electronic check,63.91,2764.09,Yes
CUST-01871,Male,0,Yes,No,63,Yes,No,Fiber optic,Yes,Yes,No,No,No,Yes,Month-to-month,Yes,Electronic check,71.72,4431.17,No
CUST-01872,Male,0,Yes,No,58,Yes,No,Fiber optic,Yes,No,Yes,Yes,No,Yes,Month-to-month,Yes,Electronic check,83.26,4730.09,Yes
CUST-01873,Male,1,Yes,Yes,48,Yes,No,DSL,Yes,No,No,No,No,No,One year,Yes,Mailed check,40.56,1941.44,No
CUST-01874,Female,0,No,No,5,Yes,Yes,Fiber optic,Yes,No,No,No,No,No,Month-to-month,Yes,Mailed check,66.06,419.39,No
CUST-01875,Female,0,Yes,No,35,Yes,Yes,DSL,Yes,No,Yes,No,No,Yes,One year,No,Electronic check,60.05,2155.15,Yes
CUST-01876,Female,0,Yes,No,16,Yes,Yes,No,No internet service,No internet service,No internet service,No internet service,No internet service,No internet service,Month-to-month,No,Electronic check,31.15,454.05,No
CUST-01877,Male,0,Yes,Yes,49,Yes,Yes,Fiber optic,No,Yes,Yes,Yes,Yes,Yes,Month-to-month,No,Mailed check,94.72,4602.94,No
CUST-01878,Female,0,No,Yes,60,Yes,No,No,No internet service,No internet service,No internet service,No internet service,No internet service,No internet service,One year,Yes,Credit card (automatic),25.35,1466.81,No
CUST-01879,Female,0,Yes,Yes,51,Yes,No,Fiber optic,No,No,No,No,Yes,No,Two year,No,Bank transfer (automatic),66.85,3357.61,No
CUST-01880,Male,0,No,No,59,Yes,No,Fiber optic,Yes,Yes,No,No,No,No,Month-to-month,Yes,Credit card (automatic),66.87,3890.88,No
CUST-01881,Female,0,Yes,Yes,64,Yes,Yes,DSL,Yes,Yes,No,No,No,No,One year,No,Bank transfer (automatic),57.98,3748.57,No
CUST-01882,Female,0,No,No,13,No,No phone service,Fiber optic,No,No,No,No,No,Yes,One year,No,Credit card (automatic),63.87,909.77,Yes
CUST-01883,Male,0,No,No,26,Yes,No,No,No internet service,No internet service,No internet service,No internet service,No internet service,No internet service,Month-to-month,Yes,Electronic check,29.43,728.56,No
CUST-01884,Male,0,Yes,No,70,Yes,No,DSL,No,No,Yes,No,No,No,Two year,Yes,Credit card (automatic),39.76,2874.89,No
CUST-01885,Male,0,Yes,No,3,Yes,No,DSL,No,Yes,No,No,No,No,Month-to-month,Yes,Bank transfer (automatic),40.78,114.19,No
CUST-01886,Female,0,Yes,No,12,Yes,Yes,No,No internet service,No internet service,No internet service,No internet service,No internet service,No internet service,Month-to-month,No,Bank transfer (automatic),34.79,406.32,No
CUST-01887,Female,1,No,No,41,No,No phone service,No,No internet service,No internet service,No internet service,No internet service,No internet service,No internet service,Month-to-month,Yes,Bank transfer (automatic),28.55,1133.57,Yes
CUST-01888,Female,0,Yes,Yes,65,Yes,No,Fiber optic,No,No,Yes,No,No,Yes,One year,Yes,Mailed check,71.16,4638.0,No
CUST-01889,Male,0,No,No,63,Yes,No,Fiber optic,Yes,No,Yes,Yes,No,No,Two year,Yes,Mailed check,67.31,4188.32,No
CUST-01890,Male,0,No,No,50,Yes,No,Fiber optic,No,No,No,No,No,No,Month-to-month,No,Credit card (automatic),59.18,2909.88,Yes
CUST-01891,Female,0,No,Yes,47,Yes,Yes,Fiber optic,No,No,No,Yes,No,No,Month-to-month,Yes,Mailed check,69.97,3335.15,Yes
CUST-01892,Female,0,Yes,No,8,No,No phone service,Fiber optic,No,No,No,No,Yes,No,Month-to-month,Yes,Mailed check,58.99,561.36,Yes
CUST-01893,Male,0,Yes,No,31,Yes,Yes,Fiber optic,Yes,No,Yes,No,No,No,Two year,Yes,Bank transfer (automatic),66.42,2120.75,No
CUST-01894,Male,0,No,No,11,Yes,Yes,Fiber optic,Yes,No,Yes,No,No,Yes,Month-to-month,Yes,Credit card (automatic),77.37,865.45,Yes
CUST-01895,Male,0,No,No,17,Yes,No,DSL,No,No,No,No,No,No,Two year,Yes,Electronic check,35.72,639.04,No
CUST-01896,Male,0,No,No,27,Yes,No,DSL,No,Yes,No,No,No,Yes,Month-to-month,Yes,Credit card (automatic),61.1,1615.2,No
CUST-01897,Female,0,No,No,27,Yes,Yes,Fiber optic,No,No,No,Yes,Yes,No,One year,Yes,Credit card (automatic),74.04,2016.4,No
CUST-01898,Male,1,No,No,56,Yes,No,DSL,Yes,No,No,Yes,No,Yes,Month-to-month,No,Electronic check,56.81,3221.19,Yes
CUST-01899,Female,0,No,No,69,Yes,No,Fiber optic,Yes,Yes,Yes,No,Yes,Yes,Two year,Yes,Electronic check,97.95,6776.61,Yes
CUST-01900,Female,0,No,No,47,Yes,No,DSL,Yes,Yes,Yes,No,Yes,Yes,Month-to-month,Yes,Credit card (automatic),78.65,3692.19,Yes
CUST-01901,Female,0,Yes,No,19,Yes,Yes,DSL,Yes,No,Yes,Yes,No,No,Two year,Yes,Electronic check,65.26,1237.72,No
CUST-01902,Male,0,No,No,57,Yes,Yes,Fiber optic,No,No,No,No,No,No,One year,Yes,Credit card (automatic),62.97,3533.9,Yes
CUST-01903,Male,0,Yes,Yes,31,No,No phone service,DSL,No,No,No,Yes,No,Yes,One year,No,Electronic check,52.23,1568.94,No
CUST-01904,Male,0,Yes,No,16,Yes,No,Fiber optic,No,No,Yes,No,Yes,No,Month-to-month,Yes,Electronic check,71.59,1132.53,Yes
CUST-01905,Male,0,No,No,45,Yes,No,DSL,Yes,Yes,No,No,Yes,No,Month-to-month,Yes,Bank transfer (automatic),53.66,2373.09,No
CUST-01906,Female,0,Yes,Yes,27,Yes,Yes,Fiber optic,No,No,No,Yes,No,Yes,One year,No,Mailed check,76.51,2123.68,Yes
CUST-01907,Male,0,Yes,Yes,61,No,No phone service,DSL,Yes,Yes,No,No,No,Yes,Two year,Yes,Credit card (automatic),57.13,3476.24,No
CUST-01908,Male,0,Yes,Yes,26,Yes,Yes,DSL,No,Yes,No,No,Yes,No,Month-to-month,No,Electronic check,58.46,1567.1,Yes
CUST-01909,Female,1,No,No,29,Yes,Yes,Fiber optic,Yes,No,Yes,No,No,No,Two year,No,Electronic check,66.64,1934.64,No
CUST-01910,Male,0,No,No,44,Yes,Yes,Fiber optic,No,Yes,No,No,No,Yes,Month-to-month,No,Bank transfer (automatic),77.24,3415.93,Yes
CUST-01911,Female,0,No,Yes,29,Yes,Yes,DSL,Yes,Yes,Yes,Yes,No,No,Month-to-month,Yes,Mailed check,61.31,1815.43,Yes
CUST-01912,Female,0,Yes,No,2,No,No phone service,Fiber optic,No,Yes,No,No,No,No,Month-to-month,No,Bank transfer (automatic),69.38,144.26,Yes
CUST-01913,Female,0,Yes,No,6,No,No phone service,DSL,No,Yes,No,Yes,No,Yes,Month-to-month,No,Electronic check,61.61,419.17,Yes
CUST-01914,Female,1,Yes,Yes,9,Yes,No,Fiber optic,No,No,No,No,No,No,One year,No,Credit card (automatic),51.51,504.33,Yes
CUST-01915,Female,0,Yes,Yes,15,Yes,No,Fiber optic,Yes,No,No,No,No,Yes,Month-to-month,Yes,Electronic check,75.35,1101.94,Yes
CUST-01916,Female,0,No,No,58,Yes,No,DSL,No,Yes,No,No,No,Yes,Month-to-month,No,Mailed check,53.21,3147.69,Yes
CUST-01917,Female,0,Yes,Yes,2,Yes,Yes,No,No internet service,No internet service,No internet service,No internet service,No internet service,No internet service,One year,No,Bank transfer (automatic),24.57,29.8,No
CUST-01918,Female,0,Yes,Yes,3,Yes,Yes,No,No internet service,No internet service,No internet service,No internet service,No internet service,No internet service,Month-to-month,Yes,Electronic check,33.9,97.32,Yes
CUST-01919,Male,0,Yes,No,52,Yes,Yes,DSL,No,No,Yes,No,Yes,Yes,Month-to-month,Yes,Electronic check,79.73,4141.0,Yes
CUST-01920,Male,0,Yes,No,55,Yes,No,DSL,Yes,Yes,No,No,Yes,Yes,Month-to-month,No,Electronic check,73.87,4029.47,Yes
CUST-01921,Male,1,Yes,No,53,Yes,Yes,DSL,No,No,No,No,Yes,Yes,One year,No,Electronic check,65.98,3485.35,No
CUST-01922,Male,0,No,No,72,Yes,Yes,No,No internet service,No internet service,No internet service,No internet service,No internet service,No internet service,Two year,Yes,Credit card (automatic),35.68,2605.58,Yes
CUST-01923,Female,0,No,No,40,Yes,Yes,Fiber optic,No,No,No,No,No,Yes,Month-to-month,No,Mailed check,70.27,2784.49,Yes
CUST-01924,Male,0,No,Yes,39,Yes,No,DSL,No,No,No,No,No,No,Two year,No,Electronic check,38.16,1482.63,No
CUST-01925,Female,0,No,Yes,43,Yes,No,No,No internet service,No internet service,No internet service,No internet service,No internet service,No internet service,Month-to-month,Yes,Credit card (automatic),24.72,1099.52,No
CUST-01926,Male,0,Yes,No,13,Yes,Yes,Fiber optic,No,No,No,Yes,Yes,Yes,Month-to-month,Yes,Electronic check,81.48,1115.36,Yes
CUST-01927,Male,0,No,No,37,Yes,Yes,Fiber optic,No,No,No,No,Yes,Yes,Month-to-month,Yes,Credit card (automatic),83.1,3113.81,No
CUST-01928,Male,1,No,No,55,No,No phone service,No,No internet service,No internet service,No internet service,No internet service,No internet service,No internet service,Month-to-month,Yes,Electronic check,24.63,1330.35,No
CUST-01929,Female,0,Yes,Yes,32,Yes,Yes,No,No internet service,No internet service,No internet service,No internet service,No internet service,No internet service,One year,Yes,Bank transfer (automatic),39.13,1308.2,No
CUST-01930,Male,0,No,Yes,14,Yes,Yes,DSL,Yes,No,Yes,No,No,Yes,Month-to-month,No,Electronic check,67.37,935.26,No
CUST-01931,Female,0,No,Yes,65,Yes,Yes,Fiber optic,No,No,No,No,No,No,Month-to-month,Yes,Credit card (automatic),52.13,3343.36,Yes
CUST-01932,Female,0,Yes,No,27,Yes,No,Fiber optic,No,Yes,No,No,No,Yes,One year,Yes,Electronic check,68.43,1850.9,Yes
CUST-01933,Male,0,No,Yes,24,Yes,Yes,DSL,No,No,No,Yes,No,Yes,Two year,Yes,Mailed check,56.61,1350.1,No
CUST-01934,Male,0,No,No,22,Yes,No,DSL,No,Yes,Yes,Yes,No,Yes,Two year,No,Electronic check,64.78,1406.21,No
CUST-01935,Male,0,No,No,45,Yes,Yes,Fiber optic,No,No,No,No,No,No,Two year,No,Mailed check,65.47,2994.94,No
CUST-01936,Female,0,No,Yes,8,Yes,No,No,No internet service,No internet service,No internet service,No internet service,No internet service,No internet service,Month-to-month,Yes,Mailed check,21.49,94.18,Yes
CUST-01937,Male,1,Yes,Yes,67,Yes,No,No,No internet service,No internet service,No internet service,No internet service,No internet service,No internet service,Two year,Yes,Credit card (automatic),33.27,2303.23,No
CUST-01938,Female,1,Yes,No,64,No,No phone service,No,No internet service,No internet service,No internet service,No internet service,No internet service,No internet service,Month-to-month,Yes,Credit card (automatic),27.11,1734.83,No
CUST-01939,Female,0,No,Yes,47,Yes,No,No,No internet service,No internet service,No internet service,No internet service,No internet service,No internet service,Two year,No,Credit card (automatic),32.75,1580.83,Yes
CUST-01940,Male,0,No,Yes,21,Yes,No,DSL,Yes,No,No,No,Yes,No,Month-to-month,Yes,Electronic check,59.54,1296.04,No
CUST-01941,Male,0,No,Yes,32,Yes,No,Fiber optic,No,No,Yes,Yes,Yes,Yes,Two year,Yes,Electronic check,85.67,2770.56,Yes
CUST-01942,Female,0,Yes,No,45,Yes,Yes,Fiber optic,Yes,No,No,Yes,Yes,Yes,One year,No,Bank transfer (automatic),93.93,4217.05,No
CUST-01943,Female,0,Yes,No,44,Yes,Yes,Fiber optic,No,No,No,No,Yes,No,Month-to-month,Yes,Bank transfer (automatic),68.05,2964.0,Yes
CUST-01944,Female,0,Yes,Yes,41,Yes,Yes,No,No internet service,No internet service,No internet service,No internet service,No internet service,No internet service,Two year,Yes,Credit card (automatic),27.57,1134.33,No
CUST-01945,Male,0,Yes,No,52,Yes,Yes,Fiber optic,No,Yes,No,No,No,No,Two year,Yes,Bank transfer (automatic),60.99,3121.5,No
CUST-01946,Female,0,Yes,No,11,Yes,Yes,Fiber optic,No,No,Yes,Yes,Yes,No,One year,Yes,Electronic check,77.22,884.8,Yes
CUST-01947,Male,0,Yes,No,18,Yes,Yes,Fiber optic,No,No,No,Yes,Yes,Yes,Month-to-month,No,Mailed check,84.69,1566.73,Yes
CUST-01948,Female,0,Yes,Yes,11,Yes,No,Fiber optic,No,Yes,Yes,No,No,No,Month-to-month,No,Mailed check,71.07,787.16,Yes
CUST-01949,Female,0,Yes,No,27,Yes,No,DSL,Yes,No,No,No,Yes,Yes,Month-to-month,Yes,Credit card (automatic),60.58,1611.15,No
CUST-01950,Male,0,Yes,No,43,Yes,No,No,No internet service,No internet service,No internet service,No internet service,No internet service,No internet service,One year,No,Mailed check,19.51,791.32,No
CUST-01951,Female,0,No,No,65,No,No phone service,DSL,No,No,Yes,Yes,No,No,Two year,Yes,Bank transfer (automatic),51.64,3326.21,No
CUST-01952,Male,0,No,No,54,Yes,Yes,DSL,No,No,No,No,No,No,Month-to-month,No,Mailed check,51.13,2823.77,No
CUST-01953,Male,1,Yes,No,29,Yes,Yes,Fiber optic,Yes,Yes,No,No,No,Yes,Month-to-month,Yes,Electronic check,81.7,2342.26,Yes
CUST-01954,Female,0,No,No,21,No,No phone service,Fiber optic,Yes,No,Yes,Yes,No,Yes,Two year,No,Mailed check,75.55,1567.73,No
CUST-01955,Male,0,No,No,29,Yes,No,No,No internet service,No internet service,No internet service,No internet service,No internet service,No internet service,Month-to-month,Yes,Electronic check,21.36,580.34,No
CUST-01956,Male,0,No,No,9,Yes,Yes,No,No internet service,No internet service,No internet service,No internet service,No internet service,No internet service,Month-to-month,No,Mailed check,33.78,260.47,Yes
CUST-01957,Female,1,Yes,No,61,Yes,No,Fiber optic,No,Yes,No,No,No,No,Two year,No,Electronic check,62.94,3822.31,No
CUST-01958,Male,0,Yes,Yes,62,Yes,No,Fiber optic,No,No,Yes,No,No,Yes,Two year,Yes,Electronic check,62.11,3833.34,No
CUST-01959,Male,0,No,Yes,71,Yes,Yes,Fiber optic,Yes,No,No,No,No,Yes,Month-to-month,No,Bank transfer (automatic),71.52,5055.53,Yes
CUST-01960,Male,1,Yes,No,5,Yes,No,No,No internet service,No internet service,No internet service,No internet service,No internet service,No internet service,Month-to-month,No,Electronic check,30.14,94.61,Yes
CUST-01961,Female,0,No,No,15,Yes,Yes,DSL,No,No,Yes,No,No,No,Month-to-month,Yes,Bank transfer (automatic),51.57,867.33,Yes
CUST-01962,Male,1,No,No,57,Yes,No,Fiber optic,No,Yes,Yes,No,Yes,Yes,One year,Yes,Electronic check,84.92,4796.24,No
CUST-01963,Female,1,No,No,5,Yes,No,Fiber optic,Yes,No,Yes,No,Yes,Yes,Month-to-month,Yes,Bank transfer (automatic),87.36,460.47,Yes
CUST-01964,Female,1,Yes,Yes,20,Yes,Yes,DSL,No,No,Yes,Yes,Yes,Yes,Month-to-month,No,Electronic check,67.79,1333.51,Yes
CUST-01965,Male,0,Yes,No,4,Yes,Yes,Fiber optic,Yes,No,No,No,Yes,No,Two year,Yes,Electronic check,73.2,357.38,No
CUST-01966,Male,0,Yes,Yes,56,Yes,Yes,Fiber optic,No,No,No,No,No,No,Month-to-month,No,Mailed check,46.88,2587.72,No
CUST-01967,Male,0,No,No,34,Yes,Yes,No,No internet service,No internet service,No internet service,No internet service,No internet service,No internet service,Month-to-month,Yes,Credit card (automatic),33.03,1198.26,No
CUST-01968,Female,0,Yes,No,40,Yes,No,No,No internet service,No internet service,No internet service,No internet service,No internet service,No internet service,One year,Yes,Bank transfer (automatic),24.2,1035.66,No
CUST-01969,Male,0,No,Yes,69,Yes,No,Fiber optic,No,No,Yes,Yes,No,No,Month-to-month,No,Electronic check,62.72,4377.87,No
CUST-01970,Male,0,Yes,Yes,68,Yes,No,No,No internet service,No internet service,No internet service,No internet service,No internet service,No internet service,Two year,Yes,Bank transfer (automatic),32.16,2159.57,No
CUST-01971,Male,0,Yes,Yes,22,Yes,No,DSL,Yes,No,Yes,Yes,No,No,Month-to-month,No,Mailed check,48.5,1072.15,No
CUST-01972,Male,0,Yes,Yes,14,Yes,Yes,Fiber optic,Yes,No,No,Yes,No,Yes,Month-to-month,Yes,Credit card (automatic),77.36,1115.62,Yes
CUST-01973,Male,0,No,No,68,Yes,Yes,Fiber optic,No,Yes,Yes,No,No,No,Two year,Yes,Bank transfer (automatic),67.14,4546.68,No
CUST-01974,Female,0,No,Yes,8,Yes,Yes,Fiber optic,No,Yes,Yes,No,Yes,No,Two year,Yes,Credit card (automatic),73.86,625.94,No
CUST-01975,Female,0,Yes,Yes,67,Yes,Yes,No,No internet service,No internet service,No internet service,No internet service,No internet service,No internet service,Month-to-month,No,Electronic check,30.54,2079.77,No
CUST-01976,Male,0,No,Yes,46,Yes,Yes,DSL,No,No,Yes,No,Yes,No,Two year,Yes,Mailed check,55.48,2549.53,No
CUST-01977,Male,0,No,No,29,Yes,No,No,No internet service,No internet service,No internet service,No internet service,No internet service,No internet service,Month-to-month,Yes,Electronic check,25.07,702.8,Yes
CUST-01978,Male,0,No,No,12,Yes,Yes,DSL,Yes,No,Yes,Yes,No,No,One year,Yes,Mailed check,58.91,684.32,No
CUST-01979,Male,0,No,Yes,52,Yes,No,Fiber optic,No,Yes,No,No,Yes,No,Two year,Yes,Electronic check,70.93,3719.66,No
CUST-01980,Female,0,Yes,No,58,Yes,Yes,DSL,No,Yes,Yes,No,Yes,No,Month-to-month,No,Electronic check,66.05,3886.13,No
CUST-01981,Male,0,Yes,No,2,Yes,Yes,No,No internet service,No internet service,No internet service,No internet service,No internet service,No internet service,Month-to-month,Yes,Mailed check,26.83,66.76,Yes
CUST-01982,Female,0,No,No,1,Yes,No,DSL,No,Yes,Yes,No,No,Yes,One year,No,Bank transfer (automatic),56.4,89.66,No
CUST-01983,Female,0,Yes,No,55,Yes,No,Fiber optic,Yes,No,No,No,Yes,Yes,Month-to-month,No,Bank transfer (automatic),81.17,4453.54,Yes
CUST-01984,Male,1,Yes,Yes,34,Yes,No,No,No internet service,No internet service,No internet service,No internet service,No internet service,No internet service,Month-to-month,Yes,Mailed check,30.43,955.51,No
CUST-01985,Female,0,Yes,No,64,Yes,No,No,No internet service,No internet service,No internet service,No internet service,No internet service,No internet service,One year,No,Bank transfer (automatic),24.27,1509.93,No
CUST-01986,Female,0,No,No,68,Yes,Yes,No,No internet service,No internet service,No internet service,No internet service,No internet service,No internet service,Two year,Yes,Credit card (automatic),33.16,2283.96,No
CUST-01987,Female,0,Yes,No,12,Yes,No,Fiber optic,No,No,No,No,No,Yes,Month-to-month,Yes,Electronic check,67.08,849.1,Yes
CUST-01988,Female,0,No,Yes,50,Yes,No,Fiber optic,Yes,Yes,Yes,No,No,No,Month-to-month,Yes,Mailed check,64.01,3193.83,No
CUST-01989,Male,0,Yes,No,21,Yes,No,No,No internet service,No internet service,No internet service,No internet service,No internet service,No internet service,Month-to-month,Yes,Credit card (automatic),29.29,640.72,No
CUST-01990,Male,0,No,No,10,Yes,No,No,No internet service,No internet service,No internet service,No internet service,No internet service,No internet service,Two year,No,Bank transfer (automatic),22.42,135.34,Yes
CUST-01991,Female,0,Yes,Yes,70,Yes,Yes,Fiber optic,No,Yes,No,No,Yes,Yes,Two year,Yes,Electronic check,85.77,6069.72,No
CUST-01992,Male,0,No,Yes,14,Yes,No,Fiber optic,No,Yes,Yes,No,No,Yes,One year,No,Credit card (automatic),71.29,938.61,No
CUST-01993,Male,0,No,No,40,Yes,No,No,No internet service,No internet service,No internet service,No internet service,No internet service,No internet service,Month-to-month,Yes,Credit card (automatic),25.03,947.98,No
CUST-01994,Male,0,No,No,30,Yes,No,No,No internet service,No internet service,No internet service,No internet service,No internet service,No internet service,Month-to-month,No,Bank transfer (automatic),22.65,724.67,No
CUST-01995,Male,0,Yes,No,14,Yes,No,DSL,Yes,Yes,No,No,No,Yes,Month-to-month,Yes,Bank transfer (automatic),62.97,858.2,Yes
CUST-01996,Male,1,No,No,52,Yes,No,Fiber optic,No,No,No,Yes,No,No,Month-to-month,No,Electronic check,49.3,2464.04,No
CUST-01997,Female,0,Yes,No,17,Yes,Yes,No,No internet service,No internet service,No internet service,No internet service,No internet service,No internet service,Month-to-month,Yes,Mailed check,31.75,486.96,No
CUST-01998,Male,0,Yes,Yes,62,Yes,No,DSL,Yes,No,Yes,No,No,No,One year,Yes,Electronic check,51.39,3150.96,No
CUST-01999,Male,0,No,No,22,Yes,No,No,No internet service,No internet service,No internet service,No internet service,No internet service,No internet service,Two year,Yes,Mailed check,23.31,589.2,No
CUST-02000,Male,0,No,No,53,Yes,No,Fiber optic,No,No,Yes,No,Yes,No,Month-to-month,No,Mailed check,63.74,3409.62,No
CUST-02001,Male,0,No,No,32,Yes,No,Fiber optic,No,No,No,No,No,No,Month-to-month,No,Electronic check,50.81,1664.96,Yes
CUST-02002,Female,0,No,Yes,55,Yes,No,DSL,No,Yes,Yes,Yes,Yes,No,Month-to-month,Yes,Bank transfer (automatic),62.71,3476.48,No
CUST-02003,Female,0,Yes,Yes,22,Yes,Yes,DSL,Yes,Yes,No,No,No,No,Month-to-month,No,Bank transfer (automatic),50.61,1113.12,Yes
CUST-02004,Female,0,No,Yes,38,Yes,No,Fiber optic,No,No,No,No,No,Yes,Two year,No,Electronic check,67.85,2560.17,Yes
CUST-02005,Female,0,Yes,No,50,No,No phone service,Fiber optic,No,No,Yes,No,Yes,No,Month-to-month,Yes,Bank transfer (automatic),79.23,3959.79,Yes
CUST-02006,Male,0,No,No,66,No,No phone service,Fiber optic,Yes,No,Yes,No,Yes,Yes,Month-to-month,Yes,Mailed check,89.02,5819.6,Yes
CUST-02007,Female,1,No,Yes,45,Yes,No,Fiber optic,Yes,No,Yes,No,No,No,Two year,Yes,Mailed check,62.09,2815.59,No
CUST-02008,Male,0,No,No,8,No,No phone service,Fiber optic,Yes,No,Yes,Yes,No,No,One year,Yes,Mailed check,61.86,498.89,No
CUST-02009,Male,0,Yes,No,65,Yes,Yes,No,No internet service,No internet service,No internet service,No internet service,No internet service,No internet service,Month-to-month,No,Electronic check,27.6,1754.44,No
CUST-02010,Male,0,No,No,40,Yes,No,No,No internet service,No internet service,No internet service,No internet service,No internet service,No internet service,Month-to-month,Yes,Credit card (automatic),22.5,976.55,No
CUST-02011,Male,0,Yes,No,5,No,No phone service,Fiber optic,No,No,No,No,No,No,Month-to-month,No,Mailed check,53.1,283.18,Yes
CUST-02012,Male,1,Yes,Yes,45,Yes,No,No,No internet service,No internet service,No internet service,No internet service,No internet service,No internet service,Month-to-month,Yes,Electronic check,33.06,1467.95,Yes
CUST-02013,Female,0,Yes,Yes,46,Yes,Yes,No,No internet service,No internet service,No internet service,No internet service,No internet service,No internet service,Month-to-month,No,Electronic check,31.59,1485.58,No
CUST-02014,Female,0,No,No,36,Yes,No,Fiber optic,Yes,No,No,No,No,No,Two year,No,Bank transfer (automatic),57.12,2051.42,No
CUST-02015,Female,0,Yes,No,17,Yes,Yes,DSL,Yes,No,Yes,Yes,No,Yes,Two year,Yes,Mailed check,71.01,1190.23,No
CUST-02016,Female,0,Yes,Yes,41,Yes,Yes,DSL,No,No,No,No,No,No,Month-to-month,No,Mailed check,47.49,1977.41,No
CUST-02017,Male,0,Yes,No,30,No,No phone service,No,No internet service,No internet service,No internet service,No internet service,No internet service,No internet service,Month-to-month,Yes,Bank transfer (automatic),22.91,667.59,No
CUST-02018,Female,0,Yes,No,52,No,No phone service,DSL,Yes,No,No,Yes,Yes,Yes,Month-to-month,Yes,Electronic check,65.07,3362.43,No
CUST-02019,Male,0,No,No,20,Yes,Yes,DSL,No,No,No,Yes,Yes,No,Month-to-month,Yes,Mailed check,59.91,1138.4,Yes
CUST-02020,Female,1,No,Yes,36,Yes,Yes,DSL,No,No,No,No,No,Yes,Month-to-month,Yes,Bank transfer (automatic),58.27,2110.67,Yes
CUST-02021,Male,0,Yes,No,66,Yes,Yes,Fiber optic,Yes,No,Yes,No,No,No,Month-to-month,No,Mailed check,64.38,4194.36,Yes
CUST-02022,Male,0,No,No,45,Yes,Yes,Fiber optic,No,Yes,No,No,No,No,Two year,Yes,Electronic check,61.53,2826.24,No
CUST-02023,Female,0,No,No,4,Yes,Yes,Fiber optic,Yes,Yes,No,No,No,No,One year,No,Credit card (automatic),75.36,319.71,No
CUST-02024,Male,0,No,No,50,No,No phone service,DSL,No,No,Yes,No,No,No,One year,Yes,Mailed check,37.32,1829.47,No
CUST-02025,Male,0,No,No,55,Yes,No,DSL,Yes,No,Yes,No,No,Yes,Month-to-month,Yes,Credit card (automatic),61.31,3408.4,Yes
CUST-02026,Female,0,Yes,No,59,Yes,No,DSL,Yes,No,No,No,No,Yes,Month-to-month,Yes,Mailed check,62.0,3670.46,No
CUST-02027,Male,0,No,No,42,Yes,No,Fiber optic,No,No,No,Yes,No,Yes,Month-to-month,Yes,Electronic check,65.13,2799.89,Yes
CUST-02028,Female,0,Yes,No,2,Yes,No,Fiber optic,No,No,No,Yes,No,Yes,Two year,Yes,Electronic check,62.64,122.99,No
CUST-02029,Female,1,Yes,No,46,Yes,No,DSL,Yes,No,No,No,No,No,Two year,Yes,Electronic check,37.58,1716.62,No
CUST-02030,Female,0,No,Yes,2,Yes,No,DSL,No,No,No,No,No,Yes,Month-to-month,No,Credit card (automatic),45.69,98.56,Yes
CUST-02031,Male,0,No,No,50,Yes,Yes,No,No internet service,No internet service,No internet service,No internet service,No internet service,No internet service,One year,Yes,Mailed check,35.63,1741.14,No
CUST-02032,Male,0,Yes,No,1,Yes,No,No,No internet service,No internet service,No internet service,No internet service,No internet service,No internet service,Month-to-month,No,Credit card (automatic),24.3,18.0,Yes
CUST-02033,Male,1,Yes,No,13,Yes,Yes,DSL,Yes,No,No,No,Yes,No,Month-to-month,Yes,Bank transfer (automatic),64.16,854.17,Yes
CUST-02034,Female,0,No,No,70,Yes,No,Fiber optic,Yes,No,No,No,No,No,Month-to-month,Yes,Credit card (automatic),65.86,4621.21,No
CUST-02035,Male,0,No,Yes,22,Yes,No,Fiber optic,Yes,No,Yes,No,No,No,One year,No,Mailed check,68.11,1478.0,No
CUST-02036,Female,0,No,No,17,Yes,Yes,DSL,Yes,No,No,Yes,Yes,Yes,Two year,No,Credit card (automatic),68.93,1247.79,Yes
CUST-02037,Female,1,Yes,No,59,Yes,No,No,No internet service,No internet service,No internet service,No internet service,No internet service,No internet service,One year,Yes,Credit card (automatic),25.8,1517.78,No
CUST-02038,Male,1,No,No,70,Yes,Yes,DSL,Yes,No,No,No,No,Yes,One year,Yes,Electronic check,56.82,3985.25,No
CUST-02039,Female,0,Yes,No,3,Yes,Yes,DSL,No,No,No,No,No,No,One year,No,Credit card (automatic),48.57,84.98,Yes
CUST-02040,Male,0,Yes,No,70,Yes,Yes,Fiber optic,No,No,No,No,No,No,One year,No,Bank transfer (automatic),68.0,4775.62,No
CUST-02041,Male,0,Yes,No,49,Yes,No,No,No internet service,No internet service,No internet service,No internet service,No internet service,No internet service,Month-to-month,Yes,Bank transfer (automatic),29.0,1431.19,No
CUST-02042,Male,0,No,No,50,Yes,Yes,No,No internet service,No internet service,No internet service,No internet service,No internet service,No internet service,Month-to-month,Yes,Credit card (automatic),28.43,1423.03,No
CUST-02043,Male,0,No,No,35,Yes,No,Fiber optic,No,Yes,No,No,No,No,Month-to-month,Yes,Electronic check,67.39,2411.84,No
CUST-02044,Male,0,No,No,23,Yes,No,Fiber optic,Yes,No,No,No,No,Yes,Month-to-month,Yes,Bank transfer (automatic),65.07,1422.32,Yes
CUST-02045,Female,1,No,No,72,Yes,Yes,Fiber optic,No,Yes,No,No,Yes,Yes,Month-to-month,Yes,Electronic check,85.5,6139.9,No
CUST-02046,Female,0,Yes,No,7,Yes,No,No,No internet service,No internet service,No internet service,No internet service,No internet service,No internet service,One year,Yes,Mailed check,26.41,266.02,No
CUST-02047,Female,0,Yes,No,50,Yes,No,DSL,No,No,No,No,No,Yes,Month-to-month,No,Electronic check,50.62,2559.73,Yes
CUST-02048,Male,0,Yes,No,10,Yes,No,DSL,No,Yes,No,Yes,Yes,No,One year,Yes,Mailed check,53.38,530.05,No
CUST-02049,Male,0,No,Yes,55,Yes,Yes,No,No internet service,No internet service,No internet service,No internet service,No internet service,No internet service,Month-to-month,Yes,Credit card (automatic),34.56,1803.9,Yes
CUST-02050,Male,0,No,Yes,19,Yes,No,No,No internet service,No internet service,No internet service,No internet service,No internet service,No internet service,Month-to-month,No,Bank transfer (automatic),24.13,490.58,Yes
CUST-02051,Female,0,No,No,23,Yes,No,Fiber optic,No,No,Yes,No,No,Yes,Month-to-month,No,Mailed check,76.75,1693.95,Yes
CUST-02052,Male,0,No,No,64,Yes,No,Fiber optic,Yes,Yes,No,No,No,No,Month-to-month,No,Electronic check,72.05,4537.58,Yes
CUST-02053,Female,1,No,No,33,Yes,Yes,No,No internet service,No internet service,No internet service,No internet service,No internet service,No internet service,Two year,Yes,Electronic check,37.56,1202.85,No
CUST-02054,Female,0,No,No,66,No,No phone service,No,No internet service,No internet service,No internet service,No internet service,No internet service,No internet service,Month-to-month,Yes,Credit card (automatic),22.78,1604.45,Yes
CUST-02055,Male,0,No,No,9,Yes,Yes,No,No internet service,No internet service,No internet service,No internet service,No internet service,No internet service,Month-to-month,Yes,Mailed check,25.78,209.79,Yes
CUST-02056,Male,0,No,No,29,Yes,Yes,Fiber optic,No,No,No,Yes,Yes,No,One year,Yes,Bank transfer (automatic),67.59,1874.2,No
CUST-02057,Female,0,No,No,18,Yes,Yes,No,No internet service,No internet service,No internet service,No internet service,No internet service,No internet service,Two year,Yes,Credit card (automatic),31.67,657.16,No
CUST-02058,Male,0,No,No,71,Yes,No,DSL,No,No,No,No,No,Yes,Month-to-month,No,Bank transfer (automatic),49.22,3449.23,No
CUST-02059,Female,0,No,No,29,Yes,Yes,Fiber optic,Yes,No,No,No,Yes,Yes,Two year,No,Mailed check,83.03,2418.51,No
CUST-02060,Male,0,Yes,Yes,61,Yes,No,DSL,No,No,No,No,No,No,Month-to-month,Yes,Mailed check,34.85,2124.98,No
CUST-02061,Male,0,Yes,No,5,Yes,Yes,DSL,No,Yes,No,Yes,Yes,Yes,Two year,Yes,Credit card (automatic),76.25,404.63,No
CUST-02062,Female,0,Yes,Yes,69,Yes,No,Fiber optic,No,Yes,No,No,Yes,No,Month-to-month,No,Electronic check,69.69,4836.22,Yes
CUST-02063,Male,0,Yes,No,56,Yes,Yes,DSL,No,No,Yes,Yes,No,No,One year,No,Electronic check,64.58,3615.1,No
CUST-02064,Female,0,No,Yes,52,Yes,No,DSL,No,No,No,No,Yes,No,One year,No,Bank transfer (automatic),52.15,2684.31,No
CUST-02065,Male,1,Yes,No,15,Yes,No,DSL,Yes,No,No,Yes,Yes,No,Month-to-month,Yes,Bank transfer (automatic),57.24,855.84,No
CUST-02066,Female,0,Yes,Yes,20,Yes,No,No,No internet service,No internet service,No internet service,No internet service,No internet service,No internet service,Month-to-month,Yes,Mailed check,22.48,480.06,Yes
CUST-02067,Female,0,Yes,Yes,16,Yes,Yes,DSL,Yes,No,No,No,No,No,Month-to-month,No,Mailed check,43.09,604.49,Yes
CUST-02068,Male,1,No,No,25,No,No phone service,DSL,Yes,No,No,No,No,No,Month-to-month,Yes,Bank transfer (automatic),52.22,1230.13,Yes
CUST-02069,Female,0,Yes,Yes,57,Yes,No,Fiber optic,No,No,No,No,Yes,Yes,One year,No,Mailed check,75.4,4248.66,Yes
CUST-02070,Male,0,Yes,Yes,21,Yes,Yes,No,No internet service,No internet service,No internet service,No internet service,No internet service,No internet service,Month-to-month,Yes,Electronic check,35.26,773.42,Yes
CUST-02071,Male,1,Yes,No,5,Yes,Yes,Fiber optic,Yes,No,No,Yes,Yes,No,One year,No,Credit card (automatic),85.73,434.35,No
CUST-02072,Male,0,Yes,Yes,9,Yes,Yes,No,No internet service,No internet service,No internet service,No internet service,No internet service,No internet service,Month-to-month,Yes,Mailed check,28.2,340.03,No
CUST-02073,Female,1,No,Yes,11,Yes,No,DSL,No,Yes,Yes,Yes,Yes,No,Month-to-month,No,Electronic check,59.78,746.31,Yes
CUST-02074,Female,1,Yes,Yes,65,Yes,No,Fiber optic,No,Yes,Yes,No,Yes,Yes,Month-to-month,No,Electronic check,91.7,5956.37,Yes
CUST-02075,Male,0,No,No,63,Yes,Yes,No,No internet service,No internet service,No internet service,No internet service,No internet service,No internet service,One year,No,Electronic check,34.94,2106.85,No
CUST-02076,Male,0,No,No,26,Yes,Yes,Fiber optic,No,Yes,Yes,No,No,No,Month-to-month,Yes,Credit card (automatic),73.3,1898.35,Yes
CUST-02077,Female,0,No,No,19,Yes,Yes,DSL,No,No,No,Yes,No,Yes,Month-to-month,No,Credit card (automatic),62.74,1171.27,No
CUST-02078,Male,0,Yes,No,16,Yes,Yes,Fiber optic,No,No,No,No,No,Yes,Two year,Yes,Electronic check,66.62,1052.01,No
CUST-02079,Male,0,Yes,Yes,56,Yes,No,No,No internet service,No internet service,No internet service,No internet service,No internet service,No internet service,One year,Yes,Electronic check,20.24,1048.6,No
CUST-02080,Female,0,Yes,No,68,Yes,No,No,No internet service,No internet service,No internet service,No internet service,No internet service,No internet service,One year,Yes,Mailed check,24.54,1708.51,No
CUST-02081,Male,0,Yes,No,30,Yes,Yes,DSL,No,No,No,No,Yes,Yes,One year,Yes,Mailed check,63.27,1883.14,No
CUST-02082,Female,0,No,No,7,Yes,No,DSL,No,Yes,No,Yes,Yes,No,Two year,Yes,Electronic check,63.9,455.36,No
CUST-02083,Male,0,Yes,No,12,No,No phone service,No,No internet service,No internet service,No internet service,No internet service,No internet service,No internet service,Two year,No,Bank transfer (automatic),18.0,179.82,No
CUST-02084,Female,0,Yes,No,24,Yes,No,DSL,No,No,Yes,Yes,No,Yes,One year,Yes,Mailed check,57.77,1397.97,No
CUST-02085,Male,0,No,Yes,22,Yes,Yes,Fiber optic,No,No,Yes,No,Yes,Yes,Month-to-month,Yes,Mailed check,83.3,1888.43,Yes
CUST-02086,Male,0,No,No,47,Yes,No,DSL,No,No,No,No,No,No,Month-to-month,No,Electronic check,39.59,1834.89,No
CUST-02087,Female,1,Yes,No,30,Yes,Yes,DSL,No,Yes,No,No,No,No,Month-to-month,No,Electronic check,45.97,1316.9,No
CUST-02088,Male,1,Yes,No,60,Yes,No,No,No internet service,No internet service,No internet service,No internet service,No internet service,No internet service,Month-to-month,Yes,Bank transfer (automatic),22.05,1354.48,No
CUST-02089,Female,0,Yes,No,39,Yes,Yes,Fiber optic,Yes,No,No,No,No,No,Month-to-month,No,Bank transfer (automatic),66.64,2615.77,No
CUST-02090,Male,1,No,Yes,20,Yes,No,Fiber optic,Yes,Yes,Yes,Yes,Yes,No,One year,No,Mailed check,80.07,1548.83,No
CUST-02091,Female,0,No,No,26,Yes,No,DSL,No,Yes,Yes,No,No,No,Month-to-month,Yes,Credit card (automatic),48.78,1255.22,No
CUST-02092,Female,0,No,Yes,49,No,No phone service,No,No internet service,No internet service,No internet service,No internet service,No internet service,No internet service,Two year,Yes,Electronic check,22.35,1046.9,No
CUST-02093,Female,0,No,Yes,69,Yes,Yes,Fiber optic,No,Yes,No,No,No,Yes,Month-to-month,No,Bank transfer (automatic),74.04,5100.82,Yes
CUST-02094,Female,0,No,No,42,Yes,No,Fiber optic,No,No,No,No,No,No,Month-to-month,No,Bank transfer (automatic),52.25,2222.26,Yes
CUST-02095,Male,1,Yes,No,6,Yes,No,DSL,No,No,No,No,No,No,Month-to-month,Yes,Mailed check,33.91,232.32,Yes
CUST-02096,Male,0,Yes,No,53,No,No phone service,Fiber optic,Yes,Yes,No,No,Yes,No,Month-to-month,Yes,Electronic check,76.83,4022.55,No
CUST-02097,Female,0,No,No,34,Yes,Yes,Fiber optic,No,No,Yes,No,Yes,Yes,Two year,Yes,Bank transfer (automatic),80.43,2840.03,No
CUST-02098,Female,0,No,No,69,Yes,Yes,Fiber optic,No,No,No,Yes,Yes,No,Month-to-month,Yes,Electronic check,79.15,5405.05,No
CUST-02099,Female,0,Yes,Yes,10,Yes,No,No,No internet service,No internet service,No internet service,No internet service,No internet service,No internet service,Month-to-month,No,Bank transfer (automatic),18.1,220.6,No
CUST-02100,Male,0,No,No,28,Yes,No,Fiber optic,Yes,No,No,No,No,Yes,Two year,Yes,Electronic check,81.44,2276.23,No
CUST-02101,Male,0,No,No,3,Yes,Yes,DSL,No,Yes,Yes,Yes,No,No,One year,Yes,Electronic check,67.29,291.13,Yes
CUST-02102,Male,0,Yes,No,48,Yes,No,DSL,No,Yes,No,Yes,No,Yes,One year,No,Electronic check,65.68,3087.12,No
CUST-02103,Male,0,No,No,66,Yes,Yes,Fiber optic,No,Yes,Yes,No,No,Yes,Two year,Yes,Credit card (automatic),74.78,4986.29,No
CUST-02104,Female,0,Yes,No,35,Yes,No,No,No internet service,No internet service,No internet service,No internet service,No internet service,No internet service,Two year,No,Electronic check,23.31,770.56,No
CUST-02105,Female,0,No,No,52,Yes,Yes,DSL,No,No,No,No,No,No,Month-to-month,No,Electronic check,48.13,2506.24,No
CUST-02106,Female,0,Yes,No,62,Yes,No,DSL,Yes,Yes,No,No,No,No,Month-to-month,Yes,Mailed check,50.7,3116.79,Yes
CUST-02107,Male,0,No,No,52,Yes,Yes,Fiber optic,Yes,Yes,No,No,Yes,Yes,One year,Yes,Electronic check,86.03,4473.41,No
CUST-02108,Male,0,No,No,47,Yes,Yes,DSL,No,No,No,No,Yes,Yes,One year,Yes,Bank transfer (automatic),57.33,2684.61,No
CUST-02109,Male,0,Yes,No,54,Yes,No,No,No internet service,No internet service,No internet service,No internet service,No internet service,No internet service,Month-to-month,Yes,Bank transfer (automatic),26.95,1387.5,Yes
CUST-02110,Female,0,No,No,28,Yes,No,Fiber optic,No,Yes,No,Yes,Yes,No,Month-to-month,No,Electronic check,86.78,2380.1,Yes
CUST-02111,Female,0,No,No,23,Yes,Yes,DSL,No,No,Yes,No,Yes,No,Month-to-month,Yes,Mailed check,56.52,1269.98,No
CUST-02112,Male,1,No,No,35,No,No phone service,Fiber optic,No,No,No,No,No,No,Month-to-month,Yes,Bank transfer (automatic),55.46,1904.84,Yes
CUST-02113,Female,0,Yes,No,32,Yes,Yes,Fiber optic,Yes,Yes,Yes,No,No,No,One year,No,Electronic check,75.69,2413.45,Yes
CUST-02114,Male,0,No,No,2,Yes,No,No,No internet service,No internet service,No internet service,No internet service,No internet service,No internet service,Month-to-month,Yes,Bank transfer (automatic),21.35,63.1,Yes
CUST-02115,Male,1,Yes,No,16,Yes,Yes,No,No internet service,No internet service,No internet service,No internet service,No internet service,No internet service,Two year,No,Mailed check,30.25,576.57,No
CUST-02116,Female,0,Yes,No,16,Yes,Yes,DSL,No,No,No,No,Yes,Yes,Month-to-month,No,Mailed check,71.3,1166.22,Yes
CUST-02117,Male,0,Yes,No,51,Yes,No,DSL,No,Yes,No,Yes,No,Yes,Month-to-month,Yes,Electronic check,63.39,3211.73,No
CUST-02118,Female,0,Yes,No,67,Yes,No,Fiber optic,No,No,Yes,No,Yes,Yes,Two year,Yes,Mailed check,76.31,5116.47,No
CUST-02119,Male,0,No,No,54,Yes,No,Fiber optic,No,Yes,No,No,No,No,One year,No,Electronic check,51.48,2758.77,No
CUST-02120,Female,0,Yes,Yes,20,Yes,Yes,DSL,Yes,No,Yes,No,Yes,Yes,Month-to-month,Yes,Bank transfer (automatic),74.2,1430.25,No
CUST-02121,Female,1,Yes,Yes,33,Yes,No,No,No internet service,No internet service,No internet service,No internet service,No internet service,No internet service,Month-to-month,No,Electronic check,29.76,995.55,No
CUST-02122,Female,0,No,No,8,Yes,Yes,Fiber optic,No,No,No,No,No,No,Month-to-month,Yes,Credit card (automatic),53.2,441.83,Yes
CUST-02123,Male,0,No,No,24,Yes,Yes,Fiber optic,No,No,No,Yes,No,No,Month-to-month,No,Bank transfer (automatic),63.69,1616.38,Yes
CUST-02124,Male,1,No,No,53,Yes,No,DSL,No,Yes,Yes,Yes,No,Yes,Month-to-month,Yes,Mailed check,69.24,3713.05,No
CUST-02125,Female,1,Yes,Yes,64,Yes,No,DSL,No,No,Yes,No,Yes,No,Month-to-month,Yes,Electronic check,50.73,3199.48,Yes
CUST-02126,Female,0,No,Yes,58,No,No phone service,Fiber optic,Yes,No,No,No,Yes,Yes,Month-to-month,No,Mailed check,84.07,4748.34,No
CUST-02127,Male,0,Yes,No,37,No,No phone service,No,No internet service,No internet service,No internet service,No internet service,No internet service,No internet service,Month-to-month,Yes,Bank transfer (automatic),22.35,775.49,No
CUST-02128,Male,0,No,Yes,12,Yes,No,No,No internet service,No internet service,No internet service,No internet service,No internet service,No internet service,One year,No,Mailed check,20.04,240.37,No
CUST-02129,Male,0,No,No,4,Yes,Yes,Fiber optic,No,Yes,Yes,Yes,Yes,No,Month-to-month,Yes,Electronic check,89.19,346.24,Yes
CUST-02130,Female,0,No,No,31,Yes,No,Fiber optic,No,No,Yes,Yes,No,No,One year,Yes,Electronic check,55.9,1790.55,Yes
CUST-02131,Male,1,Yes,No,38,Yes,Yes,Fiber optic,No,Yes,No,Yes,No,Yes,Month-to-month,No,Bank transfer (automatic),79.04,3026.11,Yes
CUST-02132,Male,0,Yes,Yes,37,Yes,No,DSL,No,No,Yes,No,No,No,Two year,No,Credit card (automatic),49.66,1888.52,No
CUST-02133,Female,0,Yes,Yes,14,Yes,No,Fiber optic,No,No,No,No,Yes,No,One year,Yes,Credit card (automatic),64.8,963.57,Yes
CUST-02134,Male,0,Yes,No,24,Yes,No,No,No internet service,No internet service,No internet service,No internet service,No internet service,No internet service,Two year,Yes,Bank transfer (automatic),23.07,551.98,No
CUST-02135,Male,0,Yes,Yes,10,No,No phone service,Fiber optic,No,No,Yes,Yes,No,Yes,Two year,No,Bank transfer (automatic),73.56,720.3,Yes
CUST-02136,Male,0,No,No,38,Yes,Yes,DSL,No,Yes,No,No,No,No,Month-to-month,No,Credit card (automatic),51.89,2028.26,Yes
CUST-02137,Female,0,Yes,No,43,Yes,No,Fiber optic,No,No,Yes,Yes,Yes,No,One year,No,Electronic check,77.23,3342.49,No
CUST-02138,Female,0,No,Yes,37,No,No phone service,Fiber optic,No,Yes,No,Yes,No,No,Month-to-month,Yes,Mailed check,64.2,2351.42,No
CUST-02139,Female,0,Yes,Yes,42,Yes,Yes,Fiber optic,No,No,Yes,No,Yes,Yes,One year,No,Electronic check,82.55,3503.74,Yes
CUST-02140,Female,0,Yes,Yes,32,No,No phone service,No,No internet service,No internet service,No internet service,No internet service,No internet service,No internet service,One year,Yes,Electronic check,27.85,964.99,No
CUST-02141,Female,0,No,No,14,Yes,Yes,DSL,Yes,No,No,No,No,Yes,One year,Yes,Mailed check,60.93,875.46,No
CUST-02142,Female,0,No,Yes,4,Yes,Yes,Fiber optic,No,No,No,Yes,Yes,No,Month-to-month,Yes,Electronic check,74.23,277.63,No
CUST-02143,Female,0,Yes,No,24,Yes,Yes,No,No internet service,No internet service,No internet service,No internet service,No internet service,No internet service,Month-to-month,Yes,Bank transfer (automatic),33.75,869.97,No
CUST-02144,Male,0,Yes,No,10,Yes,Yes,Fiber optic,No,No,Yes,No,No,No,Two year,No,Mailed check,69.52,790.02,No
CUST-02145,Male,0,No,No,16,Yes,Yes,No,No internet service,No internet service,No internet service,No internet service,No internet service,No internet service,Month-to-month,No,Electronic check,32.91,464.89,No
CUST-02146,Female,0,Yes,Yes,39,Yes,No,DSL,No,No,No,No,Yes,No,Month-to-month,No,Electronic check,45.83,1803.41,Yes
CUST-02147,Male,0,Yes,No,18,Yes,No,DSL,No,No,No,Yes,No,No,Month-to-month,No,Electronic check,48.34,799.36,Yes
CUST-02148,Male,0,No,No,25,Yes,Yes,DSL,Yes,No,No,No,Yes,Yes,Two year,No,Mailed check,71.43,1761.96,No
CUST-02149,Female,0,Yes,No,7,Yes,No,No,No internet service,No internet service,No internet service,No internet service,No internet service,No internet service,One year,Yes,Bank transfer (automatic),25.89,190.25,No
CUST-02150,Male,1,Yes,No,56,Yes,Yes,No,No internet service,No internet service,No internet service,No internet service,No internet service,No internet service,Month-to-month,No,Bank transfer (automatic),30.71,1764.56,No
CUST-02151,Male,0,No,No,47,No,No phone service,DSL,No,No,No,No,No,No,Month-to-month,Yes,Electronic check,44.21,2089.09,Yes
CUST-02152,Male,0,No,No,3,Yes,No,Fiber optic,No,No,No,No,No,Yes,Month-to-month,Yes,Mailed check,67.77,301.03,Yes
CUST-02153,Male,0,Yes,No,1,Yes,Yes,DSL,No,No,No,No,No,No,Month-to-month,No,Mailed check,40.83,31.15,No
CUST-02154,Male,0,No,No,33,Yes,Yes,Fiber optic,Yes,Yes,Yes,No,No,No,Month-to-month,Yes,Electronic check,80.31,2699.28,No
CUST-02155,Female,1,Yes,No,71,Yes,No,DSL,Yes,No,Yes,No,No,No,Month-to-month,No,Credit card (automatic),49.95,3579.78,No
CUST-02156,Female,0,No,Yes,59,No,No phone service,DSL,Yes,No,Yes,No,No,Yes,Month-to-month,No,Bank transfer (automatic),62.42,3774.07,No
CUST-02157,Female,0,No,No,72,Yes,Yes,Fiber optic,Yes,No,No,No,No,Yes,One year,Yes,Bank transfer (automatic),71.85,5148.16,No
CUST-02158,Male,0,Yes,No,32,No,No phone service,No,No internet service,No internet service,No internet service,No internet service,No internet service,No internet service,Month-to-month,Yes,Bank transfer (automatic),18.0,575.45,Yes
CUST-02159,Female,0,Yes,Yes,17,No,No phone service,Fiber optic,No,No,Yes,Yes,Yes,No,Month-to-month,No,Mailed check,77.04,1267.42,Yes
CUST-02160,Male,0,Yes,No,17,Yes,No,Fiber optic,No,No,Yes,Yes,No,Yes,Month-to-month,Yes,Electronic check,76.44,1306.61,Yes
CUST-02161,Male,0,No,Yes,21,Yes,No,Fiber optic,Yes,No,Yes,Yes,Yes,Yes,Two year,Yes,Mailed check,94.29,1987.42,No
CUST-02162,Male,0,No,Yes,55,Yes,No,DSL,No,Yes,No,No,No,No,Month-to-month,Yes,Electronic check,53.79,3010.13,No
CUST-02163,Male,0,Yes,No,6,Yes,No,Fiber optic,No,Yes,No,No,No,No,Two year,Yes,Credit card (automatic),66.02,394.23,No
CUST-02164,Female,1,Yes,No,49,Yes,No,Fiber optic,Yes,No,No,No,No,No,One year,Yes,Electronic check,56.1,2758.91,No
CUST-02165,Female,1,Yes,No,26,No,No phone service,Fiber optic,No,Yes,Yes,No,No,No,Month-to-month,No,Electronic check,64.95,1678.47,Yes
CUST-02166,Male,0,Yes,No,32,Yes,No,DSL,No,Yes,No,Yes,Yes,No,Two year,Yes,Electronic check,52.33,1680.37,No
CUST-02167,Female,0,Yes,Yes,72,Yes,No,DSL,No,No,Yes,Yes,Yes,No,Month-to-month,Yes,Mailed check,59.78,4294.51,Yes
CUST-02168,Male,0,No,No,44,Yes,No,No,No internet service,No internet service,No internet service,No internet service,No internet service,No internet service,Two year,No,Bank transfer (automatic),29.27,1315.49,No
CUST-02169,Female,0,No,Yes,59,Yes,No,DSL,No,No,No,Yes,Yes,No,Month-to-month,Yes,Electronic check,46.58,2827.17,Yes
CUST-02170,Female,1,No,No,29,Yes,No,Fiber optic,Yes,Yes,No,No,No,Yes,One year,Yes,Mailed check,74.45,2117.99,Yes
CUST-02171,Male,0,No,No,17,Yes,No,Fiber optic,No,No,Yes,No,Yes,Yes,Two year,No,Credit card (automatic),80.32,1292.53,No
CUST-02172,Female,0,No,No,18,Yes,Yes,No,No internet service,No internet service,No internet service,No internet service,No internet service,No internet service,Month-to-month,Yes,Mailed check,22.06,410.07,Yes
CUST-02173,Male,0,No,No,40,Yes,Yes,No,No internet service,No internet service,No internet service,No internet service,No internet service,No internet service,Two year,No,Credit card (automatic),22.83,908.1,No
CUST-02174,Female,0,No,No,63,Yes,Yes,No,No internet service,No internet service,No internet service,No internet service,No internet service,No internet service,Month-to-month,No,Credit card (automatic),26.65,1614.3,No
CUST-02175,Male,1,Yes,No,45,No,No phone service,Fiber optic,No,No,No,No,Yes,No,Month-to-month,Yes,Bank transfer (automatic),63.71,2847.63,Yes
CUST-02176,Male,1,Yes,Yes,3,Yes,Yes,Fiber optic,No,Yes,No,Yes,No,Yes,Month-to-month,No,Mailed check,82.72,246.48,Yes
CUST-02177,Female,0,Yes,No,3,Yes,No,DSL,No,Yes,Yes,No,Yes,No,Month-to-month,Yes,Bank transfer (automatic),65.31,97.22,Yes
CUST-02178,Female,0,No,Yes,38,Yes,No,DSL,No,Yes,No,No,No,No,Month-to-month,No,Credit card (automatic),42.63,1563.85,Yes
CUST-02179,Male,1,No,No,40,No,No phone service,DSL,No,No,No,No,No,Yes,Month-to-month,No,Electronic check,58.75,2363.37,No
CUST-02180,Female,1,Yes,No,68,Yes,Yes,Fiber optic,No,Yes,No,No,Yes,Yes,Month-to-month,Yes,Mailed check,86.22,5818.25,No
CUST-02181,Female,0,No,No,54,Yes,Yes,No,No internet service,No internet service,No internet service,No internet service,No internet service,No internet service,One year,Yes,Bank transfer (automatic),31.34,1807.37,Yes
CUST-02182,Male,0,No,No,20,Yes,Yes,DSL,No,No,No,No,No,No,Month-to-month,Yes,Bank transfer (automatic),39.56,817.06,Yes
CUST-02183,Male,0,Yes,No,15,No,No phone service,Fiber optic,No,No,No,Yes,Yes,No,One year,Yes,Mailed check,64.17,994.79,Yes
CUST-02184,Female,0,Yes,Yes,5,Yes,No,Fiber optic,Yes,No,No,No,Yes,Yes,One year,No,Mailed check,82.32,386.37,Yes
CUST-02185,Male,1,Yes,Yes,39,Yes,No,Fiber optic,No,No,Yes,Yes,Yes,No,Month-to-month,Yes,Electronic check,76.98,3035.04,Yes
CUST-02186,Male,0,Yes,No,40,Yes,Yes,DSL,No,No,No,No,No,No,Two year,No,Electronic check,38.63,1518.77,Yes
CUST-02187,Male,1,No,No,7,Yes,Yes,Fiber optic,No,Yes,No,Yes,No,No,Month-to-month,No,Credit card (automatic),72.17,535.95,Yes
CUST-02188,Female,0,No,No,72,Yes,No,No,No internet service,No internet service,No internet service,No internet service,No internet service,No internet service,Month-to-month,Yes,Mailed check,26.16,1933.78,No
CUST-02189,Female,0,No,No,33,Yes,Yes,No,No internet service,No internet service,No internet service,No internet service,No internet service,No internet service,Month-to-month,Yes,Electronic check,33.59,1101.22,Yes
CUST-02190,Male,0,No,Yes,37,Yes,No,DSL,No,Yes,Yes,Yes,No,No,Two year,No,Electronic check,47.6,1755.96,No
CUST-02191,Female,0,No,No,32,Yes,Yes,No,No internet service,No internet service,No internet service,No internet service,No internet service,No internet service,Month-to-month,Yes,Bank transfer (automatic),30.73,1013.73,No
CUST-02192,Male,0,No,Yes,43,Yes,Yes,No,No internet service,No internet service,No internet service,No internet service,No internet service,No internet service,One year,Yes,Bank transfer (automatic),29.16,1162.13,No
CUST-02193,Female,0,No,Yes,63,Yes,Yes,Fiber optic,Yes,No,No,No,No,Yes,One year,Yes,Bank transfer (automatic),79.84,5082.42,No
CUST-02194,Male,0,No,Yes,36,Yes,No,DSL,No,No,Yes,Yes,No,Yes,Month-to-month,No,Electronic check,65.06,2371.13,Yes
CUST-02195,Male,0,No,No,49,Yes,Yes,No,No internet service,No internet service,No internet service,No internet service,No internet service,No internet service,Two year,No,Credit card (automatic),21.46,960.35,No
CUST-02196,Female,0,Yes,No,25,Yes,No,DSL,No,No,No,No,Yes,Yes,One year,Yes,Electronic check,57.34,1440.95,No
CUST-02197,Male,0,No,Yes,66,Yes,No,Fiber optic,No,No,No,No,No,No,One year,Yes,Mailed check,48.72,3185.54,Yes
CUST-02198,Female,0,Yes,No,9,Yes,No,Fiber optic,No,Yes,No,No,No,Yes,Two year,Yes,Bank transfer (automatic),69.47,596.58,No
CUST-02199,Female,0,No,No,18,Yes,Yes,DSL,No,No,No,Yes,No,No,One year,Yes,Electronic check,47.21,873.76,No
CUST-02200,Male,0,Yes,No,22,Yes,No,Fiber optic,No,No,No,No,No,No,Two year,Yes,Electronic check,57.68,1260.23,Yes
CUST-02201,Male,0,Yes,No,15,Yes,No,Fiber optic,No,No,Yes,No,No,Yes,Month-to-month,No,Electronic check,68.2,959.91,Yes
CUST-02202,Female,0,No,Yes,7,Yes,Yes,Fiber optic,No,Yes,Yes,No,No,No,Two year,Yes,Mailed check,64.94,352.12,Yes
CUST-02203,Male,0,Yes,No,13,Yes,No,Fiber optic,No,No,No,No,No,No,Month-to-month,Yes,Credit card (automatic),50.45,698.51,Yes
CUST-02204,Male,0,Yes,Yes,36,Yes,Yes,Fiber optic,No,No,Yes,No,Yes,No,One year,Yes,Mailed check,68.13,2484.18,No
CUST-02205,Male,0,Yes,No,16,Yes,Yes,No,No internet service,No internet service,No internet service,No internet service,No internet service,No internet service,Two year,Yes,Credit card (automatic),33.94,466.27,No
CUST-02206,Male,1,No,No,41,Yes,No,DSL,Yes,No,No,No,No,No,One year,No,Electronic check,44.82,1786.94,No
CUST-02207,Male,0,No,Yes,21,Yes,No,Fiber optic,No,No,Yes,No,Yes,No,Month-to-month,Yes,Mailed check,63.69,1380.89,Yes
CUST-02208,Female,0,No,No,28,Yes,No,Fiber optic,No,Yes,Yes,No,No,No,Month-to-month,Yes,Credit card (automatic),71.79,2033.33,Yes
CUST-02209,Female,0,No,Yes,17,Yes,Yes,Fiber optic,No,No,Yes,No,No,Yes,Two year,No,Credit card (automatic),72.0,1306.21,No
CUST-02210,Male,0,Yes,No,65,Yes,No,Fiber optic,No,No,Yes,No,No,Yes,Month-to-month,No,Bank transfer (automatic),64.03,4141.43,Yes
CUST-02211,Male,0,Yes,Yes,13,Yes,No,Fiber optic,No,Yes,Yes,No,No,No,Two year,Yes,Electronic check,65.67,944.49,No
CUST-02212,Male,0,Yes,No,36,Yes,Yes,Fiber optic,No,No,No,No,No,No,Month-to-month,Yes,Electronic check,53.88,1928.6,No
CUST-02213,Female,0,No,No,58,Yes,No,Fiber optic,Yes,Yes,Yes,No,No,No,Two year,Yes,Mailed check,76.54,4427.22,No
CUST-02214,Male,0,No,Yes,20,Yes,Yes,Fiber optic,Yes,No,Yes,Yes,Yes,Yes,Month-to-month,Yes,Credit card (automatic),96.52,1958.65,No
CUST-02215,Female,0,Yes,No,52,Yes,Yes,Fiber optic,Yes,Yes,No,No,No,Yes,Two year,Yes,Bank transfer (automatic),78.07,3986.41,No
CUST-02216,Female,0,Yes,No,6,Yes,No,DSL,No,No,Yes,No,Yes,Yes,Month-to-month,Yes,Credit card (automatic),66.3,374.82,No
CUST-02217,Female,0,Yes,No,23,Yes,No,Fiber optic,No,No,No,Yes,No,No,Month-to-month,No,Mailed check,63.05,1569.4,Yes
CUST-02218,Male,0,No,No,42,Yes,No,DSL,Yes,No,No,Yes,No,No,One year,Yes,Bank transfer (automatic),52.22,2216.1,No
CUST-02219,Female,0,Yes,No,24,Yes,No,Fiber optic,No,No,No,Yes,No,Yes,One year,Yes,Electronic check,73.67,1770.79,Yes
CUST-02220,Male,0,Yes,No,5,Yes,No,Fiber optic,No,No,No,Yes,Yes,Yes,Month-to-month,Yes,Mailed check,82.41,330.41,Yes
CUST-02221,Female,0,Yes,Yes,32,Yes,No,Fiber optic,No,Yes,No,Yes,Yes,Yes,One year,Yes,Bank transfer (automatic),87.86,2869.97,No
CUST-02222,Male,0,No,No,46,Yes,Yes,Fiber optic,No,Yes,No,No,Yes,No,Month-to-month,Yes,Mailed check,76.3,3484.25,No
CUST-02223,Female,0,No,Yes,17,Yes,Yes,Fiber optic,No,No,Yes,No,No,No,Month-to-month,Yes,Electronic check,64.79,1137.09,Yes
CUST-02224,Male,0,Yes,No,27,Yes,Yes,DSL,No,No,Yes,Yes,No,No,Month-to-month,Yes,Electronic check,50.32,1355.16,No
CUST-02225,Female,0,No,No,68,Yes,No,DSL,Yes,Yes,No,Yes,No,Yes,Month-to-month,Yes,Bank transfer (automatic),69.0,4716.62,No
CUST-02226,Male,0,No,No,23,Yes,No,Fiber optic,No,Yes,No,No,No,Yes,Month-to-month,Yes,Bank transfer (automatic),74.11,1662.77,Yes
CUST-02227,Male,0,No,No,34,Yes,Yes,No,No internet service,No internet service,No internet service,No internet service,No internet service,No internet service,Month-to-month,Yes,Mailed check,30.78,944.35,Yes
CUST-02228,Male,0,Yes,Yes,21,No,No phone service,Fiber optic,Yes,No,No,Yes,No,No,Month-to-month,Yes,Electronic check,68.3,1426.68,Yes
CUST-02229,Male,0,No,Yes,22,Yes,No,Fiber optic,No,No,No,No,No,Yes,Two year,No,Mailed check,65.67,1466.88,No
CUST-02230,Female,1,No,Yes,65,Yes,Yes,Fiber optic,No,Yes,No,Yes,Yes,No,One year,No,Mailed check,78.26,5113.56,No
CUST-02231,Female,0,Yes,No,32,Yes,No,Fiber optic,No,No,No,Yes,No,No,Month-to-month,No,Electronic check,60.29,1967.34,No
CUST-02232,Male,0,No,No,62,No,No phone service,DSL,No,No,No,No,Yes,No,Month-to-month,Yes,Electronic check,48.53,3073.17,Yes
CUST-02233,Female,1,Yes,No,28,Yes,No,Fiber optic,Yes,Yes,No,Yes,No,No,Month-to-month,No,Mailed check,69.01,1912.76,Yes
CUST-02234,Male,0,Yes,No,7,Yes,No,DSL,No,No,Yes,Yes,Yes,Yes,Month-to-month,No,Mailed check,70.06,589.46,Yes
CUST-02235,Male,0,Yes,No,54,Yes,No,Fiber optic,No,No,No,No,No,No,Two year,Yes,Bank transfer (automatic),55.07,2916.45,Yes
CUST-02236,Female,0,Yes,No,70,Yes,No,Fiber optic,No,Yes,Yes,No,No,Yes,Month-to-month,Yes,Electronic check,72.62,5164.41,No
CUST-02237,Male,0,Yes,Yes,14,Yes,No,DSL,No,Yes,No,No,No,Yes,Month-to-month,Yes,Mailed check,58.04,809.61,No
CUST-02238,Male,0,Yes,Yes,55,Yes,Yes,Fiber optic,No,No,No,Yes,No,No,Two year,No,Credit card (automatic),60.85,3318.59,No
CUST-02239,Female,0,No,No,58,Yes,Yes,Fiber optic,Yes,Yes,No,No,Yes,No,Two year,Yes,Credit card (automatic),77.44,4495.77,No
CUST-02240,Male,0,No,No,44,Yes,Yes,Fiber optic,No,No,Yes,No,Yes,Yes,Two year,No,Credit card (automatic),87.91,3878.46,No
CUST-02241,Male,0,Yes,No,46,Yes,No,DSL,No,Yes,No,No,No,Yes,Two year,Yes,Credit card (automatic),52.92,2450.12,No
CUST-02242,Male,1,No,No,14,Yes,Yes,Fiber optic,No,No,No,No,Yes,Yes,Month-to-month,No,Credit card (automatic),81.04,1158.34,Yes
CUST-02243,Male,1,No,No,44,Yes,No,No,No internet service,No internet service,No internet service,No internet service,No internet service,No internet service,Two year,Yes,Credit card (automatic),30.37,1320.08,No
CUST-02244,Female,0,Yes,No,41,Yes,No,Fiber optic,No,Yes,Yes,No,No,No,Two year,No,Electronic check,67.3,2761.47,No
CUST-02245,Female,0,Yes,Yes,2,Yes,No,DSL,No,No,No,Yes,Yes,No,Two year,Yes,Mailed check,56.19,129.02,No
CUST-02246,Female,0,No,Yes,5,Yes,No,Fiber optic,No,No,No,No,Yes,No,Month-to-month,No,Bank transfer (automatic),59.85,299.98,Yes
CUST-02247,Male,1,No,Yes,12,Yes,Yes,Fiber optic,Yes,Yes,Yes,No,No,No,One year,Yes,Mailed check,71.83,892.16,No
CUST-02248,Male,0,Yes,Yes,47,Yes,No,No,No internet service,No internet service,No internet service,No internet service,No internet service,No internet service,Two year,Yes,Credit card (automatic),19.86,864.26,No
CUST-02249,Female,0,Yes,No,35,Yes,Yes,Fiber optic,No,No,No,No,Yes,No,One year,No,Credit card (automatic),70.04,2496.18,No
CUST-02250,Male,0,No,No,19,Yes,Yes,DSL,No,No,No,No,Yes,No,Month-to-month,Yes,Mailed check,57.18,1125.83,Yes
CUST-02251,Male,0,No,No,63,Yes,No,Fiber optic,No,No,No,Yes,No,No,Month-to-month,Yes,Electronic check,63.15,3916.18,No
CUST-02252,Male,0,Yes,No,8,No,No phone service,No,No internet service,No internet service,No internet service,No internet service,No internet service,No internet service,Month-to-month,No,Mailed check,32.4,220.26,Yes
CUST-02253,Male,0,No,Yes,23,No,No phone service,DSL,Yes,No,No,Yes,No,No,Month-to-month,Yes,Bank transfer (automatic),51.97,1157.43,No
CUST-02254,Female,0,Yes,No,13,Yes,Yes,Fiber optic,Yes,No,No,Yes,No,Yes,One year,No,Bank transfer (automatic),84.51,1162.34,Yes
CUST-02255,Female,0,Yes,No,23,Yes,No,DSL,No,Yes,No,No,No,Yes,Month-to-month,Yes,Mailed check,57.0,1373.0,Yes
CUST-02256,Female,0,Yes,No,31,Yes,Yes,DSL,No,No,No,No,No,No,Month-to-month,No,Credit card (automatic),40.78,1255.24,Yes
CUST-02257,Male,0,No,No,30,Yes,Yes,DSL,No,Yes,No,No,Yes,Yes,Month-to-month,Yes,Electronic check,76.49,2379.45,Yes
CUST-02258,Female,1,Yes,No,42,Yes,No,DSL,No,Yes,No,No,Yes,Yes,Month-to-month,No,Electronic check,71.94,3045.32,Yes
CUST-02259,Female,1,Yes,No,2,Yes,No,Fiber optic,No,Yes,No,No,No,No,One year,Yes,Credit card (automatic),60.38,68.46,Yes
CUST-02260,Male,1,No,Yes,11,Yes,No,No,No internet service,No internet service,No internet service,No internet service,No internet service,No internet service,One year,No,Credit card (automatic),23.98,249.71,No
CUST-02261,Male,1,No,Yes,25,Yes,No,DSL,Yes,Yes,No,No,No,No,Two year,Yes,Electronic check,50.01,1233.84,No
CUST-02262,Female,0,Yes,No,29,Yes,Yes,DSL,No,No,No,No,No,No,One year,Yes,Credit card (automatic),39.55,1181.57,No
CUST-02263,Female,0,Yes,No,22,Yes,No,Fiber optic,Yes,No,No,No,No,No,Month-to-month,No,Electronic check,59.08,1329.42,Yes
CUST-02264,Female,0,No,No,19,Yes,No,DSL,Yes,No,Yes,No,Yes,No,One year,No,Mailed check,60.02,1161.99,No
CUST-02265,Female,1,No,No,41,Yes,No,DSL,No,Yes,Yes,Yes,No,Yes,Two year,Yes,Mailed check,61.38,2484.83,No
CUST-02266,Male,0,Yes,No,38,No,No phone service,No,No internet service,No internet service,No internet service,No internet service,No internet service,No internet service,Month-to-month,Yes,Bank transfer (automatic),24.41,936.47,Yes
CUST-02267,Female,0,No,Yes,29,Yes,No,Fiber optic,Yes,Yes,Yes,Yes,No,Yes,Two year,No,Mailed check,88.43,2495.85,No
CUST-02268,Female,0,Yes,Yes,22,Yes,Yes,No,No internet service,No internet service,No internet service,No internet service,No internet service,No internet service,Two year,Yes,Credit card (automatic),34.74,832.15,No
CUST-02269,Male,0,No,Yes,8,No,No phone service,DSL,No,Yes,Yes,No,Yes,Yes,Month-to-month,No,Mailed check,75.92,566.46,Yes
CUST-02270,Female,0,Yes,No,47,Yes,No,Fiber optic,Yes,Yes,No,No,No,Yes,Month-to-month,No,Electronic check,77.47,3576.24,Yes
CUST-02271,Male,0,No,No,6,Yes,No,Fiber optic,No,Yes,Yes,No,No,No,Month-to-month,No,Electronic check,66.64,402.66,Yes
CUST-02272,Male,0,Yes,No,7,Yes,Yes,No,No internet service,No internet service,No internet service,No internet service,No internet service,No internet service,Month-to-month,Yes,Credit card (automatic),24.16,97.73,No
CUST-02273,Male,0,No,No,36,Yes,Yes,DSL,No,No,No,No,No,No,Month-to-month,Yes,Electronic check,44.96,1606.32,No
CUST-02274,Female,0,No,Yes,8,Yes,Yes,No,No internet service,No internet service,No internet service,No internet service,No internet service,No internet service,Two year,Yes,Bank transfer (automatic),34.37,281.36,No
CUST-02275,Female,0,Yes,Yes,46,Yes,Yes,DSL,Yes,Yes,No,No,No,Yes,Month-to-month,Yes,Credit card (automatic),65.28,3037.6,Yes
CUST-02276,Male,1,No,No,64,Yes,Yes,No,No internet service,No internet service,No internet service,No internet service,No internet service,No internet service,Two year,No,Electronic check,29.08,1822.08,No
CUST-02277,Female,0,Yes,No,31,No,No phone service,DSL,No,No,No,Yes,No,No,Month-to-month,No,Credit card (automatic),46.66,1402.65,No
CUST-02278,Female,0,No,Yes,23,Yes,No,Fiber optic,No,No,No,No,No,Yes,Month-to-month,Yes,Bank transfer (automatic),72.74,1584.31,Yes
CUST-02279,Male,0,No,No,61,No,No phone service,DSL,No,No,No,No,No,No,Month-to-month,Yes,Electronic check,39.2,2400.48,No
CUST-02280,Male,0,No,No,50,Yes,No,Fiber optic,Yes,Yes,No,Yes,No,Yes,One year,No,Bank transfer (automatic),83.0,4133.13,No
CUST-02281,Female,0,No,Yes,46,No,No phone service,DSL,No,Yes,No,Yes,No,Yes,Month-to-month,Yes,Credit card (automatic),65.7,2946.33,Yes
CUST-02282,Male,0,No,No,43,Yes,No,Fiber optic,Yes,No,No,No,Yes,No,Two year,No,Mailed check,65.33,2760.26,No
CUST-02283,Female,0,Yes,Yes,10,Yes,No,Fiber optic,No,No,Yes,No,No,No,Two year,Yes,Bank transfer (automatic),60.83,613.48,Yes
CUST-02284,Female,0,Yes,No,20,Yes,No,Fiber optic,No,Yes,No,Yes,No,Yes,Month-to-month,Yes,Electronic check,71.99,1383.61,Yes
CUST-02285,Female,0,No,Yes,16,Yes,Yes,DSL,No,No,No,Yes,No,No,Two year,No,Mailed check,54.83,922.84,No
CUST-02286,Female,0,No,No,3,Yes,Yes,No,No internet service,No internet service,No internet service,No internet service,No internet service,No internet service,Month-to-month,Yes,Bank transfer (automatic),32.91,20.29,No
CUST-02287,Male,0,No,No,30,Yes,No,DSL,No,Yes,No,No,No,Yes,Month-to-month,No,Electronic check,61.99,1827.22,Yes
CUST-02288,Male,0,No,No,18,Yes,No,No,No internet service,No internet service,No internet service,No internet service,No internet service,No internet service,Month-to-month,No,Bank transfer (automatic),31.51,577.57,No
CUST-02289,Male,0,Yes,Yes,59,Yes,Yes,No,No internet service,No internet service,No internet service,No internet service,No internet service,No internet service,Month-to-month,Yes,Electronic check,25.77,1520.39,No
CUST-02290,Male,1,Yes,Yes,70,Yes,Yes,Fiber optic,No,Yes,No,Yes,No,No,Two year,No,Credit card (automatic),68.39,4823.35,No
CUST-02291,Female,0,Yes,No,35,Yes,Yes,DSL,No,No,No,No,No,Yes,Month-to-month,Yes,Mailed check,58.51,2093.51,No
CUST-02292,Female,0,No,Yes,19,Yes,No,DSL,No,Yes,Yes,Yes,No,No,Month-to-month,No,Electronic check,52.74,940.47,Yes
CUST-02293,Male,0,Yes,No,26,Yes,No,Fiber optic,No,No,No,Yes,No,No,Month-to-month,Yes,Bank transfer (automatic),65.82,1782.22,No
CUST-02294,Female,0,Yes,No,35,Yes,No,DSL,Yes,No,Yes,No,No,Yes,Month-to-month,Yes,Credit card (automatic),58.38,2097.62,No
CUST-02295,Female,0,No,Yes,72,Yes,No,Fiber optic,No,Yes,No,No,No,No,Two year,No,Mailed check,67.51,4868.18,No
CUST-02296,Female,0,No,No,57,Yes,No,No,No internet service,No internet service,No internet service,No internet service,No internet service,No internet service,Month-to-month,Yes,Credit card (automatic),25.51,1467.67,No
CUST-02297,Male,0,No,No,49,Yes,Yes,No,No internet service,No internet service,No internet service,No internet service,No internet service,No internet service,Month-to-month,No,Credit card (automatic),30.01,1477.71,No
CUST-02298,Male,0,No,No,10,Yes,Yes,Fiber optic,No,Yes,No,Yes,No,No,Two year,No,Mailed check,72.94,741.8,Yes
CUST-02299,Male,0,No,No,29,Yes,No,No,No internet service,No internet service,No internet service,No internet service,No internet service,No internet service,One year,No,Credit card (automatic),19.83,589.85,No
CUST-02300,Female,0,Yes,No,71,Yes,Yes,DSL,No,Yes,No,No,No,No,One year,No,Bank transfer (automatic),47.44,3375.79,No
CUST-02301,Male,0,No,Yes,68,Yes,No,No,No internet service,No internet service,No internet service,No internet service,No internet service,No internet service,One year,Yes,Mailed check,27.2,1774.81,No
CUST-02302,Male,0,Yes,Yes,24,Yes,Yes,Fiber optic,No,Yes,No,No,Yes,No,Month-to-month,Yes,Electronic check,69.9,1641.08,Yes
CUST-02303,Male,1,No,No,43,Yes,Yes,Fiber optic,No,No,Yes,Yes,No,Yes,Month-to-month,Yes,Credit card (automatic),84.47,3713.55,Yes
CUST-02304,Male,0,No,No,39,Yes,Yes,DSL,No,No,Yes,No,No,Yes,Two year,No,Electronic check,63.78,2533.71,No
CUST-02305,Male,0,No,Yes,25,Yes,No,DSL,Yes,No,No,No,Yes,Yes,One year,No,Credit card (automatic),65.99,1600.86,No
CUST-02306,Male,0,Yes,Yes,68,Yes,No,Fiber optic,No,No,No,No,No,No,One year,No,Mailed check,57.74,3858.99,No
CUST-02307,Female,0,Yes,Yes,34,Yes,No,No,No internet service,No internet service,No internet service,No internet service,No internet service,No internet service,Month-to-month,Yes,Electronic check,27.28,864.15,No
CUST-02308,Female,0,No,Yes,53,Yes,Yes,DSL,No,No,Yes,Yes,No,No,One year,Yes,Electronic check,53.64,2762.56,No
CUST-02309,Male,0,Yes,Yes,55,Yes,No,Fiber optic,No,Yes,No,No,No,Yes,Month-to-month,Yes,Electronic check,67.73,3753.31,Yes
CUST-02310,Male,0,No,No,53,Yes,Yes,DSL,No,No,No,No,No,No,Two year,Yes,Credit card (automatic),47.23,2527.19,No
CUST-02311,Female,0,No,No,18,Yes,Yes,DSL,No,No,No,No,Yes,No,Two year,Yes,Electronic check,51.88,1002.02,No
CUST-02312,Female,1,No,Yes,7,Yes,Yes,DSL,Yes,No,Yes,No,No,Yes,Month-to-month,Yes,Electronic check,63.39,450.53,Yes
CUST-02313,Male,0,No,Yes,63,Yes,No,No,No internet service,No internet service,No internet service,No internet service,No internet service,No internet service,Month-to-month,Yes,Mailed check,26.54,1767.85,No
CUST-02314,Male,0,No,No,42,Yes,No,Fiber optic,No,Yes,Yes,No,No,No,One year,Yes,Electronic check,69.96,2995.48,No
CUST-02315,Male,1,Yes,No,11,Yes,Yes,Fiber optic,No,Yes,No,No,No,No,Month-to-month,No,Electronic check,67.01,741.6,Yes
CUST-02316,Male,0,Yes,Yes,9,Yes,Yes,Fiber optic,No,No,Yes,No,No,No,Two year,Yes,Electronic check,64.78,619.91,No
CUST-02317,Female,0,No,No,35,Yes,Yes,Fiber optic,No,No,Yes,No,Yes,Yes,Two year,Yes,Electronic check,83.03,2940.13,No
CUST-02318,Male,0,No,No,65,Yes,No,Fiber optic,No,No,No,No,No,Yes,Month-to-month,No,Bank transfer (automatic),64.14,4164.05,Yes
CUST-02319,Male,1,No,No,5,Yes,No,Fiber optic,No,Yes,No,No,No,Yes,Two year,Yes,Electronic check,67.1,376.23,Yes
CUST-02320,Male,0,No,No,26,Yes,No,Fiber optic,No,No,No,No,No,Yes,One year,Yes,Mailed check,60.3,1523.06,No
CUST-02321,Male,0,Yes,No,51,No,No phone service,Fiber optic,No,No,No,No,Yes,No,Month-to-month,No,Bank transfer (automatic),60.19,3104.49,Yes
CUST-02322,Female,0,Yes,No,38,Yes,No,DSL,No,Yes,Yes,No,Yes,No,Month-to-month,Yes,Electronic check,62.37,2308.77,Yes
CUST-02323,Female,0,Yes,No,3,Yes,Yes,DSL,Yes,Yes,No,Yes,Yes,No,Month-to-month,Yes,Mailed check,76.76,270.71,No
CUST-02324,Female,0,No,Yes,59,Yes,Yes,No,No internet service,No internet service,No internet service,No internet service,No internet service,No internet service,One year,Yes,Bank transfer (automatic),27.61,1648.09,No
CUST-02325,Male,0,Yes,No,13,Yes,No,DSL,No,No,No,No,No,Yes,One year,Yes,Bank transfer (automatic),55.1,732.16,No
CUST-02326,Male,0,Yes,Yes,35,No,No phone service,Fiber optic,Yes,Yes,No,No,Yes,Yes,Month-to-month,No,Bank transfer (automatic),82.53,2960.04,No
CUST-02327,Female,0,No,Yes,3,Yes,No,Fiber optic,No,No,Yes,Yes,No,Yes,Month-to-month,Yes,Electronic check,71.28,263.86,No
CUST-02328,Male,0,Yes,No,53,Yes,No,No,No internet service,No internet service,No internet service,No internet service,No internet service,No internet service,Month-to-month,No,Mailed check,20.56,1050.68,Yes
CUST-02329,Male,1,No,No,55,No,No phone service,DSL,No,No,No,Yes,No,Yes,Two year,Yes,Credit card (automatic),54.41,2987.99,No
CUST-02330,Female,1,No,No,45,Yes,No,Fiber optic,No,Yes,No,Yes,Yes,No,Two year,Yes,Mailed check,73.62,3393.79,No
CUST-02331,Female,0,Yes,Yes,66,Yes,No,Fiber optic,No,Yes,No,No,No,Yes,Two year,No,Electronic check,77.18,5108.52,No
CUST-02332,Female,0,Yes,No,67,No,No phone service,Fiber optic,No,Yes,No,No,No,No,Month-to-month,No,Electronic check,52.2,3415.46,Yes
CUST-02333,Female,0,No,No,44,Yes,Yes,Fiber optic,Yes,Yes,No,No,No,No,One year,Yes,Bank transfer (automatic),74.8,3259.35,No
CUST-02334,Male,0,Yes,Yes,68,Yes,No,Fiber optic,No,Yes,No,Yes,Yes,Yes,Two year,Yes,Electronic check,81.6,5556.42,No
CUST-02335,Male,0,Yes,No,62,Yes,Yes,No,No internet service,No internet service,No internet service,No internet service,No internet service,No internet service,Month-to-month,Yes,Bank transfer (automatic),24.1,1467.76,No
CUST-02336,Female,0,Yes,No,25,Yes,Yes,Fiber optic,Yes,No,Yes,No,Yes,Yes,Two year,Yes,Electronic check,93.58,2351.54,Yes
CUST-02337,Male,1,Yes,Yes,52,Yes,No,DSL,No,Yes,No,No,Yes,Yes,Month-to-month,No,Mailed check,63.92,3350.36,Yes
CUST-02338,Female,0,No,Yes,50,Yes,Yes,No,No internet service,No internet service,No internet service,No internet service,No internet service,No internet service,One year,No,Electronic check,35.49,1745.96,No
CUST-02339,Female,0,Yes,No,1,Yes,No,DSL,Yes,Yes,Yes,No,Yes,No,Month-to-month,Yes,Electronic check,67.45,38.0,Yes
CUST-02340,Male,0,No,No,39,Yes,No,Fiber optic,No,Yes,Yes,No,No,Yes,Month-to-month,Yes,Credit card (automatic),71.58,2756.23,No
CUST-02341,Female,0,Yes,Yes,52,Yes,No,Fiber optic,No,No,No,No,Yes,No,Month-to-month,No,Electronic check,65.71,3420.06,No
CUST-02342,Male,0,No,No,40,Yes,No,DSL,No,No,No,No,Yes,No,Month-to-month,No,Electronic check,44.07,1668.3,Yes
CUST-02343,Male,0,No,Yes,60,Yes,Yes,DSL,No,Yes,No,Yes,No,No,One year,Yes,Electronic check,57.08,3524.73,No
CUST-02344,Male,0,No,No,69,Yes,Yes,Fiber optic,No,No,No,Yes,No,No,Two year,Yes,Electronic check,62.31,4265.99,No
CUST-02345,Male,1,No,No,20,Yes,No,DSL,No,No,No,No,No,No,Month-to-month,Yes,Credit card (automatic),34.98,582.78,Yes
CUST-02346,Female,0,Yes,Yes,2,Yes,Yes,Fiber optic,No,No,Yes,No,Yes,No,Two year,Yes,Electronic check,67.31,260.73,No
CUST-02347,Male,1,No,No,9,Yes,No,Fiber optic,Yes,No,Yes,No,No,No,Month-to-month,No,Bank transfer (automatic),63.37,464.99,Yes
CUST-02348,Female,0,Yes,No,39,No,No phone service,Fiber optic,Yes,Yes,Yes,Yes,No,No,Two year,Yes,Bank transfer (automatic),69.24,2740.08,No
CUST-02349,Female,0,Yes,No,30,Yes,Yes,DSL,No,No,No,No,No,No,One year,No,Bank transfer (automatic),46.55,1462.11,No
CUST-02350,Female,0,No,No,54,Yes,Yes,DSL,No,Yes,No,No,No,Yes,Month-to-month,No,Electronic check,63.46,3463.79,Yes
CUST-02351,Female,0,Yes,No,58,Yes,Yes,Fiber optic,No,Yes,No,No,No,Yes,Month-to-month,No,Electronic check,75.32,4305.27,No
CUST-02352,Male,0,No,No,44,Yes,Yes,Fiber optic,No,No,Yes,No,No,Yes,Two year,No,Electronic check,76.65,3372.34,Yes
CUST-02353,Male,0,Yes,Yes,43,Yes,Yes,Fiber optic,No,No,No,Yes,No,Yes,One year,No,Electronic check,74.45,3189.49,No
CUST-02354,Female,0,No,No,10,Yes,No,Fiber optic,No,No,No,No,Yes,No,Month-to-month,Yes,Electronic check,59.7,532.33,Yes
CUST-02355,Female,0,No,Yes,48,Yes,No,DSL,No,Yes,No,No,No,No,One year,No,Bank transfer (automatic),47.3,2261.16,No
CUST-02356,Male,0,No,Yes,17,Yes,Yes,Fiber optic,Yes,Yes,No,No,No,Yes,One year,No,Mailed check,82.5,1503.61,No
CUST-02357,Female,0,No,Yes,5,Yes,No,No,No internet service,No internet service,No internet service,No internet service,No internet service,No internet service,Two year,Yes,Electronic check,23.98,156.69,No
CUST-02358,Male,0,No,No,70,Yes,Yes,DSL,No,No,No,Yes,Yes,No,Month-to-month,No,Electronic check,60.92,4315.03,No
CUST-02359,Female,0,No,No,64,Yes,Yes,Fiber optic,Yes,No,No,Yes,No,No,Month-to-month,Yes,Electronic check,72.17,4644.12,No
CUST-02360,Male,0,Yes,Yes,66,Yes,No,No,No internet service,No internet service,No internet service,No internet service,No internet service,No internet service,Month-to-month,Yes,Mailed check,20.36,1277.82,No
CUST-02361,Female,1,No,Yes,71,Yes,No,Fiber optic,Yes,No,No,Yes,Yes,Yes,Month-to-month,No,Mailed check,83.23,5930.66,No
CUST-02362,Female,0,Yes,No,4,Yes,No,Fiber optic,No,No,No,No,Yes,No,Month-to-month,Yes,Credit card (automatic),63.83,325.24,Yes
CUST-02363,Male,0,Yes,No,28,Yes,No,DSL,No,No,No,Yes,Yes,No,Month-to-month,Yes,Bank transfer (automatic),62.16,1726.32,No
CUST-02364,Female,0,Yes,No,38,Yes,No,No,No internet service,No internet service,No internet service,No internet service,No internet service,No internet service,Two year,Yes,Bank transfer (automatic),23.18,836.72,No
CUST-02365,Female,0,Yes,No,66,Yes,No,Fiber optic,No,Yes,No,No,Yes,Yes,Month-to-month,Yes,Electronic check,71.02,4680.33,Yes
CUST-02366,Male,0,No,No,67,Yes,No,DSL,No,Yes,Yes,Yes,Yes,No,Month-to-month,Yes,Mailed check,65.83,4410.24,No
CUST-02367,Female,1,No,Yes,60,Yes,No,Fiber optic,No,No,No,No,Yes,Yes,Month-to-month,Yes,Credit card (automatic),70.36,4225.51,Yes
CUST-02368,Male,1,No,No,47,Yes,Yes,DSL,Yes,Yes,No,Yes,No,No,Two year,Yes,Mailed check,64.56,2986.65,No
CUST-02369,Male,0,No,No,25,Yes,No,Fiber optic,No,No,Yes,No,Yes,No,One year,No,Electronic check,68.09,1680.19,Yes
CUST-02370,Female,0,Yes,No,66,Yes,Yes,No,No internet service,No internet service,No internet service,No internet service,No internet service,No internet service,Month-to-month,Yes,Bank transfer (automatic),23.98,1515.13,No
CUST-02371,Female,0,Yes,Yes,67,Yes,Yes,Fiber optic,No,Yes,No,No,No,No,Two year,Yes,Electronic check,60.12,4090.63,Yes
CUST-02372,Female,0,Yes,Yes,69,Yes,Yes,No,No internet service,No internet service,No internet service,No internet service,No internet service,No internet service,One year,No,Credit card (automatic),26.6,1829.36,No
CUST-02373,Female,0,No,Yes,40,Yes,No,No,No internet service,No internet service,No internet service,No internet service,No internet service,No internet service,Two year,Yes,Mailed check,24.54,1030.27,No
CUST-02374,Female,0,Yes,No,50,Yes,Yes,Fiber optic,No,Yes,No,Yes,No,No,Month-to-month,No,Credit card (automatic),75.47,3744.62,No
CUST-02375,Female,0,No,No,40,Yes,No,DSL,Yes,No,No,No,Yes,No,Two year,Yes,Electronic check,55.47,2203.58,No
CUST-02376,Female,0,No,Yes,37,Yes,No,DSL,No,Yes,No,No,Yes,Yes,Two year,No,Electronic check,65.53,2513.49,No
CUST-02377,Male,0,No,No,69,Yes,No,Fiber optic,No,Yes,Yes,Yes,Yes,No,Two year,No,Mailed check,75.79,5269.93,No
CUST-02378,Female,0,No,No,17,Yes,Yes,DSL,No,Yes,No,No,Yes,Yes,Month-to-month,Yes,Mailed check,68.77,1169.17,Yes
CUST-02379,Male,1,No,No,62,Yes,No,Fiber optic,No,No,No,No,Yes,No,Month-to-month,Yes,Bank transfer (automatic),63.19,3906.59,Yes
CUST-02380,Female,0,Yes,No,41,Yes,No,Fiber optic,No,Yes,No,No,Yes,Yes,Two year,Yes,Bank transfer (automatic),80.06,3328.32,No
CUST-02381,Female,1,Yes,No,42,Yes,Yes,Fiber optic,No,Yes,No,No,No,No,Month-to-month,No,Mailed check,61.43,2576.15,No
CUST-02382,Male,0,No,No,31,Yes,No,Fiber optic,Yes,No,Yes,No,No,Yes,Month-to-month,Yes,Electronic check,79.87,2468.54,Yes
CUST-02383,Female,0,No,No,33,Yes,Yes,Fiber optic,No,Yes,Yes,Yes,Yes,No,Month-to-month,No,Credit card (automatic),81.7,2726.12,Yes
CUST-02384,Female,1,No,No,43,No,No phone service,No,No internet service,No internet service,No internet service,No internet service,No internet service,No internet service,Month-to-month,No,Electronic check,28.65,1243.37,No
CUST-02385,Male,0,Yes,Yes,67,Yes,No,Fiber optic,No,Yes,No,Yes,Yes,No,One year,No,Electronic check,72.52,4968.9,No
CUST-02386,Female,0,No,No,38,Yes,No,Fiber optic,No,Yes,Yes,Yes,Yes,No,Month-to-month,No,Electronic check,84.52,3250.76,Yes
CUST-02387,Female,0,Yes,Yes,41,Yes,Yes,DSL,No,No,No,Yes,No,No,One year,Yes,Mailed check,55.75,2201.88,No
CUST-02388,Female,0,Yes,Yes,63,Yes,No,Fiber optic,No,Yes,Yes,Yes,Yes,No,Month-to-month,No,Electronic check,84.3,5170.23,Yes
CUST-02389,Male,0,Yes,Yes,40,Yes,Yes,Fiber optic,Yes,No,No,No,Yes,No,Month-to-month,No,Bank transfer (automatic),81.36,3204.81,No
CUST-02390,Female,1,Yes,No,30,Yes,No,Fiber optic,Yes,No,Yes,No,No,No,Two year,Yes,Credit card (automatic),67.92,2024.45,No
CUST-02391,Female,1,Yes,No,47,Yes,No,DSL,No,No,No,No,No,No,Month-to-month,Yes,Credit card (automatic),43.74,2077.84,Yes
CUST-02392,Female,1,Yes,Yes,22,Yes,Yes,Fiber optic,No,No,Yes,No,No,Yes,Month-to-month,Yes,Credit card (automatic),78.74,1838.06,No
CUST-02393,Female,0,No,No,55,Yes,No,Fiber optic,Yes,No,Yes,No,No,No,Month-to-month,No,Electronic check,69.0,3756.4,No
CUST-02394,Male,0,No,No,43,Yes,Yes,No,No internet service,No internet service,No internet service,No internet service,No internet service,No internet service,Two year,No,Mailed check,31.79,1332.53,No
CUST-02395,Male,0,No,No,61,No,No phone service,DSL,No,Yes,No,No,No,No,Month-to-month,Yes,Electronic check,47.49,2872.09,No
CUST-02396,Female,1,Yes,Yes,32,Yes,No,Fiber optic,No,No,No,No,No,No,One year,Yes,Electronic check,53.74,1723.88,Yes
CUST-02397,Female,0,No,Yes,4,Yes,No,DSL,No,Yes,No,No,No,Yes,Two year,No,Electronic check,53.46,213.94,No
CUST-02398,Male,0,Yes,No,45,Yes,Yes,Fiber optic,No,Yes,No,No,Yes,No,One year,Yes,Electronic check,79.46,3574.22,No
CUST-02399,Male,0,Yes,No,72,Yes,Yes,Fiber optic,No,No,Yes,No,No,Yes,Month-to-month,Yes,Mailed check,71.01,5189.97,No
CUST-02400,Female,0,No,No,20,Yes,No,No,No internet service,No internet service,No internet service,No internet service,No internet service,No internet service,Month-to-month,No,Electronic check,33.75,632.59,No
CUST-02401,Male,0,Yes,No,71,Yes,No,DSL,No,No,Yes,Yes,No,No,One year,Yes,Mailed check,54.97,3876.71,No
CUST-02402,Female,1,No,No,65,Yes,No,Fiber optic,No,Yes,No,No,No,No,One year,Yes,Electronic check,56.25,3576.95,Yes
CUST-02403,Male,1,No,Yes,60,Yes,No,Fiber optic,No,No,No,No,No,No,Month-to-month,No,Credit card (automatic),60.92,3540.13,No
CUST-02404,Male,0,No,No,26,Yes,No,Fiber optic,No,No,Yes,Yes,Yes,Yes,Two year,No,Mailed check,81.91,2120.27,Yes
CUST-02405,Male,0,No,No,23,Yes,Yes,Fiber optic,No,No,Yes,No,No,No,Month-to-month,Yes,Bank transfer (automatic),60.99,1295.58,No
CUST-02406,Male,1,No,Yes,40,Yes,Yes,Fiber optic,No,Yes,No,No,No,Yes,Two year,Yes,Mailed check,74.44,2956.9,No
CUST-02407,Female,0,Yes,Yes,2,Yes,No,Fiber optic,No,Yes,No,No,No,No,One year,Yes,Mailed check,62.84,70.64,Yes
CUST-02408,Male,0,No,No,26,Yes,Yes,DSL,No,No,Yes,Yes,Yes,Yes,One year,Yes,Mailed check,75.84,1981.72,No
CUST-02409,Male,0,Yes,No,62,Yes,No,Fiber optic,No,No,Yes,No,No,Yes,One year,Yes,Electronic check,67.68,4184.72,Yes
CUST-02410,Female,0,No,Yes,44,Yes,No,Fiber optic,No,Yes,No,No,No,No,Month-to-month,Yes,Electronic check,60.57,2614.53,Yes
CUST-02411,Male,0,No,Yes,31,Yes,No,No,No internet service,No internet service,No internet service,No internet service,No internet service,No internet service,Two year,Yes,Credit card (automatic),21.74,742.21,No
CUST-02412,Male,0,Yes,Yes,26,Yes,No,Fiber optic,No,No,No,No,No,No,Two year,Yes,Bank transfer (automatic),57.71,1418.61,No
CUST-02413,Female,0,No,No,5,No,No phone service,No,No internet service,No internet service,No internet service,No internet service,No internet service,No internet service,One year,Yes,Electronic check,30.26,97.19,Yes
CUST-02414,Male,0,Yes,No,70,Yes,No,DSL,No,No,Yes,No,Yes,No,One year,No,Electronic check,50.0,3429.12,No
CUST-02415,Female,1,Yes,No,35,Yes,No,DSL,No,No,Yes,No,Yes,Yes,Month-to-month,No,Mailed check,61.6,2102.6,Yes
CUST-02416,Female,0,No,No,16,Yes,Yes,Fiber optic,No,No,No,Yes,Yes,No,One year,No,Electronic check,72.47,1186.01,No
CUST-02417,Female,1,Yes,No,31,Yes,No,DSL,Yes,No,No,Yes,No,Yes,Two year,Yes,Bank transfer (automatic),64.06,2053.07,No
CUST-02418,Female,0,Yes,Yes,14,Yes,Yes,No,No internet service,No internet service,No internet service,No internet service,No internet service,No internet service,Month-to-month,Yes,Electronic check,31.83,480.06,No
CUST-02419,Male,0,Yes,No,25,Yes,No,Fiber optic,Yes,No,Yes,No,Yes,No,One year,Yes,Bank transfer (automatic),76.04,1860.5,No
CUST-02420,Female,0,No,Yes,71,No,No phone service,DSL,No,Yes,No,No,Yes,Yes,Month-to-month,Yes,Mailed check,71.14,5008.05,Yes
CUST-02421,Male,1,Yes,Yes,18,Yes,No,Fiber optic,No,Yes,Yes,Yes,Yes,Yes,Month-to-month,No,Electronic check,95.27,1682.95,Yes
CUST-02422,Male,0,Yes,Yes,50,Yes,Yes,No,No internet service,No internet service,No internet service,No internet service,No internet service,No internet service,Month-to-month,Yes,Credit card (automatic),29.33,1547.88,No
CUST-02423,Male,0,No,No,20,Yes,No,DSL,No,No,No,No,Yes,No,Month-to-month,No,Electronic check,45.39,891.7,Yes
CUST-02424,Male,0,Yes,No,56,Yes,No,Fiber optic,No,No,No,Yes,No,Yes,Month-to-month,Yes,Credit card (automatic),74.73,4051.16,Yes
CUST-02425,Male,0,Yes,No,2,Yes,No,Fiber optic,No,No,No,No,No,No,Month-to-month,Yes,Bank transfer (automatic),51.17,132.79,Yes
CUST-02426,Male,0,No,No,26,No,No phone service,Fiber optic,No,No,Yes,Yes,No,No,Month-to-month,No,Mailed check,63.57,1695.57,Yes
CUST-02427,Male,1,No,Yes,23,No,No phone service,DSL,Yes,Yes,No,No,No,Yes,Month-to-month,No,Credit card (automatic),66.17,1526.96,Yes
CUST-02428,Male,1,No,No,32,No,No phone service,Fiber optic,No,No,No,No,Yes,Yes,Month-to-month,No,Electronic check,73.48,2365.61,Yes
CUST-02429,Male,0,Yes,No,13,Yes,Yes,Fiber optic,No,No,Yes,Yes,No,No,Month-to-month,Yes,Electronic check,66.01,939.43,Yes
CUST-02430,Male,1,No,Yes,13,Yes,No,Fiber optic,No,No,Yes,No,Yes,No,Month-to-month,No,Bank transfer (automatic),79.35,987.93,Yes
CUST-02431,Female,0,No,No,17,Yes,Yes,No,No internet service,No internet service,No internet service,No internet service,No internet service,No internet service,One year,Yes,Mailed check,27.41,468.66,No
CUST-02432,Female,0,Yes,No,58,Yes,No,No,No internet service,No internet service,No internet service,No internet service,No internet service,No internet service,Month-to-month,Yes,Mailed check,26.68,1557.73,No
CUST-02433,Female,0,Yes,Yes,27,Yes,No,DSL,No,No,Yes,No,Yes,No,One year,Yes,Credit card (automatic),56.65,1570.38,No
CUST-02434,Male,0,No,Yes,17,Yes,No,DSL,No,Yes,No,No,No,Yes,Month-to-month,No,Bank transfer (automatic),50.4,860.91,Yes
CUST-02435,Female,0,No,No,38,Yes,Yes,Fiber optic,No,Yes,No,No,No,Yes,Two year,No,Mailed check,69.77,2670.4,No
CUST-02436,Female,1,No,Yes,14,No,No phone service,DSL,No,No,No,Yes,Yes,No,Month-to-month,No,Bank transfer (automatic),51.19,713.71,No
CUST-02437,Female,0,No,No,14,Yes,No,Fiber optic,No,Yes,Yes,No,Yes,Yes,Month-to-month,Yes,Bank transfer (automatic),86.07,1249.21,Yes
CUST-02438,Male,0,No,No,12,Yes,No,DSL,No,Yes,No,No,No,No,Month-to-month,No,Electronic check,46.26,564.32,Yes
CUST-02439,Male,0,No,No,69,Yes,Yes,Fiber optic,No,No,No,Yes,No,No,One year,Yes,Electronic check,61.48,4273.57,No
CUST-02440,Male,1,Yes,Yes,68,Yes,No,DSL,No,Yes,No,Yes,No,Yes,Two year,Yes,Mailed check,59.97,4040.14,No
CUST-02441,Male,0,Yes,No,55,Yes,No,DSL,No,No,No,No,No,No,Month-to-month,Yes,Bank transfer (automatic),36.87,2023.22,Yes
CUST-02442,Female,0,No,No,63,Yes,No,No,No internet service,No internet service,No internet service,No internet service,No internet service,No internet service,One year,Yes,Credit card (automatic),22.82,1405.88,No
CUST-02443,Female,0,No,No,29,No,No phone service,DSL,No,No,Yes,No,Yes,Yes,Two year,No,Bank transfer (automatic),57.85,1675.67,No
CUST-02444,Female,0,No,No,45,Yes,No,DSL,Yes,No,No,Yes,No,No,One year,No,Bank transfer (automatic),45.97,2067.21,No
CUST-02445,Female,0,No,No,4,Yes,No,Fiber optic,Yes,No,No,Yes,No,No,Month-to-month,No,Mailed check,64.02,257.1,Yes
CUST-02446,Male,0,No,No,16,Yes,Yes,DSL,No,Yes,No,No,Yes,Yes,Month-to-month,No,Credit card (automatic),68.58,1072.95,Yes
CUST-02447,Male,0,Yes,No,66,No,No phone service,Fiber optic,No,No,No,Yes,No,Yes,One year,Yes,Credit card (automatic),67.81,4390.01,No
CUST-02448,Male,0,No,No,23,Yes,No,Fiber optic,No,No,No,No,Yes,No,Two year,Yes,Mailed check,72.14,1732.92,No
CUST-02449,Female,0,Yes,No,68,Yes,Yes,Fiber optic,No,Yes,No,No,Yes,No,Month-to-month,No,Bank transfer (automatic),78.69,5415.93,No
CUST-02450,Male,0,Yes,No,20,Yes,Yes,Fiber optic,No,No,Yes,Yes,No,No,Two year,No,Bank transfer (automatic),69.7,1425.85,Yes
CUST-02451,Male,0,Yes,No,17,Yes,Yes,No,No internet service,No internet service,No internet service,No internet service,No internet service,No internet service,Month-to-month,Yes,Electronic check,35.54,509.99,No
CUST-02452,Female,1,No,No,52,Yes,No,DSL,No,Yes,No,No,No,No,Month-to-month,Yes,Electronic check,41.07,2090.75,Yes
CUST-02453,Female,0,No,Yes,6,Yes,Yes,DSL,No,Yes,No,Yes,No,No,One year,No,Credit card (automatic),57.3,369.28,Yes
CUST-02454,Male,1,Yes,No,39,No,No phone service,DSL,No,No,No,No,No,No,Month-to-month,No,Credit card (automatic),33.53,1307.33,Yes
CUST-02455,Male,0,Yes,Yes,34,Yes,No,DSL,Yes,Yes,Yes,Yes,No,No,One year,Yes,Bank transfer (automatic),58.43,1930.58,No
CUST-02456,Male,0,No,No,54,Yes,Yes,Fiber optic,Yes,Yes,Yes,No,No,Yes,Month-to-month,No,Credit card (automatic),83.72,4508.64,No
CUST-02457,Male,0,No,Yes,65,No,No phone service,DSL,No,No,No,No,Yes,Yes,Month-to-month,No,Bank transfer (automatic),57.7,3651.34,No
CUST-02458,Male,1,No,No,29,Yes,Yes,DSL,No,No,No,No,No,No,Month-to-month,Yes,Credit card (automatic),48.83,1409.98,No
CUST-02459,Male,0,No,No,41,Yes,No,Fiber optic,No,Yes,Yes,No,Yes,No,Two year,Yes,Electronic check,65.86,2756.69,No
CUST-02460,Female,0,No,No,63,Yes,No,Fiber optic,No,No,No,Yes,No,No,Month-to-month,Yes,Mailed check,52.89,3229.84,No
CUST-02461,Female,1,Yes,No,32,Yes,No,Fiber optic,Yes,No,No,No,Yes,No,Month-to-month,Yes,Mailed check,73.55,2266.26,Yes
CUST-02462,Female,0,Yes,Yes,66,Yes,No,DSL,No,No,No,No,Yes,No,One year,Yes,Electronic check,41.77,2773.7,No
CUST-02463,Male,0,Yes,No,45,Yes,Yes,Fiber optic,No,No,Yes,No,No,No,Two year,No,Bank transfer (automatic),69.47,3100.45,No
CUST-02464,Female,0,No,No,17,Yes,No,DSL,No,No,No,No,No,Yes,Month-to-month,Yes,Mailed check,47.65,851.39,Yes
CUST-02465,Male,0,Yes,No,43,No,No phone service,No,No internet service,No internet service,No internet service,No internet service,No internet service,No internet service,Month-to-month,Yes,Credit card (automatic),30.23,1235.78,No
CUST-02466,Male,0,No,Yes,66,Yes,No,DSL,No,Yes,No,Yes,No,No,Two year,Yes,Mailed check,49.57,3336.78,No
CUST-02467,Female,0,Yes,Yes,68,Yes,Yes,Fiber optic,No,Yes,No,No,No,No,One year,No,Mailed check,67.25,4534.55,No
CUST-02468,Male,0,Yes,No,34,Yes,No,No,No internet service,No internet service,No internet service,No internet service,No internet service,No internet service,One year,Yes,Credit card (automatic),30.19,1022.68,No
CUST-02469,Male,0,Yes,Yes,1,Yes,No,DSL,No,Yes,Yes,No,No,No,Month-to-month,No,Electronic check,52.0,106.48,Yes
CUST-02470,Female,1,Yes,Yes,23,Yes,No,No,No internet service,No internet service,No internet service,No internet service,No internet service,No internet service,One year,No,Mailed check,27.59,639.73,No
CUST-02471,Female,1,Yes,Yes,6,Yes,No,DSL,No,No,No,No,Yes,No,Two year,No,Electronic check,51.92,299.69,No
CUST-02472,Female,0,No,No,16,Yes,No,DSL,No,No,No,Yes,No,No,One year,No,Mailed check,47.49,825.57,Yes
CUST-02473,Male,0,Yes,Yes,2,Yes,Yes,DSL,Yes,Yes,Yes,Yes,Yes,Yes,Month-to-month,No,Bank transfer (automatic),87.26,157.48,Yes
CUST-02474,Female,0,No,No,27,No,No phone service,No,No internet service,No internet service,No internet service,No internet service,No internet service,No internet service,One year,No,Bank transfer (automatic),22.79,651.26,No
CUST-02475,Female,0,Yes,No,19,Yes,No,DSL,Yes,Yes,No,No,No,Yes,Two year,No,Mailed check,64.7,1287.13,No
CUST-02476,Male,0,No,No,28,No,No phone service,DSL,No,No,No,No,No,Yes,Month-to-month,No,Electronic check,55.32,1501.85,Yes
CUST-02477,Female,0,No,No,35,Yes,Yes,No,No internet service,No internet service,No internet service,No internet service,No internet service,No internet service,One year,No,Mailed check,25.65,861.02,No
CUST-02478,Female,0,No,No,68,Yes,Yes,Fiber optic,No,No,Yes,No,No,Yes,One year,No,Bank transfer (automatic),79.12,5356.31,Yes
CUST-02479,Female,0,Yes,Yes,49,Yes,No,Fiber optic,No,No,No,Yes,Yes,Yes,Month-to-month,No,Mailed check,81.58,4016.47,Yes
CUST-02480,Male,0,Yes,Yes,7,Yes,Yes,Fiber optic,No,No,No,No,No,No,One year,Yes,Electronic check,54.61,298.68,Yes
CUST-02481,Male,1,No,Yes,37,Yes,No,DSL,No,Yes,Yes,No,Yes,No,One year,Yes,Credit card (automatic),62.36,2328.14,Yes
CUST-02482,Male,0,Yes,No,25,Yes,Yes,No,No internet service,No internet service,No internet service,No internet service,No internet service,No internet service,Month-to-month,Yes,Mailed check,29.9,715.4,No
CUST-02483,Male,0,No,No,41,Yes,Yes,Fiber optic,Yes,No,Yes,Yes,No,Yes,Month-to-month,No,Mailed check,83.8,3415.78,No
CUST-02484,Female,0,Yes,No,62,Yes,No,DSL,Yes,No,No,No,No,No,Month-to-month,Yes,Mailed check,47.58,2938.6,No
CUST-02485,Male,0,No,No,41,Yes,No,Fiber optic,No,Yes,No,No,Yes,No,Month-to-month,No,Bank transfer (automatic),67.62,2709.21,No
CUST-02486,Male,0,Yes,Yes,14,Yes,No,No,No internet service,No internet service,No internet service,No internet service,No internet service,No internet service,One year,Yes,Electronic check,21.68,284.78,No
CUST-02487,Female,0,No,No,54,Yes,Yes,DSL,No,No,No,No,Yes,No,Month-to-month,Yes,Bank transfer (automatic),59.73,3190.48,No
CUST-02488,Female,0,No,Yes,2,Yes,No,Fiber optic,No,No,Yes,No,No,No,Month-to-month,Yes,Electronic check,56.84,134.26,No
CUST-02489,Female,0,Yes,No,48,Yes,No,Fiber optic,No,Yes,No,No,No,Yes,Two year,Yes,Bank transfer (automatic),67.08,3206.81,No
CUST-02490,Male,0,Yes,Yes,51,No,No phone service,No,No internet service,No internet service,No internet service,No internet service,No internet service,No internet service,Month-to-month,Yes,Electronic check,26.2,1422.45,No
CUST-02491,Male,0,Yes,No,55,Yes,Yes,DSL,Yes,No,No,No,No,No,Month-to-month,No,Electronic check,53.68,2940.58,No
CUST-02492,Male,1,No,No,12,Yes,No,No,No internet service,No internet service,No internet service,No internet service,No internet service,No internet service,Two year,Yes,Mailed check,20.64,195.23,No
CUST-02493,Female,0,Yes,Yes,69,Yes,No,DSL,Yes,No,Yes,No,Yes,Yes,One year,No,Electronic check,73.37,5036.49,No
CUST-02494,Female,0,Yes,No,1,Yes,No,DSL,No,Yes,No,No,Yes,Yes,One year,No,Electronic check,68.97,106.06,No
CUST-02495,Male,1,No,No,59,Yes,No,Fiber optic,No,Yes,Yes,No,Yes,Yes,Two year,Yes,Electronic check,79.07,4720.84,No
CUST-02496,Female,0,Yes,No,34,Yes,No,DSL,No,Yes,No,No,Yes,No,Month-to-month,No,Credit card (automatic),54.14,1850.89,Yes
CUST-02497,Female,0,Yes,No,46,Yes,No,Fiber optic,No,No,No,No,No,Yes,Two year,Yes,Bank transfer (automatic),68.55,3223.04,No
CUST-02498,Female,0,Yes,No,59,No,No phone service,Fiber optic,No,No,No,No,No,No,Month-to-month,Yes,Electronic check,57.37,3385.53,No
CUST-02499,Male,0,No,No,66,Yes,Yes,Fiber optic,No,No,Yes,No,No,No,Month-to-month,No,Credit card (automatic),71.94,4804.42,Yes
CUST-02500,Female,0,No,No,19,Yes,Yes,Fiber optic,No,Yes,Yes,Yes,No,No,Two year,Yes,Credit card (automatic),73.11,1417.23,No
CUST-02501,Female,0,Yes,No,28,Yes,No,No,No internet service,No internet service,No internet service,No internet service,No internet service,No internet service,Month-to-month,Yes,Electronic check,20.8,462.77,No
CUST-02502,Male,1,No,No,40,Yes,Yes,No,No internet service,No internet service,No internet service,No internet service,No internet service,No internet service,Month-to-month,Yes,Bank transfer (automatic),26.82,1060.39,No
CUST-02503,Male,1,Yes,No,57,No,No phone service,Fiber optic,Yes,Yes,No,Yes,Yes,No,Two year,No,Electronic check,84.46,4752.08,No
CUST-02504,Female,0,Yes,No,51,Yes,No,Fiber optic,No,No,No,No,Yes,No,Month-to-month,Yes,Mailed check,64.14,3240.74,Yes
CUST-02505,Female,0,No,Yes,22,Yes,Yes,Fiber optic,No,No,No,No,No,No,Month-to-month,Yes,Electronic check,57.03,1336.72,Yes
CUST-02506,Male,0,Yes,No,68,Yes,Yes,Fiber optic,Yes,Yes,Yes,Yes,Yes,No,Two year,No,Electronic check,87.56,5942.32,No
CUST-02507,Male,0,No,No,8,Yes,No,DSL,Yes,No,No,No,No,No,Month-to-month,Yes,Mailed check,46.27,374.56,Yes
CUST-02508,Female,0,No,Yes,60,Yes,No,DSL,Yes,Yes,No,No,No,No,Two year,No,Credit card (automatic),58.19,3410.32,No
CUST-02509,Female,0,No,No,65,Yes,No,Fiber optic,Yes,No,No,No,No,No,Two year,No,Credit card (automatic),61.47,3953.97,No
CUST-02510,Female,1,Yes,Yes,36,Yes,No,DSL,Yes,Yes,No,No,Yes,No,One year,No,Credit card (automatic),58.35,2056.66,No
CUST-02511,Female,1,Yes,No,71,Yes,Yes,DSL,No,No,No,No,No,Yes,One year,No,Electronic check,54.41,3875.04,No
CUST-02512,Male,0,No,No,29,Yes,No,Fiber optic,Yes,Yes,No,No,No,No,Month-to-month,No,Bank transfer (automatic),68.32,2092.35,No
CUST-02513,Female,0,Yes,No,65,Yes,No,DSL,Yes,Yes,No,No,No,No,Month-to-month,Yes,Electronic check,44.72,2854.67,No
CUST-02514,Female,0,No,No,56,Yes,Yes,DSL,No,Yes,No,Yes,No,Yes,Two year,Yes,Mailed check,69.8,3911.22,No
CUST-02515,Male,0,Yes,No,4,Yes,Yes,Fiber optic,No,No,Yes,Yes,Yes,No,Month-to-month,Yes,Electronic check,73.84,250.9,Yes
CUST-02516,Female,0,Yes,Yes,72,Yes,Yes,Fiber optic,Yes,Yes,Yes,No,Yes,Yes,Month-to-month,No,Bank transfer (automatic),91.1,6582.28,Yes
CUST-02517,Male,0,Yes,No,50,Yes,Yes,DSL,No,Yes,Yes,No,No,No,Two year,Yes,Electronic check,56.53,2905.17,No
CUST-02518,Female,0,No,No,39,Yes,No,Fiber optic,No,Yes,No,Yes,No,Yes,One year,Yes,Bank transfer (automatic),77.76,3033.92,No
CUST-02519,Female,0,No,No,35,Yes,No,Fiber optic,No,No,No,No,No,No,Two year,Yes,Electronic check,55.12,1899.5,No
CUST-02520,Male,0,Yes,No,25,Yes,Yes,DSL,No,No,No,No,No,No,Two year,Yes,Mailed check,46.68,1195.72,No
CUST-02521,Male,0,No,No,44,Yes,No,DSL,No,No,Yes,No,No,No,One year,Yes,Electronic check,50.72,2212.87,No
CUST-02522,Female,0,Yes,No,47,Yes,Yes,No,No internet service,No internet service,No internet service,No internet service,No internet service,No internet service,Month-to-month,No,Electronic check,28.05,1264.39,No
CUST-02523,Female,0,Yes,No,40,Yes,No,Fiber optic,Yes,No,No,No,No,No,Month-to-month,Yes,Mailed check,54.81,2207.24,Yes
CUST-02524,Female,0,No,No,31,Yes,No,DSL,No,No,No,No,Yes,No,Month-to-month,Yes,Credit card (automatic),57.85,1852.56,Yes
CUST-02525,Male,1,No,Yes,69,Yes,No,Fiber optic,No,No,No,No,No,No,Month-to-month,Yes,Electronic check,54.82,3871.65,Yes
CUST-02526,Female,0,Yes,No,43,Yes,Yes,DSL,Yes,No,No,No,Yes,No,Month-to-month,No,Mailed check,59.86,2570.41,Yes
CUST-02527,Male,0,Yes,No,55,Yes,Yes,DSL,No,Yes,No,Yes,No,Yes,Two year,No,Electronic check,66.63,3634.34,No
CUST-02528,Male,0,No,No,16,No,No phone service,No,No internet service,No internet service,No internet service,No internet service,No internet service,No internet service,One year,Yes,Electronic check,23.75,343.11,Yes
CUST-02529,Female,0,No,No,68,No,No phone service,Fiber optic,No,No,No,No,No,No,Two year,Yes,Electronic check,56.02,3883.83,No
CUST-02530,Male,0,No,No,69,Yes,No,Fiber optic,No,No,No,No,No,No,One year,Yes,Mailed check,56.09,3840.8,No
CUST-02531,Female,0,Yes,No,42,Yes,Yes,DSL,No,Yes,No,Yes,No,No,Two year,Yes,Bank transfer (automatic),53.86,2257.06,No
CUST-02532,Female,0,No,No,41,Yes,No,DSL,Yes,No,Yes,Yes,No,Yes,Month-to-month,No,Electronic check,60.96,2529.73,No
CUST-02533,Female,0,Yes,No,50,Yes,No,No,No internet service,No internet service,No internet service,No internet service,No internet service,No internet service,Month-to-month,Yes,Bank transfer (automatic),25.32,1177.68,Yes
CUST-02534,Female,0,No,No,6,Yes,Yes,No,No internet service,No internet service,No internet service,No internet service,No internet service,No internet service,Month-to-month,Yes,Electronic check,26.7,172.27,No
CUST-02535,Female,0,Yes,No,53,Yes,Yes,No,No internet service,No internet service,No internet service,No internet service,No internet service,No internet service,Month-to-month,No,Electronic check,27.59,1436.55,Yes
CUST-02536,Male,0,Yes,No,17,Yes,No,DSL,No,No,No,No,No,No,Two year,Yes,Electronic check,43.65,770.34,No
CUST-02537,Male,0,Yes,No,57,Yes,Yes,Fiber optic,No,No,Yes,No,No,No,Month-to-month,Yes,Mailed check,68.63,3999.6,Yes
CUST-02538,Female,0,No,Yes,67,Yes,Yes,Fiber optic,Yes,No,Yes,No,Yes,No,Month-to-month,Yes,Mailed check,81.18,5426.7,No
CUST-02539,Female,0,No,No,16,Yes,No,No,No internet service,No internet service,No internet service,No internet service,No internet service,No internet service,Month-to-month,No,Bank transfer (automatic),20.39,331.83,Yes
CUST-02540,Male,0,Yes,Yes,52,Yes,No,DSL,No,No,Yes,Yes,Yes,Yes,Two year,No,Credit card (automatic),81.2,4182.97,No
CUST-02541,Male,1,No,Yes,34,Yes,No,No,No internet service,No internet service,No internet service,No internet service,No internet service,No internet service,Month-to-month,Yes,Credit card (automatic),27.51,873.92,No
CUST-02542,Male,0,No,No,20,Yes,No,Fiber optic,No,No,Yes,Yes,Yes,No,Month-to-month,No,Credit card (automatic),77.15,1528.13,Yes
CUST-02543,Male,1,Yes,No,56,Yes,No,Fiber optic,No,No,Yes,No,No,No,Two year,Yes,Credit card (automatic),71.59,4046.57,No
CUST-02544,Female,1,No,Yes,51,Yes,Yes,DSL,No,No,No,Yes,Yes,No,Month-to-month,Yes,Mailed check,56.1,2746.67,Yes
CUST-02545,Female,0,No,No,53,Yes,No,Fiber optic,No,No,No,No,Yes,No,Two year,No,Credit card (automatic),73.35,3875.04,No
CUST-02546,Male,0,Yes,No,49,Yes,No,No,No internet service,No internet service,No internet service,No internet service,No internet service,No internet service,Month-to-month,Yes,Bank transfer (automatic),22.0,1120.11,No
CUST-02547,Female,0,Yes,No,4,Yes,No,Fiber optic,No,No,No,Yes,No,No,Month-to-month,No,Bank transfer (automatic),65.47,344.01,Yes
CUST-02548,Male,1,Yes,Yes,18,Yes,No,DSL,Yes,No,No,No,No,Yes,One year,Yes,Electronic check,52.78,972.81,Yes
CUST-02549,Female,0,Yes,No,36,Yes,No,Fiber optic,No,No,No,Yes,Yes,Yes,Two year,No,Mailed check,78.4,2836.19,No
CUST-02550,Male,0,Yes,No,35,Yes,No,Fiber optic,No,No,Yes,No,Yes,Yes,One year,No,Credit card (automatic),86.42,3079.78,Yes
CUST-02551,Female,0,No,No,30,No,No phone service,Fiber optic,No,Yes,No,No,No,No,Two year,Yes,Credit card (automatic),60.33,1860.99,No
CUST-02552,Male,0,No,No,63,Yes,No,No,No internet service,No internet service,No internet service,No internet service,No internet service,No internet service,Two year,Yes,Mailed check,24.63,1495.51,No
CUST-02553,Male,0,Yes,No,21,Yes,Yes,Fiber optic,No,Yes,Yes,Yes,No,No,Two year,Yes,Bank transfer (automatic),79.4,1573.42,No
CUST-02554,Female,0,No,No,52,Yes,No,Fiber optic,No,Yes,No,Yes,Yes,No,Month-to-month,No,Credit card (automatic),74.27,3781.26,Yes
CUST-02555,Male,0,No,Yes,69,Yes,No,Fiber optic,Yes,No,No,No,No,Yes,One year,No,Electronic check,66.34,4484.12,No
CUST-02556,Female,1,No,No,41,Yes,No,Fiber optic,No,Yes,No,No,Yes,Yes,Two year,Yes,Electronic check,80.25,3260.5,No
CUST-02557,Female,0,Yes,No,54,Yes,No,DSL,No,Yes,Yes,No,No,No,Month-to-month,No,Electronic check,52.12,2859.65,Yes
CUST-02558,Male,0,No,No,30,Yes,Yes,No,No internet service,No internet service,No internet service,No internet service,No internet service,No internet service,Month-to-month,No,Electronic check,29.89,943.67,No
CUST-02559,Female,0,No,No,56,No,No phone service,Fiber optic,No,No,No,Yes,Yes,Yes,One year,Yes,Credit card (automatic),77.28,4366.25,No
CUST-02560,Female,0,No,No,41,Yes,Yes,DSL,Yes,No,No,Yes,No,No,Month-to-month,Yes,Bank transfer (automatic),56.6,2405.78,No
CUST-02561,Female,0,Yes,No,14,Yes,Yes,No,No internet service,No internet service,No internet service,No internet service,No internet service,No internet service,Month-to-month,No,Mailed check,38.48,487.63,No
CUST-02562,Female,0,Yes,Yes,21,Yes,Yes,No,No internet service,No internet service,No internet service,No internet service,No internet service,No internet service,Two year,Yes,Electronic check,25.67,426.31,No
CUST-02563,Female,0,No,No,25,No,No phone service,DSL,Yes,No,No,Yes,No,Yes,Month-to-month,Yes,Mailed check,58.04,1403.88,Yes
CUST-02564,Male,0,Yes,No,50,Yes,Yes,Fiber optic,No,No,No,No,No,Yes,One year,No,Credit card (automatic),72.41,3677.62,No
CUST-02565,Female,0,No,No,53,Yes,Yes,No,No internet service,No internet service,No internet service,No internet service,No internet service,No internet service,One year,Yes,Mailed check,28.24,1453.6,No
CUST-02566,Female,0,No,No,48,No,No phone service,No,No internet service,No internet service,No internet service,No internet service,No internet service,No internet service,Month-to-month,No,Electronic check,28.83,1387.25,No
CUST-02567,Female,0,Yes,Yes,70,Yes,No,No,No internet service,No internet service,No internet service,No internet service,No internet service,No internet service,Month-to-month,No,Mailed check,25.46,1657.39,No
CUST-02568,Female,0,No,No,48,Yes,No,Fiber optic,Yes,No,No,No,No,Yes,Two year,Yes,Electronic check,74.16,3634.53,No
CUST-02569,Female,0,Yes,No,4,Yes,Yes,DSL,No,No,No,No,No,No,Two year,Yes,Bank transfer (automatic),43.87,214.86,No
CUST-02570,Male,0,Yes,Yes,24,Yes,Yes,DSL,No,No,No,No,Yes,Yes,Month-to-month,Yes,Mailed check,61.03,1475.45,Yes
CUST-02571,Female,0,No,Yes,31,Yes,Yes,Fiber optic,Yes,Yes,No,No,No,No,Two year,Yes,Electronic check,69.5,2108.85,No
CUST-02572,Male,0,No,No,29,Yes,No,No,No internet service,No internet service,No internet service,No internet service,No internet service,No internet service,Two year,Yes,Credit card (automatic),32.23,1006.27,No
CUST-02573,Male,1,Yes,No,5,Yes,No,Fiber optic,No,No,Yes,No,No,No,Month-to-month,Yes,Bank transfer (automatic),55.88,282.62,Yes
CUST-02574,Male,1,No,No,67,No,No phone service,DSL,No,No,No,No,Yes,No,Month-to-month,Yes,Mailed check,50.3,3417.07,No
CUST-02575,Male,0,Yes,No,53,Yes,Yes,Fiber optic,No,Yes,No,No,Yes,No,Two year,Yes,Credit card (automatic),74.08,3894.6,No
CUST-02576,Female,0,Yes,No,64,Yes,Yes,Fiber optic,No,Yes,No,Yes,No,Yes,One year,No,Bank transfer (automatic),74.08,4774.42,No
CUST-02577,Male,0,Yes,No,35,Yes,Yes,Fiber optic,No,No,Yes,Yes,No,No,Two year,No,Electronic check,64.68,2288.65,No
CUST-02578,Male,0,Yes,No,12,Yes,No,Fiber optic,No,No,No,No,No,Yes,One year,Yes,Electronic check,64.12,776.15,No
CUST-02579,Female,0,No,No,47,Yes,Yes,DSL,No,Yes,Yes,No,Yes,No,Month-to-month,Yes,Bank transfer (automatic),61.46,2882.92,No
CUST-02580,Female,0,No,No,55,No,No phone service,DSL,No,Yes,No,No,No,No,Month-to-month,No,Electronic check,40.68,2225.39,No
CUST-02581,Female,0,No,Yes,69,Yes,No,Fiber optic,No,No,No,No,No,No,One year,No,Electronic check,51.29,3391.68,No
CUST-02582,Male,0,No,No,38,Yes,No,DSL,No,No,Yes,Yes,No,Yes,Month-to-month,No,Bank transfer (automatic),63.65,2443.47,No
CUST-02583,Female,0,Yes,No,29,No,No phone service,DSL,No,No,No,No,No,No,Month-to-month,Yes,Credit card (automatic),46.4,1325.88,Yes
CUST-02584,Female,0,Yes,No,12,Yes,Yes,Fiber optic,No,Yes,No,No,No,Yes,Month-to-month,Yes,Bank transfer (automatic),72.53,882.84,Yes
CUST-02585,Male,0,No,Yes,19,Yes,Yes,No,No internet service,No internet service,No internet service,No internet service,No internet service,No internet service,One year,Yes,Mailed check,30.24,501.44,No
CUST-02586,Female,0,No,No,9,No,No phone service,DSL,No,No,No,No,Yes,No,Month-to-month,Yes,Electronic check,51.32,439.06,Yes
CUST-02587,Female,0,No,Yes,29,Yes,Yes,DSL,No,No,No,Yes,Yes,No,Month-to-month,No,Electronic check,58.52,1631.07,Yes
CUST-02588,Female,0,Yes,No,3,Yes,Yes,Fiber optic,Yes,No,No,No,No,Yes,Month-to-month,Yes,Bank transfer (automatic),70.51,278.69,Yes
CUST-02589,Female,0,Yes,No,30,Yes,No,DSL,No,Yes,No,No,Yes,No,Month-to-month,No,Credit card (automatic),48.95,1485.64,Yes
CUST-02590,Male,0,Yes,No,58,Yes,Yes,Fiber optic,No,Yes,No,No,No,Yes,Two year,No,Electronic check,73.27,4309.64,No
CUST-02591,Female,0,Yes,Yes,53,Yes,No,Fiber optic,No,Yes,No,No,Yes,Yes,Month-to-month,No,Bank transfer (automatic),77.37,4034.69,No
CUST-02592,Female,0,Yes,No,4,Yes,Yes,No,No internet service,No internet service,No internet service,No internet service,No internet service,No internet service,Two year,No,Bank transfer (automatic),28.92,141.34,No
CUST-02593,Male,0,No,No,57,Yes,Yes,DSL,Yes,No,No,No,No,No,One year,Yes,Mailed check,49.56,2809.88,No
CUST-02594,Female,1,Yes,No,54,Yes,No,Fiber optic,No,No,No,No,Yes,No,One year,No,Electronic check,65.43,3569.12,No
CUST-02595,Male,0,No,No,28,No,No phone service,Fiber optic,No,No,No,No,No,Yes,Two year,Yes,Bank transfer (automatic),63.98,1719.98,No
CUST-02596,Female,0,No,No,16,Yes,No,DSL,No,No,Yes,No,No,No,Month-to-month,No,Mailed check,47.74,749.98,Yes
CUST-02597,Male,0,Yes,No,13,Yes,No,DSL,No,No,Yes,No,No,No,Month-to-month,Yes,Mailed check,42.15,533.95,Yes
CUST-02598,Male,0,No,No,72,Yes,No,Fiber optic,No,Yes,No,No,Yes,Yes,Month-to-month,No,Electronic check,84.17,6080.61,Yes
CUST-02599,Male,0,Yes,No,56,Yes,No,Fiber optic,Yes,Yes,No,No,No,Yes,Month-to-month,Yes,Bank transfer (automatic),76.01,4235.62,No
CUST-02600,Male,0,No,Yes,53,Yes,Yes,Fiber optic,No,Yes,No,No,Yes,Yes,Month-to-month,No,Electronic check,88.17,4731.86,Yes
CUST-02601,Female,0,No,No,48,Yes,Yes,DSL,No,No,Yes,No,Yes,No,One year,Yes,Electronic check,55.94,2630.47,No
CUST-02602,Male,0,No,No,25,Yes,No,Fiber optic,Yes,No,No,No,Yes,No,Month-to-month,Yes,Electronic check,63.23,1488.18,Yes
CUST-02603,Female,0,No,No,66,Yes,No,Fiber optic,No,No,No,No,Yes,No,Month-to-month,Yes,Credit card (automatic),63.39,4100.58,No
CUST-02604,Male,1,Yes,Yes,30,Yes,No,Fiber optic,No,No,No,No,No,No,Month-to-month,Yes,Electronic check,50.01,1554.73,Yes
CUST-02605,Male,0,No,No,3,Yes,No,Fiber optic,No,Yes,No,No,No,Yes,Two year,Yes,Mailed check,63.49,133.68,No
CUST-02606,Male,0,No,No,23,Yes,No,Fiber optic,No,No,No,Yes,No,No,One year,No,Bank transfer (automatic),57.66,1313.51,Yes
CUST-02607,Female,0,No,No,29,Yes,Yes,Fiber optic,Yes,Yes,No,No,No,No,Month-to-month,No,Mailed check,64.81,1824.79,Yes
CUST-02608,Male,0,No,No,41,Yes,Yes,Fiber optic,No,No,No,Yes,No,No,Month-to-month,No,Bank transfer (automatic),63.16,2614.75,Yes
CUST-02609,Female,0,No,Yes,11,Yes,No,DSL,No,No,Yes,Yes,Yes,Yes,One year,No,Electronic check,71.53,796.02,Yes
CUST-02610,Female,0,No,Yes,21,Yes,No,DSL,No,No,Yes,No,No,No,Two year,No,Credit card (automatic),53.49,1091.74,No
CUST-02611,Female,1,Yes,No,24,Yes,Yes,Fiber optic,No,No,No,No,No,Yes,One year,No,Mailed check,67.58,1641.13,Yes
CUST-02612,Female,0,Yes,No,65,Yes,No,Fiber optic,Yes,Yes,Yes,Yes,No,Yes,Two year,Yes,Mailed check,83.04,5377.04,No
CUST-02613,Female,0,No,Yes,1,Yes,No,Fiber optic,No,No,No,No,No,No,One year,No,Mailed check,65.66,74.31,No
CUST-02614,Female,0,No,Yes,54,Yes,No,Fiber optic,No,No,No,Yes,Yes,No,Month-to-month,No,Bank transfer (automatic),71.36,3897.45,Yes
CUST-02615,Female,0,No,No,72,Yes,Yes,No,No internet service,No internet service,No internet service,No internet service,No internet service,No internet service,One year,Yes,Electronic check,35.92,2512.56,No
CUST-02616,Female,0,Yes,Yes,34,Yes,No,Fiber optic,No,No,Yes,No,No,Yes,One year,No,Mailed check,67.38,2337.95,Yes
CUST-02617,Female,0,Yes,No,68,Yes,Yes,No,No internet service,No internet service,No internet service,No internet service,No internet service,No internet service,Month-to-month,Yes,Bank transfer (automatic),23.73,1640.89,No
CUST-02618,Male,1,No,No,29,Yes,No,DSL,Yes,Yes,No,No,Yes,Yes,Two year,Yes,Mailed check,77.02,2215.98,No
CUST-02619,Male,0,No,No,3,Yes,Yes,DSL,No,No,Yes,Yes,Yes,Yes,Month-to-month,No,Electronic check,77.84,246.3,No
CUST-02620,Male,0,No,Yes,11,Yes,No,Fiber optic,No,Yes,No,No,Yes,Yes,Month-to-month,Yes,Bank transfer (automatic),69.83,811.42,Yes
CUST-02621,Male,1,Yes,No,8,Yes,No,No,No internet service,No internet service,No internet service,No internet service,No internet service,No internet service,Month-to-month,Yes,Mailed check,33.01,309.33,No
CUST-02622,Male,0,Yes,Yes,62,Yes,No,No,No internet service,No internet service,No internet service,No internet service,No internet service,No internet service,Month-to-month,Yes,Electronic check,18.88,1148.95,Yes
CUST-02623,Female,0,Yes,No,33,Yes,No,DSL,No,Yes,Yes,No,Yes,Yes,Two year,No,Credit card (automatic),72.42,2412.95,No
CUST-02624,Female,0,Yes,Yes,8,Yes,No,Fiber optic,Yes,Yes,No,Yes,No,No,Month-to-month,No,Electronic check,64.0,515.7,No
CUST-02625,Female,0,No,No,25,Yes,No,Fiber optic,No,No,No,No,Yes,No,Two year,Yes,Electronic check,68.64,1797.36,Yes
CUST-02626,Female,0,Yes,No,26,Yes,No,DSL,No,No,No,No,No,Yes,Month-to-month,Yes,Bank transfer (automatic),48.46,1196.88,No
CUST-02627,Female,0,Yes,No,26,Yes,No,DSL,No,No,Yes,No,No,No,One year,No,Bank transfer (automatic),42.48,1084.39,No
CUST-02628,Female,1,Yes,No,17,Yes,Yes,Fiber optic,Yes,No,Yes,No,No,No,Month-to-month,No,Mailed check,70.81,1213.86,Yes
CUST-02629,Female,0,Yes,No,29,Yes,No,No,No internet service,No internet service,No internet service,No internet service,No internet service,No internet service,Month-to-month,No,Mailed check,29.61,896.74,No
CUST-02630,Male,0,No,No,43,Yes,Yes,DSL,No,No,No,No,No,Yes,Month-to-month,Yes,Credit card (automatic),54.86,2347.19,No
CUST-02631,Male,0,Yes,No,5,Yes,Yes,Fiber optic,No,Yes,No,No,No,No,Month-to-month,Yes,Electronic check,68.64,377.11,Yes
CUST-02632,Male,0,Yes,No,50,Yes,No,Fiber optic,No,No,No,No,No,No,Month-to-month,No,Mailed check,57.13,2802.01,Yes
CUST-02633,Male,0,No,No,56,Yes,No,No,No internet service,No internet service,No internet service,No internet service,No internet service,No internet service,Month-to-month,No,Credit card (automatic),28.24,1520.74,No
CUST-02634,Female,0,Yes,Yes,63,Yes,Yes,DSL,Yes,No,Yes,Yes,Yes,No,Month-to-month,Yes,Electronic check,68.67,4234.22,No
CUST-02635,Female,0,No,Yes,57,No,No phone service,DSL,No,No,No,No,No,No,Month-to-month,No,Electronic check,45.28,2516.6,Yes
CUST-02636,Female,0,Yes,No,45,No,No phone service,Fiber optic,No,No,No,Yes,No,No,One year,Yes,Mailed check,59.39,2646.85,No
CUST-02637,Male,1,No,No,37,Yes,No,Fiber optic,Yes,No,No,No,No,No,Month-to-month,No,Bank transfer (automatic),57.77,2128.03,No
CUST-02638,Female,0,Yes,Yes,72,Yes,Yes,Fiber optic,No,Yes,No,No,No,Yes,Two year,Yes,Electronic check,77.8,5651.87,Yes
CUST-02639,Female,0,Yes,Yes,36,Yes,No,Fiber optic,No,No,No,Yes,No,Yes,Two year,No,Electronic check,71.31,2576.3,No
CUST-02640,Female,1,No,No,33,No,No phone service,Fiber optic,No,No,No,No,Yes,No,Month-to-month,Yes,Electronic check,63.42,2083.85,Yes
CUST-02641,Male,0,Yes,Yes,6,Yes,Yes,DSL,No,No,Yes,No,Yes,Yes,Two year,No,Mailed check,69.41,371.71,Yes
CUST-02642,Female,0,No,Yes,71,Yes,No,Fiber optic,Yes,No,No,Yes,Yes,No,Month-to-month,Yes,Credit card (automatic),70.68,4979.67,No
CUST-02643,Male,1,Yes,No,45,Yes,No,No,No internet service,No internet service,No internet service,No internet service,No internet service,No internet service,Month-to-month,No,Electronic check,29.39,1435.16,No
CUST-02644,Male,0,No,No,7,Yes,No,DSL,Yes,No,Yes,No,No,No,Month-to-month,No,Electronic check,47.49,261.93,Yes
CUST-02645,Male,0,No,Yes,65,Yes,No,DSL,No,Yes,No,No,Yes,No,Month-to-month,No,Credit card (automatic),49.4,3220.68,No
CUST-02646,Male,0,Yes,No,24,No,No phone service,DSL,No,Yes,No,No,No,Yes,Two year,No,Credit card (automatic),56.36,1344.72,No
CUST-02647,Female,0,Yes,No,45,Yes,No,No,No internet service,No internet service,No internet service,No internet service,No internet service,No internet service,Month-to-month,No,Electronic check,27.37,1250.51,No
CUST-02648,Male,0,No,No,61,Yes,No,DSL,No,No,Yes,No,No,No,Month-to-month,No,Mailed check,41.97,2540.9,No
CUST-02649,Male,0,No,Yes,19,Yes,Yes,Fiber optic,No,No,No,No,No,Yes,Month-to-month,Yes,Electronic check,64.22,1127.69,No
CUST-02650,Female,0,Yes,No,32,Yes,No,DSL,Yes,No,Yes,No,No,No,Two year,Yes,Electronic check,51.49,1506.77,No
CUST-02651,Female,0,No,No,30,Yes,Yes,DSL,No,No,No,No,No,Yes,Month-to-month,No,Mailed check,63.36,1864.05,Yes
CUST-02652,Male,0,Yes,No,65,Yes,No,No,No internet service,No internet service,No internet service,No internet service,No internet service,No internet service,One year,Yes,Bank transfer (automatic),29.0,1882.01,No
CUST-02653,Female,0,Yes,No,32,Yes,Yes,Fiber optic,Yes,No,Yes,No,No,Yes,One year,Yes,Electronic check,82.73,2673.74,No
CUST-02654,Male,1,No,No,57,Yes,No,Fiber optic,No,No,Yes,No,Yes,No,Month-to-month,Yes,Electronic check,69.43,3960.48,No
CUST-02655,Male,0,No,No,20,Yes,Yes,DSL,Yes,No,No,No,No,Yes,Month-to-month,No,Mailed check,59.83,1132.31,Yes
CUST-02656,Male,1,No,No,30,No,No phone service,DSL,Yes,No,No,No,Yes,No,Month-to-month,Yes,Credit card (automatic),50.39,1627.4,Yes
CUST-02657,Male,0,Yes,No,59,No,No phone service,DSL,No,No,Yes,No,No,No,Month-to-month,No,Credit card (automatic),44.27,2599.92,No
CUST-02658,Female,0,Yes,No,62,Yes,No,Fiber optic,No,Yes,No,No,No,No,Two year,Yes,Bank transfer (automatic),51.26,3238.81,No
CUST-02659,Male,0,No,No,67,Yes,No,Fiber optic,Yes,No,No,Yes,No,No,Month-to-month,Yes,Bank transfer (automatic),59.99,4021.61,No
CUST-02660,Female,0,Yes,No,31,Yes,Yes,DSL,Yes,Yes,Yes,No,Yes,Yes,Month-to-month,No,Electronic check,78.43,2429.27,Yes
CUST-02661,Female,0,Yes,No,66,No,No phone service,DSL,Yes,No,No,No,Yes,Yes,Month-to-month,No,Bank transfer (automatic),65.75,4355.31,Yes
CUST-02662,Female,0,Yes,Yes,54,Yes,Yes,Fiber optic,No,Yes,No,No,No,No,Two year,Yes,Electronic check,61.71,3373.68,No
CUST-02663,Female,0,No,Yes,10,Yes,No,No,No internet service,No internet service,No internet service,No internet service,No internet service,No internet service,Two year,No,Bank transfer (automatic),28.15,329.1,No
CUST-02664,Male,0,Yes,No,38,Yes,No,Fiber optic,No,No,No,Yes,Yes,Yes,Month-to-month,Yes,Electronic check,87.83,3340.36,Yes
CUST-02665,Female,0,Yes,No,31,Yes,No,Fiber optic,Yes,No,Yes,Yes,Yes,Yes,Month-to-month,No,Bank transfer (automatic),85.97,2641.61,Yes
CUST-02666,Male,0,No,Yes,29,Yes,No,Fiber optic,Yes,No,Yes,No,Yes,Yes,One year,Yes,Mailed check,78.14,2219.03,Yes
CUST-02667,Female,0,No,No,25,Yes,No,Fiber optic,Yes,No,Yes,Yes,No,No,Two year,Yes,Mailed check,73.02,1840.86,No
CUST-02668,Female,0,Yes,Yes,32,Yes,No,No,No internet service,No internet service,No internet service,No internet service,No internet service,No internet service,Two year,Yes,Electronic check,18.0,564.95,No
CUST-02669,Male,0,No,No,17,Yes,No,No,No internet service,No internet service,No internet service,No internet service,No internet service,No internet service,Month-to-month,Yes,Bank transfer (automatic),29.51,457.69,No
CUST-02670,Male,0,Yes,Yes,45,Yes,No,Fiber optic,No,Yes,Yes,No,Yes,Yes,Two year,No,Bank transfer (automatic),89.55,3997.08,No
CUST-02671,Male,0,Yes,No,49,Yes,No,Fiber optic,No,Yes,Yes,Yes,Yes,Yes,Month-to-month,No,Electronic check,91.18,4408.13,Yes
CUST-02672,Female,1,No,No,18,Yes,No,No,No internet service,No internet service,No internet service,No internet service,No internet service,No internet service,Month-to-month,No,Mailed check,24.81,456.13,Yes
CUST-02673,Female,0,Yes,No,52,Yes,Yes,Fiber optic,No,No,No,No,No,Yes,Month-to-month,Yes,Bank transfer (automatic),68.63,3534.87,Yes
CUST-02674,Male,0,Yes,Yes,20,Yes,Yes,Fiber optic,No,Yes,No,No,Yes,No,Two year,Yes,Electronic check,78.21,1555.45,Yes
CUST-02675,Male,0,No,No,62,Yes,No,No,No internet service,No internet service,No internet service,No internet service,No internet service,No internet service,One year,Yes,Electronic check,33.11,2068.29,No
CUST-02676,Male,1,No,No,13,Yes,Yes,Fiber optic,No,No,No,No,No,No,Two year,Yes,Credit card (automatic),60.77,662.81,No
CUST-02677,Male,0,No,No,43,Yes,No,DSL,No,No,Yes,Yes,Yes,Yes,One year,No,Bank transfer (automatic),69.22,2844.91,No
CUST-02678,Female,1,Yes,No,21,No,No phone service,DSL,No,Yes,Yes,No,Yes,Yes,Month-to-month,No,Electronic check,67.46,1404.62,Yes
CUST-02679,Male,0,Yes,No,6,Yes,No,Fiber optic,No,No,No,No,Yes,Yes,Month-to-month,Yes,Bank transfer (automatic),68.85,434.8,Yes
CUST-02680,Male,0,Yes,Yes,71,Yes,No,Fiber optic,Yes,Yes,No,Yes,Yes,No,Month-to-month,Yes,Electronic check,71.31,5099.37,No
CUST-02681,Male,1,Yes,Yes,53,Yes,Yes,No,No internet service,No internet service,No internet service,No internet service,No internet service,No internet service,Month-to-month,Yes,Credit card (automatic),37.67,1983.79,No
CUST-02682,Male,0,Yes,No,52,Yes,No,DSL,No,No,No,Yes,No,Yes,Month-to-month,Yes,Mailed check,56.84,2982.8,No
CUST-02683,Female,0,No,No,69,Yes,No,Fiber optic,No,No,No,No,No,Yes,Month-to-month,No,Electronic check,62.67,4332.03,No
CUST-02684,Male,0,Yes,No,9,No,No phone service,DSL,Yes,Yes,No,No,Yes,Yes,Month-to-month,No,Electronic check,65.6,600.29,No
CUST-02685,Female,1,Yes,No,46,Yes,No,No,No internet service,No internet service,No internet service,No internet service,No internet service,No internet service,Month-to-month,No,Mailed check,21.54,1021.64,Yes
CUST-02686,Male,0,No,No,71,Yes,Yes,Fiber optic,No,Yes,Yes,No,Yes,No,Two year,Yes,Bank transfer (automatic),76.56,5401.98,No
CUST-02687,Male,0,Yes,Yes,30,Yes,Yes,Fiber optic,No,Yes,No,Yes,No,Yes,Month-to-month,Yes,Credit card (automatic),77.49,2248.68,Yes
CUST-02688,Female,0,No,No,43,No,No phone service,Fiber optic,No,No,Yes,Yes,Yes,No,Month-to-month,Yes,Electronic check,78.57,3327.6,Yes
CUST-02689,Male,0,Yes,No,59,Yes,Yes,DSL,No,Yes,No,No,No,No,Month-to-month,Yes,Credit card (automatic),49.51,2922.09,No
CUST-02690,Female,1,No,No,38,Yes,No,No,No internet service,No internet service,No internet service,No internet service,No internet service,No internet service,One year,No,Credit card (automatic),20.23,749.55,No
CUST-02691,Female,0,No,No,34,Yes,No,DSL,Yes,Yes,No,No,No,No,Month-to-month,Yes,Credit card (automatic),52.6,1710.22,Yes
CUST-02692,Male,0,No,Yes,46,Yes,No,Fiber optic,No,Yes,No,Yes,No,No,Two year,No,Electronic check,77.59,3542.26,No
CUST-02693,Female,1,Yes,Yes,32,Yes,Yes,Fiber optic,No,Yes,Yes,No,No,No,One year,No,Electronic check,71.62,2348.14,Yes
CUST-02694,Female,0,No,No,16,Yes,No,DSL,No,No,No,Yes,Yes,Yes,Month-to-month,No,Credit card (automatic),71.74,1170.4,Yes
CUST-02695,Female,0,Yes,No,39,Yes,No,Fiber optic,No,No,No,No,Yes,No,Two year,No,Electronic check,65.05,2518.22,No
CUST-02696,Female,0,Yes,No,1,Yes,No,Fiber optic,Yes,Yes,No,No,Yes,No,Month-to-month,Yes,Mailed check,77.61,64.83,Yes
CUST-02697,Female,0,Yes,No,57,Yes,Yes,DSL,No,No,No,No,Yes,Yes,Month-to-month,Yes,Mailed check,72.27,4134.38,No
CUST-02698,Female,0,Yes,No,20,Yes,No,Fiber optic,No,No,No,No,Yes,No,Two year,Yes,Electronic check,70.52,1351.54,No
CUST-02699,Female,0,Yes,No,42,No,No phone service,Fiber optic,Yes,No,No,Yes,No,Yes,Month-to-month,No,Electronic check,74.76,3124.0,Yes
CUST-02700,Female,0,Yes,No,72,Yes,Yes,DSL,Yes,No,Yes,No,No,No,One year,No,Bank transfer (automatic),57.92,4209.92,No
CUST-02701,Male,0,Yes,No,34,Yes,No,DSL,Yes,No,Yes,No,Yes,Yes,Two year,Yes,Electronic check,70.0,2405.57,Yes
CUST-02702,Male,0,No,No,50,Yes,Yes,Fiber optic,No,No,Yes,No,No,Yes,Month-to-month,No,Electronic check,74.65,3790.71,Yes
CUST-02703,Female,0,Yes,No,11,Yes,Yes,DSL,No,No,No,Yes,Yes,No,Month-to-month,No,Electronic check,57.54,622.67,Yes
CUST-02704,Male,0,No,No,43,Yes,Yes,No,No internet service,No internet service,No internet service,No internet service,No internet service,No internet service,Two year,Yes,Mailed check,34.56,1459.66,No
CUST-02705,Female,0,No,No,10,Yes,Yes,Fiber optic,No,Yes,No,No,No,No,Month-to-month,No,Electronic check,64.41,594.31,Yes
CUST-02706,Female,1,Yes,No,8,Yes,Yes,DSL,Yes,Yes,No,No,No,Yes,One year,No,Credit card (automatic),66.6,516.15,No
CUST-02707,Male,0,No,Yes,72,Yes,Yes,Fiber optic,No,No,No,No,Yes,Yes,Month-to-month,Yes,Bank transfer (automatic),81.54,5885.16,No
CUST-02708,Female,0,No,No,19,Yes,Yes,Fiber optic,No,No,No,Yes,No,No,One year,Yes,Electronic check,60.32,1091.4,Yes
CUST-02709,Female,0,Yes,No,65,Yes,Yes,Fiber optic,No,Yes,No,No,Yes,No,One year,No,Electronic check,69.04,4481.88,Yes
CUST-02710,Female,0,Yes,No,55,Yes,Yes,No,No internet service,No internet service,No internet service,No internet service,No internet service,No internet service,Month-to-month,Yes,Credit card (automatic),32.95,1844.64,No
CUST-02711,Female,0,No,Yes,52,Yes,Yes,No,No internet service,No internet service,No internet service,No internet service,No internet service,No internet service,Two year,Yes,Bank transfer (automatic),32.24,1609.98,No
CUST-02712,Male,0,No,No,3,Yes,No,Fiber optic,No,Yes,No,Yes,No,No,Month-to-month,No,Bank transfer (automatic),61.59,134.53,Yes
CUST-02713,Female,0,No,No,53,Yes,No,Fiber optic,Yes,No,Yes,No,Yes,No,Month-to-month,Yes,Electronic check,70.04,3754.96,No
CUST-02714,Female,1,Yes,No,44,Yes,No,DSL,No,Yes,No,No,Yes,Yes,Month-to-month,Yes,Credit card (automatic),66.47,2970.34,No
CUST-02715,Female,0,No,No,48,Yes,Yes,Fiber optic,No,No,No,No,Yes,No,Month-to-month,No,Electronic check,71.79,3332.32,Yes
CUST-02716,Male,0,Yes,No,54,Yes,Yes,Fiber optic,No,Yes,No,Yes,No,Yes,Month-to-month,Yes,Bank transfer (automatic),75.18,4020.33,Yes
CUST-02717,Female,0,Yes,No,16,Yes,Yes,DSL,No,Yes,No,No,No,Yes,Month-to-month,No,Electronic check,63.56,961.75,Yes
CUST-02718,Male,0,Yes,Yes,30,Yes,Yes,DSL,No,No,No,No,No,No,Month-to-month,Yes,Credit card (automatic),41.58,1245.64,No
CUST-02719,Male,0,Yes,No,28,Yes,No,No,No internet service,No internet service,No internet service,No internet service,No internet service,No internet service,Two year,No,Electronic check,21.51,587.32,No
CUST-02720,Female,0,No,No,16,Yes,No,Fiber optic,No,Yes,No,No,No,Yes,Month-to-month,No,Credit card (automatic),69.01,1125.82,Yes
CUST-02721,Female,0,No,Yes,51,Yes,Yes,Fiber optic,No,No,Yes,No,No,No,Month-to-month,Yes,Electronic check,66.77,3415.86,Yes
CUST-02722,Male,0,No,No,33,Yes,Yes,DSL,No,Yes,Yes,No,No,Yes,One year,Yes,Bank transfer (automatic),69.46,2367.97,No
CUST-02723,Female,0,Yes,No,25,Yes,No,Fiber optic,Yes,No,Yes,No,Yes,Yes,One year,Yes,Credit card (automatic),78.74,2027.14,No
CUST-02724,Male,0,No,No,18,Yes,No,DSL,No,No,No,No,No,No,Two year,Yes,Mailed check,32.7,648.89,No
CUST-02725,Male,0,No,No,26,Yes,Yes,DSL,No,Yes,No,No,Yes,No,Two year,No,Mailed check,64.94,1627.91,No
CUST-02726,Female,0,Yes,No,6,Yes,Yes,DSL,No,No,No,No,No,No,Two year,Yes,Credit card (automatic),45.51,370.44,No
CUST-02727,Female,0,No,No,38,Yes,No,Fiber optic,Yes,No,Yes,No,No,No,Month-to-month,Yes,Electronic check,67.1,2533.94,Yes
CUST-02728,Male,0,No,Yes,44,Yes,Yes,Fiber optic,No,No,Yes,Yes,No,No,Month-to-month,Yes,Mailed check,65.17,2843.06,Yes
CUST-02729,Male,0,No,No,67,Yes,No,DSL,No,No,Yes,Yes,Yes,No,Month-to-month,Yes,Mailed check,61.17,4098.5,Yes
CUST-02730,Male,1,Yes,No,43,Yes,Yes,DSL,Yes,No,Yes,No,No,No,Two year,No,Mailed check,55.92,2439.63,No
CUST-02731,Male,0,No,No,6,Yes,Yes,Fiber optic,No,No,Yes,No,Yes,Yes,Two year,Yes,Electronic check,82.78,589.14,Yes
CUST-02732,Female,0,No,No,64,Yes,Yes,Fiber optic,No,No,No,No,Yes,Yes,One year,No,Electronic check,83.58,5388.73,Yes
CUST-02733,Female,0,Yes,Yes,13,No,No phone service,Fiber optic,No,No,Yes,No,Yes,Yes,Month-to-month,Yes,Electronic check,84.42,1101.39,Yes
CUST-02734,Female,0,No,No,65,Yes,No,Fiber optic,No,Yes,Yes,No,No,Yes,Two year,No,Electronic check,69.11,4400.31,No
CUST-02735,Female,0,Yes,No,38,Yes,Yes,Fiber optic,No,No,No,No,Yes,No,Two year,Yes,Electronic check,76.65,2945.88,No
CUST-02736,Female,1,No,Yes,64,Yes,Yes,Fiber optic,No,No,Yes,No,No,Yes,Two year,No,Electronic check,79.27,5095.31,Yes
CUST-02737,Male,0,No,No,14,Yes,No,Fiber optic,Yes,Yes,No,No,Yes,No,Month-to-month,Yes,Electronic check,71.44,986.64,Yes
CUST-02738,Female,1,No,Yes,17,Yes,Yes,Fiber optic,No,Yes,No,No,Yes,No,Month-to-month,No,Mailed check,73.24,1280.85,Yes
CUST-02739,Female,1,No,No,13,Yes,Yes,No,No internet service,No internet service,No internet service,No internet service,No internet service,No internet service,One year,No,Credit card (automatic),31.54,379.31,No
CUST-02740,Female,0,Yes,Yes,6,Yes,Yes,No,No internet service,No internet service,No internet service,No internet service,No internet service,No internet service,One year,No,Mailed check,33.4,163.96,No
CUST-02741,Female,0,Yes,Yes,6,Yes,Yes,DSL,No,No,Yes,No,No,No,Two year,Yes,Credit card (automatic),48.36,319.91,No
CUST-02742,Female,0,No,Yes,37,Yes,No,No,No internet service,No internet service,No internet service,No internet service,No internet service,No internet service,One year,Yes,Electronic check,19.6,798.63,No
CUST-02743,Male,0,Yes,No,57,Yes,Yes,No,No internet service,No internet service,No internet service,No internet service,No internet service,No internet service,Two year,Yes,Electronic check,26.49,1440.8,No
CUST-02744,Male,1,Yes,No,53,Yes,No,No,No internet service,No internet service,No internet service,No internet service,No internet service,No internet service,Month-to-month,Yes,Mailed check,25.05,1317.07,No
CUST-02745,Male,0,Yes,Yes,46,Yes,No,Fiber optic,Yes,Yes,Yes,No,Yes,No,Month-to-month,Yes,Electronic check,79.14,3656.91,Yes
CUST-02746,Female,1,Yes,No,4,Yes,No,No,No internet service,No internet service,No internet service,No internet service,No internet service,No internet service,Month-to-month,No,Credit card (automatic),18.95,46.22,No
CUST-02747,Male,0,No,Yes,34,Yes,No,Fiber optic,Yes,No,Yes,Yes,No,No,Month-to-month,No,Electronic check,63.61,2181.63,Yes
CUST-02748,Male,1,No,Yes,66,Yes,Yes,DSL,No,No,No,No,No,No,Two year,No,Bank transfer (automatic),36.31,2487.75,No
CUST-02749,Female,1,Yes,No,63,No,No phone service,Fiber optic,Yes,Yes,Yes,No,Yes,Yes,Two year,Yes,Mailed check,93.21,5903.58,No
CUST-02750,Female,0,Yes,Yes,61,Yes,No,Fiber optic,Yes,No,No,No,Yes,Yes,Two year,No,Mailed check,81.59,5001.1,No
CUST-02751,Female,0,Yes,No,42,Yes,No,DSL,Yes,No,No,No,Yes,Yes,Month-to-month,No,Credit card (automatic),64.83,2659.33,No
CUST-02752,Male,0,Yes,No,64,Yes,No,No,No internet service,No internet service,No internet service,No internet service,No internet service,No internet service,Two year,No,Electronic check,31.89,2112.53,No
CUST-02753,Male,0,Yes,Yes,17,Yes,Yes,No,No internet service,No internet service,No internet service,No internet service,No internet service,No internet service,Month-to-month,No,Electronic check,20.22,349.72,No
CUST-02754,Female,1,Yes,No,61,Yes,Yes,No,No internet service,No internet service,No internet service,No internet service,No internet service,No internet service,One year,No,Mailed check,35.9,2133.23,No
CUST-02755,Female,0,No,No,30,Yes,Yes,No,No internet service,No internet service,No internet service,No internet service,No internet service,No internet service,Month-to-month,Yes,Electronic check,36.27,1130.9,No
CUST-02756,Male,0,No,No,43,Yes,No,Fiber optic,No,No,Yes,No,No,No,Month-to-month,No,Mailed check,59.44,2637.47,Yes
CUST-02757,Male,0,Yes,Yes,7,Yes,No,Fiber optic,No,No,Yes,No,Yes,No,One year,No,Mailed check,67.37,426.95,No
CUST-02758,Female,1,No,No,46,Yes,No,No,No internet service,No internet service,No internet service,No internet service,No internet service,No internet service,One year,Yes,Credit card (automatic),27.74,1295.51,No
CUST-02759,Female,0,No,No,23,Yes,No,DSL,No,No,No,No,No,No,Two year,No,Credit card (automatic),38.5,900.8,No
CUST-02760,Male,0,Yes,Yes,36,No,No phone service,No,No internet service,No internet service,No internet service,No internet service,No internet service,No internet service,Two year,Yes,Credit card (automatic),18.99,591.97,No
CUST-02761,Female,0,Yes,No,14,Yes,Yes,Fiber optic,No,Yes,No,No,Yes,No,Two year,No,Bank transfer (automatic),80.03,1024.01,No
CUST-02762,Male,0,No,Yes,20,Yes,No,No,No internet service,No internet service,No internet service,No internet service,No internet service,No internet service,One year,Yes,Bank transfer (automatic),24.83,404.88,No
CUST-02763,Male,0,Yes,No,56,Yes,No,Fiber optic,Yes,No,No,No,No,No,Month-to-month,Yes,Mailed check,59.49,3284.67,No
CUST-02764,Male,0,No,No,32,Yes,No,DSL,No,No,No,Yes,No,Yes,Month-to-month,Yes,Bank transfer (automatic),58.79,1857.01,No
CUST-02765,Male,0,No,Yes,25,Yes,Yes,No,No internet service,No internet service,No internet service,No internet service,No internet service,No internet service,Two year,No,Credit card (automatic),35.94,872.99,No
CUST-02766,Female,0,Yes,Yes,49,Yes,No,Fiber optic,No,No,No,Yes,No,No,Month-to-month,No,Electronic check,67.99,3311.94,Yes
CUST-02767,Female,0,No,No,57,No,No phone service,DSL,No,Yes,No,No,No,Yes,One year,Yes,Electronic check,54.09,3084.04,No
CUST-02768,Male,0,No,No,27,Yes,Yes,DSL,No,No,Yes,Yes,Yes,No,One year,No,Electronic check,65.85,1746.58,No
CUST-02769,Male,0,Yes,No,27,Yes,Yes,Fiber optic,No,No,No,No,No,Yes,Month-to-month,Yes,Mailed check,67.97,1779.4,Yes
CUST-02770,Male,0,Yes,No,46,Yes,No,DSL,Yes,Yes,No,No,No,Yes,Month-to-month,Yes,Credit card (automatic),60.62,2831.55,Yes
CUST-02771,Male,1,No,Yes,45,No,No phone service,No,No internet service,No internet service,No internet service,No internet service,No internet service,No internet service,Two year,No,Mailed check,27.79,1205.81,No
CUST-02772,Male,0,No,No,26,Yes,Yes,DSL,Yes,Yes,Yes,No,No,Yes,Month-to-month,Yes,Credit card (automatic),70.81,1842.79,Yes
CUST-02773,Female,1,No,Yes,14,Yes,No,Fiber optic,No,Yes,No,Yes,No,No,One year,No,Credit card (automatic),65.33,898.6,No
CUST-02774,Female,0,No,No,48,No,No phone service,Fiber optic,No,No,No,No,No,Yes,Month-to-month,Yes,Electronic check,70.68,3480.07,Yes
CUST-02775,Female,0,Yes,No,15,Yes,Yes,Fiber optic,Yes,Yes,No,No,No,No,Month-to-month,Yes,Electronic check,75.09,1169.38,Yes
CUST-02776,Female,0,Yes,Yes,51,Yes,Yes,DSL,No,No,No,No,No,Yes,Two year,Yes,Mailed check,53.25,2703.24,No
CUST-02777,Male,0,Yes,Yes,54,Yes,No,Fiber optic,No,Yes,Yes,Yes,No,No,Month-to-month,No,Mailed check,70.12,3850.57,No
CUST-02778,Male,0,Yes,Yes,11,Yes,No,Fiber optic,Yes,Yes,Yes,No,No,No,Two year,No,Bank transfer (automatic),75.29,828.38,No
CUST-02779,Male,0,No,Yes,28,Yes,No,Fiber optic,Yes,Yes,Yes,No,Yes,Yes,One year,Yes,Bank transfer (automatic),90.43,2495.72,No
CUST-02780,Male,0,No,No,55,Yes,No,No,No internet service,No internet service,No internet service,No internet service,No internet service,No internet service,Month-to-month,Yes,Electronic check,19.53,1052.42,No
CUST-02781,Male,0,No,No,69,Yes,Yes,Fiber optic,No,Yes,No,No,Yes,No,Month-to-month,No,Mailed check,75.64,5232.11,Yes
CUST-02782,Female,0,No,No,72,Yes,No,Fiber optic,No,No,Yes,Yes,No,Yes,One year,No,Mailed check,72.09,5162.09,Yes
CUST-02783,Male,0,Yes,No,26,Yes,No,DSL,No,No,No,No,No,No,Month-to-month,Yes,Credit card (automatic),36.85,980.51,Yes
CUST-02784,Female,0,Yes,No,70,Yes,No,Fiber optic,No,Yes,No,No,Yes,Yes,One year,Yes,Bank transfer (automatic),83.71,5791.84,No
CUST-02785,Female,0,Yes,No,32,Yes,No,DSL,Yes,No,No,Yes,No,No,One year,Yes,Electronic check,47.15,1493.42,No
CUST-02786,Female,0,No,Yes,48,Yes,Yes,DSL,No,No,No,Yes,Yes,Yes,Month-to-month,Yes,Bank transfer (automatic),75.8,3750.14,No
CUST-02787,Female,0,Yes,Yes,12,Yes,Yes,Fiber optic,No,Yes,No,No,Yes,No,One year,Yes,Mailed check,78.0,938.17,No
CUST-02788,Male,0,No,No,70,No,No phone service,DSL,No,No,No,Yes,Yes,No,One year,Yes,Credit card (automatic),59.43,4241.15,No
CUST-02789,Female,1,No,No,61,Yes,Yes,No,No internet service,No internet service,No internet service,No internet service,No internet service,No internet service,Two year,Yes,Electronic check,21.97,1403.15,No
CUST-02790,Female,1,Yes,Yes,34,Yes,No,Fiber optic,Yes,No,No,No,No,Yes,Two year,No,Credit card (automatic),71.7,2441.09,No
CUST-02791,Female,0,Yes,Yes,45,Yes,No,No,No internet service,No internet service,No internet service,No internet service,No internet service,No internet service,Month-to-month,Yes,Electronic check,21.48,988.2,No
CUST-02792,Male,0,No,No,60,Yes,No,No,No internet service,No internet service,No internet service,No internet service,No internet service,No internet service,Two year,No,Bank transfer (automatic),18.0,1004.21,No
CUST-02793,Male,0,Yes,No,65,Yes,Yes,No,No internet service,No internet service,No internet service,No internet service,No internet service,No internet service,Month-to-month,Yes,Electronic check,27.08,1792.5,No
CUST-02794,Male,0,No,No,71,Yes,No,Fiber optic,No,No,Yes,Yes,Yes,Yes,Month-to-month,Yes,Mailed check,87.4,6209.2,Yes
CUST-02795,Female,0,No,Yes,13,Yes,Yes,Fiber optic,Yes,No,Yes,No,No,No,Two year,Yes,Electronic check,78.0,989.85,No
CUST-02796,Female,0,Yes,No,48,Yes,Yes,Fiber optic,No,No,No,No,No,No,One year,Yes,Mailed check,57.97,2727.24,Yes
CUST-02797,Male,0,Yes,No,49,Yes,No,No,No internet service,No internet service,No internet service,No internet service,No internet service,No internet service,Month-to-month,No,Electronic check,23.97,1201.35,No
CUST-02798,Female,0,Yes,Yes,58,Yes,Yes,Fiber optic,Yes,No,No,No,No,Yes,Two year,Yes,Electronic check,81.34,4697.32,Yes
CUST-02799,Male,0,No,No,70,Yes,No,DSL,No,Yes,Yes,No,No,Yes,Month-to-month,No,Bank transfer (automatic),57.39,3944.33,Yes
CUST-02800,Male,0,Yes,Yes,61,Yes,Yes,DSL,Yes,No,Yes,No,No,No,One year,Yes,Credit card (automatic),62.7,3841.68,Yes
CUST-02801,Female,0,No,No,26,Yes,No,Fiber optic,Yes,Yes,No,No,No,No,Two year,Yes,Mailed check,65.24,1676.69,No
CUST-02802,Female,0,No,No,39,Yes,No,Fiber optic,No,No,No,Yes,No,Yes,Month-to-month,No,Mailed check,64.88,2601.11,Yes
CUST-02803,Female,0,No,No,58,Yes,Yes,Fiber optic,Yes,No,Yes,No,No,No,One year,Yes,Electronic check,74.3,4304.91,No
CUST-02804,Female,0,Yes,No,27,Yes,No,Fiber optic,No,No,Yes,No,No,Yes,Month-to-month,No,Mailed check,68.84,1829.41,Yes
CUST-02805,Male,0,No,Yes,40,No,No phone service,Fiber optic,Yes,No,No,No,No,No,Two year,Yes,Bank transfer (automatic),61.62,2543.22,No
CUST-02806,Male,0,No,No,31,Yes,Yes,Fiber optic,No,No,Yes,No,No,No,Month-to-month,No,Electronic check,61.03,1882.93,Yes
CUST-02807,Male,0,No,No,3,Yes,No,DSL,No,No,No,No,Yes,No,Month-to-month,No,Bank transfer (automatic),49.73,144.87,Yes
CUST-02808,Male,1,No,No,15,Yes,No,Fiber optic,No,Yes,No,No,Yes,No,Month-to-month,Yes,Mailed check,67.79,1030.15,No
CUST-02809,Male,0,No,Yes,54,Yes,No,DSL,No,No,No,No,Yes,Yes,Month-to-month,Yes,Bank transfer (automatic),58.45,3129.66,No
CUST-02810,Female,1,No,No,70,No,No phone service,Fiber optic,No,Yes,No,No,Yes,No,Two year,No,Electronic check,75.81,5369.43,No
CUST-02811,Male,0,Yes,No,11,Yes,No,No,No internet service,No internet service,No internet service,No internet service,No internet service,No internet service,Month-to-month,Yes,Electronic check,30.98,418.51,No
CUST-02812,Male,0,No,No,30,Yes,No,Fiber optic,No,No,Yes,No,Yes,No,Month-to-month,Yes,Mailed check,74.25,2182.42,Yes
CUST-02813,Male,0,Yes,No,35,Yes,No,DSL,Yes,No,Yes,No,No,No,One year,No,Mailed check,51.43,1864.05,No
CUST-02814,Female,0,No,No,43,Yes,No,No,No internet service,No internet service,No internet service,No internet service,No internet service,No internet service,Month-to-month,Yes,Credit card (automatic),19.64,933.47,Yes
CUST-02815,Female,0,No,No,61,Yes,No,DSL,No,No,Yes,No,No,Yes,Month-to-month,Yes,Credit card (automatic),51.49,3126.12,No
CUST-02816,Female,0,Yes,Yes,40,Yes,No,Fiber optic,Yes,No,No,No,No,Yes,Month-to-month,Yes,Mailed check,67.95,2698.48,Yes
CUST-02817,Female,0,No,No,42,Yes,No,Fiber optic,No,Yes,Yes,No,No,No,Two year,Yes,Electronic check,64.06,2682.92,No
CUST-02818,Male,1,No,No,42,No,No phone service,Fiber optic,No,Yes,No,No,Yes,No,One year,Yes,Bank transfer (automatic),69.0,2869.74,Yes
CUST-02819,Male,0,Yes,No,3,Yes,Yes,DSL,No,No,No,No,No,Yes,One year,No,Electronic check,57.31,160.26,No
CUST-02820,Female,0,No,No,21,Yes,Yes,No,No internet service,No internet service,No internet service,No internet service,No internet service,No internet service,Month-to-month,Yes,Electronic check,36.08,718.44,Yes
CUST-02821,Female,0,Yes,No,53,Yes,No,DSL,No,Yes,No,No,No,No,Month-to-month,No,Mailed check,37.85,2112.48,No
CUST-02822,Male,0,No,No,44,Yes,Yes,DSL,No,Yes,No,Yes,No,No,One year,No,Credit card (automatic),57.24,2484.93,No
CUST-02823,Male,0,No,No,46,Yes,Yes,Fiber optic,No,Yes,Yes,No,Yes,Yes,Two year,Yes,Electronic check,87.66,4097.32,Yes
CUST-02824,Female,0,No,Yes,37,Yes,No,Fiber optic,Yes,No,Yes,No,Yes,No,One year,No,Bank transfer (automatic),74.13,2697.0,No
CUST-02825,Female,1,No,No,38,Yes,No,DSL,No,No,No,Yes,No,No,Two year,No,Credit card (automatic),45.25,1774.86,No
CUST-02826,Female,0,No,No,38,No,No phone service,DSL,No,No,No,No,Yes,No,One year,Yes,Bank transfer (automatic),48.23,1749.19,No
CUST-02827,Female,0,Yes,No,11,Yes,No,Fiber optic,No,No,Yes,No,No,No,Month-to-month,No,Mailed check,60.5,608.22,No
CUST-02828,Male,0,Yes,No,45,Yes,Yes,No,No internet service,No internet service,No internet service,No internet service,No internet service,No internet service,Month-to-month,Yes,Credit card (automatic),30.44,1348.25,No
CUST-02829,Male,1,No,No,64,Yes,No,DSL,No,No,No,Yes,No,No,Month-to-month,No,Bank transfer (automatic),44.99,2826.54,No
CUST-02830,Male,0,No,No,44,Yes,No,DSL,No,No,No,Yes,No,No,Two year,No,Bank transfer (automatic),44.97,1907.48,No
CUST-02831,Female,0,No,No,62,Yes,No,No,No internet service,No internet service,No internet service,No internet service,No internet service,No internet service,Month-to-month,No,Electronic check,21.59,1353.15,No
CUST-02832,Female,0,No,No,61,Yes,Yes,Fiber optic,No,Yes,No,No,No,No,Two year,Yes,Bank transfer (automatic),66.67,4025.71,No
CUST-02833,Male,0,No,No,12,Yes,Yes,Fiber optic,No,Yes,No,No,Yes,No,Month-to-month,Yes,Electronic check,73.36,897.94,Yes
CUST-02834,Male,0,Yes,No,9,Yes,Yes,Fiber optic,No,No,No,No,No,No,One year,Yes,Credit card (automatic),54.78,442.15,No
CUST-02835,Male,0,No,Yes,67,Yes,Yes,Fiber optic,No,Yes,Yes,Yes,No,No,Month-to-month,Yes,Bank transfer (automatic),72.59,4855.81,No
CUST-02836,Male,1,Yes,No,2,Yes,No,No,No internet service,No internet service,No internet service,No internet service,No internet service,No internet service,Month-to-month,No,Credit card (automatic),25.86,26.87,Yes
CUST-02837,Female,1,Yes,No,8,Yes,No,DSL,No,No,Yes,No,No,No,Month-to-month,Yes,Electronic check,49.39,513.17,Yes
CUST-02838,Male,0,No,Yes,43,Yes,Yes,Fiber optic,No,No,No,Yes,Yes,Yes,Month-to-month,No,Bank transfer (automatic),84.34,3610.19,Yes
CUST-02839,Male,0,No,Yes,18,Yes,Yes,DSL,Yes,No,No,No,No,Yes,Month-to-month,Yes,Electronic check,53.6,1028.04,Yes
CUST-02840,Male,1,Yes,Yes,52,Yes,Yes,DSL,No,No,Yes,Yes,Yes,No,Month-to-month,No,Electronic check,68.34,3651.58,No
CUST-02841,Male,1,No,No,39,No,No phone service,DSL,Yes,No,No,No,Yes,Yes,One year,No,Mailed check,66.03,2595.27,Yes
CUST-02842,Male,0,No,No,31,No,No phone service,Fiber optic,No,Yes,No,Yes,No,Yes,Two year,No,Electronic check,82.33,2576.06,No
CUST-02843,Male,0,No,Yes,14,Yes,Yes,Fiber optic,Yes,No,No,No,No,No,One year,No,Credit card (automatic),69.3,972.3,No
CUST-02844,Male,0,No,No,64,Yes,Yes,Fiber optic,Yes,No,No,No,No,No,Two year,Yes,Mailed check,72.39,4616.45,No
CUST-02845,Female,0,Yes,Yes,44,Yes,No,No,No internet service,No internet service,No internet service,No internet service,No internet service,No internet service,Month-to-month,No,Credit card (automatic),35.01,1496.95,No
CUST-02846,Female,0,No,Yes,60,Yes,Yes,No,No internet service,No internet service,No internet service,No internet service,No internet service,No internet service,Two year,No,Credit card (automatic),35.69,2128.59,No
CUST-02847,Female,0,No,No,2,Yes,No,Fiber optic,No,Yes,Yes,No,No,Yes,Month-to-month,No,Credit card (automatic),87.83,132.06,Yes
CUST-02848,Female,0,No,No,32,No,No phone service,Fiber optic,No,Yes,No,No,Yes,No,Two year,No,Electronic check,73.99,2377.59,Yes
CUST-02849,Male,1,No,No,36,Yes,Yes,DSL,No,No,No,No,No,No,Month-to-month,Yes,Bank transfer (automatic),41.36,1441.58,No
CUST-02850,Female,0,Yes,No,55,Yes,Yes,DSL,No,No,No,No,Yes,No,One year,Yes,Bank transfer (automatic),52.73,2979.57,No
CUST-02851,Female,0,Yes,No,63,No,No phone service,DSL,No,No,Yes,No,No,Yes,Month-to-month,No,Mailed check,50.43,3210.33,No
CUST-02852,Male,0,No,No,69,Yes,No,No,No internet service,No internet service,No internet service,No internet service,No internet service,No internet service,Month-to-month,Yes,Electronic check,25.87,1836.97,No
CUST-02853,Male,0,No,No,40,Yes,Yes,No,No internet service,No internet service,No internet service,No internet service,No internet service,No internet service,Month-to-month,Yes,Electronic check,22.85,958.31,No
CUST-02854,Female,0,No,Yes,24,Yes,Yes,Fiber optic,No,Yes,No,Yes,Yes,No,Two year,Yes,Credit card (automatic),82.54,1930.45,No
CUST-02855,Female,0,Yes,No,58,Yes,Yes,Fiber optic,Yes,Yes,No,Yes,No,Yes,Month-to-month,Yes,Electronic check,90.27,5229.58,Yes
CUST-02856,Male,0,Yes,No,28,Yes,No,Fiber optic,No,Yes,No,No,No,No,One year,No,Credit card (automatic),54.43,1532.25,No
CUST-02857,Female,1,Yes,No,62,Yes,No,Fiber optic,No,No,No,Yes,No,No,Month-to-month,Yes,Electronic check,55.37,3406.97,No
CUST-02858,Male,0,No,No,25,Yes,No,Fiber optic,No,Yes,Yes,No,Yes,Yes,Month-to-month,Yes,Credit card (automatic),83.87,2174.71,No
CUST-02859,Male,0,Yes,No,7,Yes,Yes,Fiber optic,Yes,No,No,Yes,No,Yes,One year,No,Electronic check,80.53,564.31,No
CUST-02860,Male,0,No,Yes,38,Yes,No,DSL,No,Yes,No,No,No,Yes,Month-to-month,Yes,Bank transfer (automatic),55.18,2059.38,No
CUST-02861,Male,0,Yes,No,71,Yes,No,No,No internet service,No internet service,No internet service,No internet service,No internet service,No internet service,One year,Yes,Electronic check,26.74,1808.85,No
CUST-02862,Female,0,No,No,45,Yes,Yes,Fiber optic,No,Yes,No,No,No,No,One year,Yes,Bank transfer (automatic),61.05,2725.75,Yes
CUST-02863,Male,1,Yes,Yes,32,No,No phone service,Fiber optic,No,No,No,No,No,No,Two year,No,Bank transfer (automatic),56.28,1799.09,No
CUST-02864,Male,0,Yes,No,32,Yes,No,Fiber optic,No,No,No,Yes,No,Yes,One year,Yes,Mailed check,69.79,2146.61,Yes
CUST-02865,Female,0,No,No,1,Yes,Yes,Fiber optic,No,Yes,Yes,No,No,Yes,Month-to-month,No,Electronic check,83.67,26.43,Yes
CUST-02866,Male,1,No,Yes,45,Yes,Yes,DSL,No,No,No,No,Yes,Yes,Month-to-month,Yes,Mailed check,60.29,2654.45,No
CUST-02867,Female,0,Yes,No,64,Yes,Yes,Fiber optic,No,No,Yes,No,No,Yes,Two year,Yes,Mailed check,66.23,4300.92,No
CUST-02868,Female,0,No,No,68,Yes,No,No,No internet service,No internet service,No internet service,No internet service,No internet service,No internet service,Two year,Yes,Electronic check,22.71,1514.02,No
CUST-02869,Female,0,Yes,No,7,Yes,No,DSL,Yes,No,No,No,No,No,Month-to-month,Yes,Electronic check,39.61,310.32,No
CUST-02870,Male,0,Yes,No,38,Yes,No,DSL,No,Yes,Yes,No,No,Yes,Two year,Yes,Credit card (automatic),65.41,2552.93,No
CUST-02871,Female,0,Yes,Yes,70,Yes,Yes,No,No internet service,No internet service,No internet service,No internet service,No internet service,No internet service,Two year,No,Credit card (automatic),32.58,2282.06,No
CUST-02872,Female,0,Yes,No,53,Yes,No,DSL,Yes,No,No,No,No,No,Month-to-month,Yes,Credit card (automatic),50.35,2671.49,Yes
CUST-02873,Male,0,No,No,30,No,No phone service,Fiber optic,No,Yes,Yes,No,No,No,Month-to-month,No,Electronic check,66.9,2006.91,Yes
CUST-02874,Female,0,Yes,No,22,Yes,Yes,Fiber optic,No,No,No,Yes,No,No,Two year,No,Mailed check,61.26,1277.23,No
CUST-02875,Female,0,No,No,58,Yes,Yes,DSL,Yes,No,No,No,Yes,Yes,Month-to-month,Yes,Electronic check,66.72,3878.31,No
CUST-02876,Female,1,Yes,Yes,55,Yes,Yes,Fiber optic,No,Yes,No,No,Yes,Yes,Month-to-month,Yes,Electronic check,91.49,5064.09,Yes
CUST-02877,Female,0,No,No,46,Yes,No,Fiber optic,No,No,Yes,Yes,No,No,One year,Yes,Credit card (automatic),61.65,2910.23,No
CUST-02878,Female,1,Yes,Yes,26,Yes,Yes,DSL,No,Yes,No,Yes,No,Yes,Month-to-month,Yes,Mailed check,65.65,1632.14,No
CUST-02879,Male,0,Yes,Yes,64,Yes,Yes,Fiber optic,No,No,Yes,No,Yes,Yes,Month-to-month,No,Credit card (automatic),78.8,5106.08,No
CUST-02880,Female,0,Yes,Yes,9,No,No phone service,No,No internet service,No internet service,No internet service,No internet service,No internet service,No internet service,Month-to-month,Yes,Mailed check,24.73,180.31,Yes
CUST-02881,Female,0,No,No,15,Yes,No,Fiber optic,No,Yes,Yes,No,Yes,No,Two year,No,Electronic check,74.75,1086.26,Yes
CUST-02882,Male,0,No,No,19,No,No phone service,No,No internet service,No internet service,No internet service,No internet service,No internet service,No internet service,Month-to-month,Yes,Electronic check,25.37,470.77,Yes
CUST-02883,Male,1,No,No,16,Yes,Yes,DSL,No,Yes,No,Yes,No,No,One year,Yes,Electronic check,56.61,876.56,Yes
CUST-02884,Male,0,Yes,No,25,Yes,Yes,Fiber optic,No,No,No,No,Yes,No,Two year,Yes,Electronic check,72.46,1805.37,No
CUST-02885,Female,0,No,No,51,Yes,No,DSL,No,No,Yes,No,No,No,Month-to-month,No,Mailed check,43.09,2158.39,Yes
CUST-02886,Male,0,No,Yes,46,Yes,No,DSL,No,No,No,No,Yes,Yes,Month-to-month,No,Electronic check,59.59,2773.95,No
CUST-02887,Female,0,Yes,No,7,Yes,No,Fiber optic,No,Yes,No,Yes,Yes,Yes,Two year,No,Bank transfer (automatic),83.84,548.89,Yes
CUST-02888,Female,0,Yes,No,34,Yes,Yes,DSL,No,No,No,No,Yes,Yes,Month-to-month,Yes,Electronic check,71.37,2472.09,Yes
CUST-02889,Male,0,No,Yes,58,Yes,No,DSL,No,No,Yes,No,Yes,Yes,Month-to-month,No,Mailed check,70.59,3993.87,No
CUST-02890,Male,0,No,No,23,Yes,No,No,No internet service,No internet service,No internet service,No internet service,No internet service,No internet service,Month-to-month,No,Electronic check,27.07,587.8,No
CUST-02891,Female,0,Yes,No,23,Yes,Yes,No,No internet service,No internet service,No internet service,No internet service,No internet service,No internet service,Month-to-month,No,Bank transfer (automatic),28.8,718.05,No
CUST-02892,Male,0,No,No,17,Yes,No,DSL,No,Yes,No,No,No,No,Month-to-month,Yes,Bank transfer (automatic),47.29,774.67,Yes
CUST-02893,Female,0,No,No,13,Yes,No,Fiber optic,No,No,Yes,Yes,Yes,Yes,One year,Yes,Credit card (automatic),88.2,1131.08,No
CUST-02894,Male,0,No,No,27,Yes,No,DSL,Yes,No,Yes,No,Yes,Yes,Two year,Yes,Credit card (automatic),76.54,2068.37,No
CUST-02895,Male,1,Yes,Yes,66,Yes,No,No,No internet service,No internet service,No internet service,No internet service,No internet service,No internet service,Month-to-month,No,Mailed check,25.58,1669.92,No
CUST-02896,Male,0,No,Yes,30,Yes,No,Fiber optic,Yes,No,Yes,No,No,No,Month-to-month,Yes,Mailed check,63.86,1815.59,Yes
CUST-02897,Female,0,Yes,No,4,Yes,No,Fiber optic,No,Yes,No,No,Yes,No,Two year,No,Electronic check,63.91,311.33,No
CUST-02898,Male,0,Yes,Yes,67,Yes,No,Fiber optic,Yes,No,Yes,No,Yes,No,Two year,Yes,Bank transfer (automatic),76.71,5101.22,No
CUST-02899,Female,0,No,No,14,Yes,No,DSL,No,Yes,No,No,Yes,Yes,Month-to-month,No,Mailed check,62.21,904.82,Yes
CUST-02900,Female,1,Yes,No,11,Yes,Yes,DSL,No,No,No,No,Yes,Yes,Month-to-month,Yes,Electronic check,63.72,715.83,Yes
CUST-02901,Female,0,Yes,No,40,Yes,No,Fiber optic,No,Yes,No,No,Yes,Yes,Two year,No,Electronic check,75.28,3018.41,No
CUST-02902,Female,0,Yes,Yes,3,Yes,Yes,No,No internet service,No internet service,No internet service,No internet service,No internet service,No internet service,Month-to-month,No,Electronic check,28.98,129.63,Yes
CUST-02903,Male,0,Yes,Yes,1,Yes,Yes,No,No internet service,No internet service,No internet service,No internet service,No internet service,No internet service,Month-to-month,Yes,Bank transfer (automatic),29.3,60.7,Yes
CUST-02904,Female,0,Yes,No,9,Yes,No,No,No internet service,No internet service,No internet service,No internet service,No internet service,No internet service,Month-to-month,Yes,Credit card (automatic),23.88,192.52,No
CUST-02905,Female,0,Yes,No,1,Yes,No,DSL,No,Yes,No,No,Yes,Yes,Month-to-month,No,Electronic check,63.5,130.53,Yes
CUST-02906,Male,0,No,No,16,Yes,No,No,No internet service,No internet service,No internet service,No internet service,No internet service,No internet service,Month-to-month,Yes,Credit card (automatic),27.93,425.74,Yes
CUST-02907,Female,0,Yes,No,72,Yes,No,Fiber optic,No,No,No,No,No,Yes,Two year,No,Mailed check,67.0,4799.26,No
CUST-02908,Male,0,No,No,46,Yes,No,DSL,No,No,Yes,Yes,No,No,Month-to-month,Yes,Mailed check,43.53,2074.47,No
CUST-02909,Female,0,Yes,No,10,Yes,No,No,No internet service,No internet service,No internet service,No internet service,No internet service,No internet service,Month-to-month,No,Mailed check,25.56,183.64,Yes
CUST-02910,Male,0,Yes,Yes,33,Yes,No,Fiber optic,Yes,Yes,No,Yes,Yes,Yes,Month-to-month,Yes,Credit card (automatic),84.44,2774.49,Yes
CUST-02911,Female,0,No,No,41,Yes,Yes,Fiber optic,No,Yes,No,No,No,No,One year,No,Mailed check,62.37,2546.33,Yes
CUST-02912,Male,0,Yes,No,51,Yes,No,Fiber optic,No,Yes,No,No,Yes,No,Two year,Yes,Electronic check,65.01,3362.82,No
CUST-02913,Female,0,No,No,22,Yes,No,No,No internet service,No internet service,No internet service,No internet service,No internet service,No internet service,Month-to-month,No,Mailed check,26.46,597.19,No
CUST-02914,Female,0,No,Yes,16,Yes,No,No,No internet service,No internet service,No internet service,No internet service,No internet service,No internet service,One year,No,Credit card (automatic),18.0,299.78,No
CUST-02915,Male,0,Yes,No,62,Yes,No,DSL,Yes,No,Yes,No,No,No,Month-to-month,Yes,Electronic check,52.11,3257.62,No
CUST-02916,Male,0,No,No,53,Yes,No,No,No internet service,No internet service,No internet service,No internet service,No internet service,No internet service,Month-to-month,No,Mailed check,19.96,1071.72,No
CUST-02917,Male,1,Yes,No,14,Yes,Yes,No,No internet service,No internet service,No internet service,No internet service,No internet service,No internet service,Month-to-month,No,Bank transfer (automatic),36.11,512.34,No
CUST-02918,Male,1,No,Yes,59,Yes,Yes,Fiber optic,No,No,No,Yes,Yes,No,Two year,Yes,Mailed check,79.4,4700.13,No
CUST-02919,Female,0,No,No,26,Yes,No,DSL,No,No,Yes,Yes,Yes,Yes,Month-to-month,No,Bank transfer (automatic),73.91,1918.02,No
CUST-02920,Female,0,No,No,44,Yes,No,Fiber optic,No,No,No,Yes,No,Yes,Month-to-month,No,Electronic check,76.97,3337.17,Yes
CUST-02921,Male,0,Yes,No,20,Yes,Yes,Fiber optic,No,No,No,Yes,No,No,Month-to-month,Yes,Electronic check,69.38,1317.02,No
CUST-02922,Female,0,Yes,Yes,5,Yes,No,Fiber optic,Yes,Yes,Yes,No,No,Yes,One year,Yes,Electronic check,82.85,454.13,No
CUST-02923,Male,0,Yes,Yes,65,Yes,No,DSL,Yes,Yes,No,Yes,No,Yes,Month-to-month,Yes,Credit card (automatic),74.91,4917.49,No
CUST-02924,Male,0,Yes,Yes,11,Yes,Yes,Fiber optic,No,No,Yes,No,No,No,Month-to-month,No,Bank transfer (automatic),58.33,617.83,Yes
CUST-02925,Female,1,No,No,47,Yes,No,No,No internet service,No internet service,No internet service,No internet service,No internet service,No internet service,One year,No,Credit card (automatic),23.61,1102.85,No
CUST-02926,Female,0,No,No,10,Yes,Yes,No,No internet service,No internet service,No internet service,No internet service,No internet service,No internet service,Month-to-month,Yes,Electronic check,29.97,362.99,Yes
CUST-02927,Female,0,Yes,Yes,61,Yes,No,DSL,No,No,No,Yes,Yes,No,Two year,Yes,Mailed check,54.01,3377.23,No
CUST-02928,Female,0,No,Yes,45,Yes,Yes,Fiber optic,Yes,No,No,No,No,Yes,Two year,Yes,Mailed check,76.84,3440.21,No
CUST-02929,Female,0,No,No,47,Yes,No,No,No internet service,No internet service,No internet service,No internet service,No internet service,No internet service,Month-to-month,Yes,Mailed check,27.8,1340.14,No
CUST-02930,Female,0,No,No,34,Yes,No,DSL,Yes,Yes,Yes,Yes,No,Yes,Two year,Yes,Electronic check,67.01,2285.69,No
CUST-02931,Female,0,Yes,No,13,No,No phone service,DSL,No,No,No,Yes,Yes,Yes,Two year,Yes,Electronic check,69.15,940.55,No
CUST-02932,Male,0,Yes,No,23,Yes,No,Fiber optic,Yes,Yes,Yes,Yes,No,No,Month-to-month,Yes,Mailed check,79.79,1810.09,Yes
CUST-02933,Male,0,No,No,36,Yes,Yes,Fiber optic,No,Yes,No,No,No,No,Two year,Yes,Credit card (automatic),60.2,2101.01,No
CUST-02934,Male,0,No,Yes,63,Yes,No,DSL,No,Yes,No,Yes,No,Yes,Month-to-month,No,Credit card (automatic),56.87,3573.61,No
CUST-02935,Male,0,No,No,47,Yes,No,No,No internet service,No internet service,No internet service,No internet service,No internet service,No internet service,Two year,No,Electronic check,25.47,1126.52,No
CUST-02936,Male,0,No,No,66,Yes,Yes,Fiber optic,Yes,No,No,Yes,Yes,Yes,Month-to-month,Yes,Bank transfer (automatic),92.4,6170.95,Yes
CUST-02937,Female,0,Yes,Yes,14,Yes,No,Fiber optic,No,Yes,Yes,No,Yes,No,Two year,Yes,Bank transfer (automatic),75.47,1049.8,Yes
CUST-02938,Male,0,No,No,53,Yes,Yes,Fiber optic,No,No,No,No,No,Yes,Month-to-month,Yes,Bank transfer (automatic),68.54,3658.75,No
CUST-02939,Male,1,Yes,No,66,No,No phone service,Fiber optic,No,No,No,No,Yes,Yes,Two year,No,Bank transfer (automatic),71.08,4768.73,No
CUST-02940,Male,0,No,Yes,49,Yes,Yes,Fiber optic,No,No,No,No,Yes,No,One year,Yes,Electronic check,72.51,3647.02,Yes
CUST-02941,Male,1,No,Yes,16,Yes,Yes,Fiber optic,No,Yes,Yes,No,No,No,Month-to-month,No,Mailed check,67.96,1110.56,Yes
CUST-02942,Male,1,No,No,68,Yes,No,Fiber optic,No,Yes,Yes,No,Yes,Yes,One year,Yes,Electronic check,89.27,6083.83,No
CUST-02943,Male,0,No,No,43,Yes,Yes,Fiber optic,No,Yes,No,No,No,No,Month-to-month,No,Credit card (automatic),60.49,2545.9,No
CUST-02944,Male,0,No,No,65,Yes,No,No,No internet service,No internet service,No internet service,No internet service,No internet service,No internet service,Two year,Yes,Electronic check,23.21,1495.36,Yes
CUST-02945,Female,1,Yes,No,9,Yes,No,No,No internet service,No internet service,No internet service,No internet service,No internet service,No internet service,Month-to-month,Yes,Bank transfer (automatic),24.29,246.7,No
CUST-02946,Female,0,Yes,No,21,No,No phone service,No,No internet service,No internet service,No internet service,No internet service,No internet service,No internet service,Month-to-month,Yes,Electronic check,25.05,471.11,Yes
CUST-02947,Male,0,No,Yes,43,No,No phone service,DSL,No,No,No,Yes,Yes,Yes,One year,No,Bank transfer (automatic),66.12,2896.81,No
CUST-02948,Female,1,Yes,Yes,66,Yes,Yes,DSL,No,No,No,No,Yes,No,Month-to-month,No,Mailed check,55.68,3710.51,Yes
CUST-02949,Female,0,Yes,Yes,4,Yes,No,No,No internet service,No internet service,No internet service,No internet service,No internet service,No internet service,Month-to-month,Yes,Mailed check,26.3,95.95,Yes
CUST-02950,Female,0,Yes,No,7,Yes,Yes,DSL,No,No,No,No,No,No,Month-to-month,Yes,Bank transfer (automatic),51.92,381.59,Yes
CUST-02951,Female,0,No,No,58,Yes,No,DSL,Yes,No,No,Yes,Yes,Yes,Month-to-month,No,Credit card (automatic),68.71,4081.77,No
CUST-02952,Male,0,Yes,No,4,Yes,Yes,Fiber optic,No,No,Yes,No,No,Yes,Two year,No,Bank transfer (automatic),70.86,424.45,Yes
CUST-02953,Female,0,No,No,20,Yes,Yes,No,No internet service,No internet service,No internet service,No internet service,No internet service,No internet service,Month-to-month,No,Credit card (automatic),26.85,506.73,Yes
CUST-02954,Female,0,No,No,35,Yes,Yes,No,No internet service,No internet service,No internet service,No internet service,No internet service,No internet service,Two year,Yes,Credit card (automatic),22.54,826.27,No
CUST-02955,Female,0,No,Yes,59,Yes,Yes,Fiber optic,No,Yes,Yes,No,Yes,Yes,Month-to-month,Yes,Credit card (automatic),96.35,5630.5,Yes
CUST-02956,Male,0,Yes,No,45,Yes,Yes,No,No internet service,No internet service,No internet service,No internet service,No internet service,No internet service,One year,No,Credit card (automatic),27.66,1256.32,No
CUST-02957,Male,0,No,Yes,14,Yes,Yes,Fiber optic,No,No,No,Yes,Yes,No,Month-to-month,Yes,Bank transfer (automatic),71.83,990.66,Yes
CUST-02958,Male,0,No,No,22,Yes,No,Fiber optic,No,No,Yes,Yes,No,No,Month-to-month,No,Electronic check,66.5,1498.77,Yes
CUST-02959,Male,0,No,No,48,Yes,Yes,DSL,No,No,Yes,Yes,Yes,Yes,Month-to-month,No,Bank transfer (automatic),73.46,3552.45,No
CUST-02960,Male,0,No,Yes,30,Yes,No,Fiber optic,No,Yes,No,Yes,No,No,Month-to-month,Yes,Electronic check,67.09,1972.17,Yes
CUST-02961,Male,0,No,No,29,No,No phone service,No,No internet service,No internet service,No internet service,No internet service,No internet service,No internet service,One year,No,Electronic check,27.16,837.08,No
CUST-02962,Male,0,Yes,Yes,36,Yes,Yes,DSL,No,No,No,No,No,Yes,Month-to-month,No,Electronic check,53.31,1909.36,Yes
CUST-02963,Female,1,No,No,42,Yes,No,Fiber optic,No,Yes,No,No,Yes,No,Month-to-month,Yes,Credit card (automatic),63.91,2648.8,Yes
CUST-02964,Female,0,Yes,Yes,29,No,No phone service,No,No internet service,No internet service,No internet service,No internet service,No internet service,No internet service,One year,Yes,Electronic check,26.0,774.61,No
CUST-02965,Female,0,Yes,No,7,Yes,No,DSL,No,No,No,No,Yes,Yes,Month-to-month,No,Mailed check,64.57,441.47,Yes
CUST-02966,Male,0,No,No,32,Yes,Yes,DSL,No,No,Yes,Yes,No,No,Two year,Yes,Electronic check,52.21,1676.77,No
CUST-02967,Male,0,Yes,No,13,Yes,Yes,No,No internet service,No internet service,No internet service,No internet service,No internet service,No internet service,One year,No,Bank transfer (automatic),32.69,347.39,No
CUST-02968,Male,0,Yes,No,13,Yes,No,DSL,No,No,No,Yes,Yes,Yes,Month-to-month,Yes,Credit card (automatic),68.66,888.64,No
CUST-02969,Male,0,No,Yes,54,Yes,Yes,Fiber optic,No,No,No,No,Yes,No,Month-to-month,No,Mailed check,75.24,4090.46,No
CUST-02970,Male,0,No,No,14,Yes,No,DSL,Yes,No,Yes,No,No,No,Two year,No,Electronic check,52.64,745.97,No
CUST-02971,Female,0,Yes,No,6,Yes,No,Fiber optic,No,Yes,Yes,No,No,No,Month-to-month,Yes,Bank transfer (automatic),65.6,406.56,Yes
CUST-02972,Female,0,No,No,16,Yes,Yes,DSL,No,Yes,Yes,No,Yes,Yes,Month-to-month,Yes,Credit card (automatic),84.78,1419.59,No
CUST-02973,Male,0,Yes,No,41,Yes,No,DSL,No,No,Yes,No,Yes,No,Month-to-month,Yes,Electronic check,52.84,2108.23,Yes
CUST-02974,Male,0,Yes,Yes,52,Yes,Yes,DSL,No,No,No,No,Yes,No,One year,No,Bank transfer (automatic),49.28,2510.85,No
CUST-02975,Male,1,Yes,No,16,Yes,Yes,DSL,Yes,No,Yes,Yes,No,No,Month-to-month,Yes,Electronic check,62.05,937.23,Yes
CUST-02976,Male,0,Yes,No,5,Yes,No,Fiber optic,No,No,No,No,Yes,No,Two year,Yes,Mailed check,59.61,319.39,Yes
CUST-02977,Female,0,Yes,No,24,Yes,Yes,DSL,Yes,No,No,Yes,No,No,Month-to-month,No,Electronic check,49.32,1278.59,No
CUST-02978,Male,0,Yes,No,43,Yes,No,Fiber optic,No,Yes,No,No,No,Yes,Month-to-month,Yes,Credit card (automatic),72.19,3117.68,Yes
CUST-02979,Male,1,No,Yes,65,Yes,No,DSL,No,No,No,No,No,Yes,Month-to-month,Yes,Electronic check,50.99,3275.19,Yes
CUST-02980,Male,0,No,No,10,No,No phone service,Fiber optic,No,No,No,No,No,No,Two year,Yes,Credit card (automatic),58.37,516.47,No
CUST-02981,Male,1,No,Yes,59,Yes,No,No,No internet service,No internet service,No internet service,No internet service,No internet service,No internet service,One year,Yes,Electronic check,18.0,1100.07,No
CUST-02982,Female,1,No,No,35,No,No phone service,Fiber optic,No,No,No,Yes,Yes,No,One year,Yes,Credit card (automatic),66.25,2319.99,Yes
CUST-02983,Male,0,Yes,No,31,Yes,No,Fiber optic,Yes,No,No,No,No,No,Month-to-month,No,Bank transfer (automatic),67.35,2099.4,Yes
CUST-02984,Male,0,No,Yes,11,Yes,No,Fiber optic,No,No,Yes,No,No,No,One year,Yes,Electronic check,58.73,654.89,Yes
CUST-02985,Female,0,No,No,9,Yes,Yes,No,No internet service,No internet service,No internet service,No internet service,No internet service,No internet service,Month-to-month,No,Electronic check,28.52,268.95,Yes
CUST-02986,Female,0,Yes,Yes,66,Yes,Yes,No,No internet service,No internet service,No internet service,No internet service,No internet service,No internet service,Two year,No,Electronic check,27.32,1909.11,No
CUST-02987,Female,0,Yes,No,44,Yes,No,Fiber optic,No,Yes,Yes,Yes,No,No,One year,No,Credit card (automatic),60.06,2542.19,No
CUST-02988,Male,0,No,No,16,Yes,Yes,DSL,Yes,No,No,Yes,No,Yes,One year,No,Mailed check,63.61,1073.03,Yes
CUST-02989,Male,1,No,No,48,Yes,No,Fiber optic,No,No,No,No,No,Yes,Two year,Yes,Bank transfer (automatic),63.67,3094.02,No
CUST-02990,Female,0,No,No,53,Yes,No,Fiber optic,No,No,Yes,No,Yes,No,Month-to-month,No,Credit card (automatic),68.71,3614.95,Yes
CUST-02991,Female,1,Yes,No,65,Yes,Yes,DSL,No,No,No,No,Yes,No,Month-to-month,Yes,Bank transfer (automatic),45.77,2916.56,No
CUST-02992,Female,0,Yes,Yes,48,No,No phone service,DSL,No,No,No,Yes,No,No,Month-to-month,No,Electronic check,35.99,1693.35,No
CUST-02993,Female,0,No,No,70,Yes,Yes,Fiber optic,Yes,No,Yes,No,No,No,Month-to-month,Yes,Bank transfer (automatic),65.27,4658.0,Yes
CUST-02994,Female,1,No,Yes,46,Yes,Yes,No,No internet service,No internet service,No internet service,No internet service,No internet service,No internet service,Two year,Yes,Bank transfer (automatic),28.03,1375.09,No
CUST-02995,Female,0,Yes,No,33,Yes,No,Fiber optic,No,Yes,Yes,No,No,No,Month-to-month,No,Electronic check,64.96,2162.48,Yes
CUST-02996,Male,0,Yes,No,52,Yes,Yes,Fiber optic,No,Yes,No,No,Yes,Yes,Month-to-month,Yes,Credit card (automatic),90.76,4682.7,Yes
CUST-02997,Male,0,No,No,55,Yes,No,No,No internet service,No internet service,No internet service,No internet service,No internet service,No internet service,Month-to-month,No,Electronic check,25.04,1431.96,No
CUST-02998,Male,0,No,Yes,51,Yes,No,Fiber optic,Yes,No,No,No,No,Yes,Month-to-month,No,Bank transfer (automatic),69.55,3538.13,No
CUST-02999,Female,0,Yes,Yes,40,Yes,No,Fiber optic,Yes,No,No,No,Yes,No,One year,No,Credit card (automatic),69.92,2815.85,Yes
CUST-03000,Female,0,No,Yes,25,No,No phone service,No,No internet service,No internet service,No internet service,No internet service,No internet service,No internet service,Month-to-month,No,Electronic check,28.95,723.12,Yes
CUST-03001,Female,0,No,No,63,Yes,No,DSL,Yes,Yes,Yes,No,No,No,Two year,No,Credit card (automatic),44.66,2826.0,No
CUST-03002,Female,1,No,Yes,22,Yes,No,DSL,Yes,No,Yes,No,Yes,No,Month-to-month,No,Bank transfer (automatic),59.2,1416.72,No
CUST-03003,Female,0,Yes,No,38,No,No phone service,No,No internet service,No internet service,No internet service,No internet service,No internet service,No internet service,Month-to-month,No,Electronic check,21.91,765.96,Yes
CUST-03004,Female,1,Yes,No,9,Yes,Yes,No,No internet service,No internet service,No internet service,No internet service,No internet service,No internet service,One year,No,Bank transfer (automatic),21.11,154.85,No
CUST-03005,Male,0,No,No,37,Yes,No,No,No internet service,No internet service,No internet service,No internet service,No internet service,No internet service,Month-to-month,Yes,Mailed check,27.74,990.21,Yes
CUST-03006,Male,0,Yes,No,5,Yes,No,DSL,No,Yes,Yes,No,No,No,Month-to-month,Yes,Electronic check,49.03,304.03,Yes
CUST-03007,Female,0,No,No,22,Yes,No,Fiber optic,No,Yes,No,No,Yes,No,Month-to-month,No,Credit card (automatic),73.1,1590.7,No
CUST-03008,Male,0,No,Yes,12,Yes,Yes,Fiber optic,No,No,No,No,No,No,Month-to-month,Yes,Mailed check,62.1,696.51,No
CUST-03009,Female,1,Yes,No,60,Yes,Yes,DSL,Yes,Yes,Yes,No,No,No,Month-to-month,Yes,Credit card (automatic),59.65,3596.76,No
CUST-03010,Male,0,No,No,44,Yes,Yes,Fiber optic,Yes,No,No,No,No,No,Month-to-month,Yes,Credit card (automatic),61.28,2758.78,Yes
CUST-03011,Female,0,No,Yes,22,Yes,Yes,Fiber optic,Yes,No,No,No,Yes,Yes,Month-to-month,No,Bank transfer (automatic),86.38,1904.71,Yes
CUST-03012,Female,0,No,No,6,Yes,Yes,DSL,No,No,No,No,Yes,No,Month-to-month,Yes,Mailed check,50.37,299.33,Yes
CUST-03013,Male,0,Yes,No,27,Yes,No,No,No internet service,No internet service,No internet service,No internet service,No internet service,No internet service,Month-to-month,No,Credit card (automatic),30.38,800.24,Yes
CUST-03014,Male,1,No,Yes,55,Yes,No,Fiber optic,No,Yes,Yes,Yes,Yes,Yes,Month-to-month,Yes,Bank transfer (automatic),88.21,4847.8,No
CUST-03015,Female,1,Yes,Yes,15,Yes,Yes,Fiber optic,No,No,No,No,No,No,Month-to-month,Yes,Electronic check,62.86,891.49,Yes
CUST-03016,Female,0,No,Yes,64,No,No phone service,Fiber optic,No,No,No,No,Yes,Yes,Month-to-month,Yes,Bank transfer (automatic),76.96,4927.16,No
CUST-03017,Male,0,No,No,17,Yes,Yes,No,No internet service,No internet service,No internet service,No internet service,No internet service,No internet service,Month-to-month,No,Electronic check,37.01,602.35,Yes
CUST-03018,Male,0,Yes,No,3,Yes,No,Fiber optic,No,Yes,Yes,Yes,No,Yes,Two year,No,Credit card (automatic),81.34,235.66,No
CUST-03019,Female,0,No,Yes,10,Yes,Yes,Fiber optic,No,No,No,No,Yes,Yes,One year,Yes,Mailed check,84.86,872.52,No
CUST-03020,Male,1,No,No,63,Yes,Yes,DSL,No,No,No,No,No,No,Two year,Yes,Electronic check,49.46,3162.4,No
CUST-03021,Female,0,Yes,No,63,Yes,Yes,Fiber optic,Yes,No,Yes,No,No,No,Month-to-month,Yes,Electronic check,77.48,4853.3,Yes
CUST-03022,Female,0,Yes,No,62,Yes,No,Fiber optic,No,Yes,No,No,Yes,Yes,One year,No,Bank transfer (automatic),79.76,4919.14,No
CUST-03023,Female,0,No,No,9,Yes,Yes,Fiber optic,No,Yes,Yes,No,No,Yes,One year,Yes,Electronic check,76.79,629.93,Yes
CUST-03024,Female,1,Yes,Yes,24,Yes,No,DSL,No,No,Yes,No,No,No,Month-to-month,No,Mailed check,48.66,1173.18,No
CUST-03025,Male,0,Yes,No,32,Yes,No,Fiber optic,No,No,No,No,No,No,Month-to-month,Yes,Electronic check,54.28,1752.76,Yes
CUST-03026,Male,0,No,No,3,Yes,No,Fiber optic,No,No,No,Yes,Yes,No,Month-to-month,No,Bank transfer (automatic),73.65,255.71,Yes
CUST-03027,Male,0,No,No,33,Yes,No,Fiber optic,No,No,No,Yes,No,Yes,Month-to-month,No,Electronic check,70.89,2431.07,Yes
CUST-03028,Male,0,No,Yes,43,Yes,No,DSL,No,No,Yes,No,No,No,Month-to-month,No,Credit card (automatic),42.33,1831.37,Yes
CUST-03029,Male,0,Yes,Yes,12,Yes,Yes,Fiber optic,No,No,Yes,Yes,Yes,Yes,Month-to-month,No,Bank transfer (automatic),86.25,1009.41,Yes
CUST-03030,Male,0,Yes,No,32,Yes,Yes,No,No internet service,No internet service,No internet service,No internet service,No internet service,No internet service,Two year,No,Electronic check,28.88,955.09,No
CUST-03031,Male,0,Yes,No,20,Yes,No,DSL,No,No,Yes,No,No,No,Two year,No,Bank transfer (automatic),37.42,790.03,No
CUST-03032,Female,0,No,No,67,Yes,No,DSL,Yes,Yes,No,No,No,Yes,Month-to-month,Yes,Mailed check,55.84,3745.32,No
CUST-03033,Male,0,No,No,68,Yes,Yes,DSL,No,Yes,Yes,Yes,No,Yes,Month-to-month,Yes,Electronic check,71.19,4790.57,Yes
CUST-03034,Male,0,Yes,Yes,17,Yes,No,DSL,No,No,Yes,No,No,Yes,Month-to-month,Yes,Mailed check,60.44,1049.18,Yes
CUST-03035,Female,0,Yes,No,19,Yes,Yes,No,No internet service,No internet service,No internet service,No internet service,No internet service,No internet service,One year,Yes,Electronic check,28.96,516.43,No
CUST-03036,Male,0,No,Yes,4,Yes,No,Fiber optic,Yes,No,Yes,Yes,Yes,Yes,One year,No,Electronic check,95.11,380.53,Yes
CUST-03037,Male,0,No,No,17,Yes,Yes,DSL,Yes,No,No,No,No,No,Month-to-month,Yes,Electronic check,54.14,943.53,Yes
CUST-03038,Female,0,Yes,No,64,Yes,Yes,No,No internet service,No internet service,No internet service,No internet service,No internet service,No internet service,Two year,Yes,Mailed check,26.48,1675.89,No
CUST-03039,Male,1,No,Yes,22,No,No phone service,DSL,No,No,No,No,No,No,Month-to-month,No,Credit card (automatic),37.44,770.3,Yes
CUST-03040,Male,0,Yes,Yes,66,Yes,No,Fiber optic,No,No,Yes,Yes,Yes,No,Two year,No,Bank transfer (automatic),85.04,5753.2,No
CUST-03041,Male,0,No,No,42,Yes,No,Fiber optic,No,Yes,No,Yes,Yes,No,Month-to-month,Yes,Credit card (automatic),75.54,3116.25,No
CUST-03042,Female,0,No,No,45,Yes,No,DSL,No,No,Yes,Yes,No,Yes,Month-to-month,No,Bank transfer (automatic),60.88,2667.75,No
CUST-03043,Male,0,No,No,11,Yes,No,Fiber optic,No,No,No,No,Yes,Yes,Month-to-month,Yes,Credit card (automatic),70.14,760.9,Yes
CUST-03044,Male,0,Yes,No,53,Yes,No,DSL,Yes,No,No,No,Yes,No,Month-to-month,No,Bank transfer (automatic),60.19,3201.22,No
CUST-03045,Female,0,Yes,No,60,Yes,Yes,No,No internet service,No internet service,No internet service,No internet service,No internet service,No internet service,One year,No,Credit card (automatic),26.94,1616.34,No
CUST-03046,Male,0,No,No,29,No,No phone service,DSL,No,No,No,No,Yes,No,Two year,Yes,Credit card (automatic),49.49,1450.76,No
CUST-03047,Female,0,Yes,No,20,Yes,No,DSL,No,Yes,No,No,No,No,Month-to-month,No,Bank transfer (automatic),45.66,935.71,Yes
CUST-03048,Female,0,No,No,5,Yes,No,Fiber optic,No,Yes,No,No,No,No,Two year,No,Electronic check,55.36,257.88,No
CUST-03049,Male,0,No,Yes,25,Yes,No,No,No internet service,No internet service,No internet service,No internet service,No internet service,No internet service,Month-to-month,No,Credit card (automatic),21.52,589.58,No
CUST-03050,Female,0,No,Yes,34,Yes,Yes,Fiber optic,No,Yes,Yes,No,No,No,Month-to-month,Yes,Mailed check,72.08,2414.42,Yes
CUST-03051,Female,0,No,No,12,Yes,No,DSL,No,Yes,No,No,Yes,No,Month-to-month,No,Credit card (automatic),54.37,619.73,Yes
CUST-03052,Male,0,No,No,28,Yes,No,DSL,No,No,No,No,Yes,No,Month-to-month,Yes,Credit card (automatic),51.18,1417.02,Yes
CUST-03053,Female,0,No,No,6,Yes,Yes,DSL,No,No,Yes,No,No,Yes,Two year,No,Mailed check,57.51,289.59,No
CUST-03054,Female,1,Yes,Yes,19,Yes,No,Fiber optic,No,No,No,Yes,No,No,Month-to-month,No,Credit card (automatic),58.14,1132.48,Yes
CUST-03055,Male,0,Yes,Yes,12,No,No phone service,Fiber optic,No,No,No,No,Yes,No,One year,Yes,Electronic check,64.91,820.95,Yes
CUST-03056,Male,0,Yes,Yes,25,Yes,No,Fiber optic,No,Yes,No,No,Yes,No,Month-to-month,Yes,Mailed check,71.39,1772.95,No
CUST-03057,Male,0,Yes,Yes,13,Yes,Yes,Fiber optic,Yes,No,Yes,No,No,Yes,Two year,Yes,Electronic check,77.88,1032.22,Yes
CUST-03058,Female,1,No,No,3,Yes,Yes,DSL,No,Yes,Yes,Yes,Yes,No,Month-to-month,Yes,Electronic check,69.99,227.6,Yes
CUST-03059,Male,0,No,No,24,Yes,Yes,Fiber optic,No,No,No,No,No,No,Two year,Yes,Electronic check,60.48,1497.9,No
CUST-03060,Female,0,No,No,8,Yes,No,Fiber optic,Yes,No,No,No,No,Yes,One year,No,Bank transfer (automatic),62.99,597.28,Yes
CUST-03061,Female,1,No,No,45,Yes,Yes,DSL,Yes,Yes,Yes,No,No,No,One year,Yes,Bank transfer (automatic),61.06,2748.18,No
CUST-03062,Female,1,No,No,72,No,No phone service,Fiber optic,Yes,No,No,Yes,No,No,One year,Yes,Mailed check,57.62,4211.03,No
CUST-03063,Female,0,No,Yes,1,Yes,No,DSL,No,Yes,Yes,No,Yes,No,Month-to-month,No,Bank transfer (automatic),65.2,79.69,Yes
CUST-03064,Female,0,Yes,No,3,Yes,No,DSL,No,No,No,No,No,No,Month-to-month,No,Electronic check,35.55,90.31,No
CUST-03065,Female,0,No,No,65,Yes,Yes,No,No internet service,No internet service,No internet service,No internet service,No internet service,No internet service,Two year,No,Bank transfer (automatic),29.9,1879.07,No
CUST-03066,Female,0,Yes,Yes,15,Yes,Yes,No,No internet service,No internet service,No internet service,No internet service,No internet service,No internet service,Month-to-month,Yes,Credit card (automatic),32.67,537.26,Yes
CUST-03067,Male,0,No,No,50,Yes,Yes,Fiber optic,No,No,No,No,Yes,No,Month-to-month,No,Credit card (automatic),68.55,3472.86,Yes
CUST-03068,Male,0,Yes,No,20,Yes,No,DSL,Yes,No,No,No,Yes,No,Month-to-month,Yes,Credit card (automatic),60.4,1186.16,No
CUST-03069,Female,0,No,Yes,3,Yes,No,Fiber optic,Yes,Yes,Yes,No,No,Yes,Two year,Yes,Bank transfer (automatic),73.64,136.78,Yes
CUST-03070,Female,0,No,Yes,61,No,No phone service,DSL,No,No,Yes,No,No,No,Month-to-month,Yes,Mailed check,38.47,2383.95,No
CUST-03071,Male,0,No,No,15,Yes,No,DSL,No,No,No,No,Yes,No,Month-to-month,Yes,Electronic check,42.2,568.89,Yes
CUST-03072,Female,0,No,Yes,59,Yes,Yes,DSL,No,No,Yes,Yes,No,Yes,One year,No,Electronic check,66.91,3947.32,No
CUST-03073,Male,0,No,Yes,54,Yes,Yes,Fiber optic,No,No,No,Yes,No,Yes,Month-to-month,Yes,Electronic check,77.79,4222.87,No
CUST-03074,Male,0,Yes,No,60,Yes,Yes,No,No internet service,No internet service,No internet service,No internet service,No internet service,No internet service,One year,Yes,Electronic check,30.08,1921.51,No
CUST-03075,Male,1,Yes,No,37,Yes,No,No,No internet service,No internet service,No internet service,No internet service,No internet service,No internet service,Two year,Yes,Bank transfer (automatic),22.16,865.41,No
CUST-03076,Female,0,No,No,21,Yes,No,No,No internet service,No internet service,No internet service,No internet service,No internet service,No internet service,Two year,No,Bank transfer (automatic),33.04,600.17,No
CUST-03077,Female,0,Yes,No,23,Yes,No,DSL,Yes,Yes,Yes,Yes,No,No,Two year,Yes,Mailed check,62.66,1511.71,No
CUST-03078,Male,1,Yes,No,18,No,No phone service,Fiber optic,Yes,Yes,No,No,Yes,Yes,One year,No,Bank transfer (automatic),80.3,1389.11,No
CUST-03079,Male,0,No,No,17,Yes,No,No,No internet service,No internet service,No internet service,No internet service,No internet service,No internet service,Month-to-month,Yes,Mailed check,28.49,509.43,No
CUST-03080,Male,0,Yes,No,31,Yes,No,No,No internet service,No internet service,No internet service,No internet service,No internet service,No internet service,Month-to-month,Yes,Mailed check,21.03,616.51,No
CUST-03081,Male,1,Yes,No,64,Yes,Yes,DSL,No,No,No,Yes,Yes,Yes,Month-to-month,Yes,Electronic check,77.78,5009.11,Yes
CUST-03082,Male,0,Yes,Yes,48,Yes,No,No,No internet service,No internet service,No internet service,No internet service,No internet service,No internet service,One year,No,Mailed check,21.01,940.61,No
CUST-03083,Female,0,Yes,No,26,Yes,No,Fiber optic,Yes,No,No,No,Yes,Yes,Month-to-month,No,Mailed check,84.96,2241.56,Yes
CUST-03084,Male,0,No,No,22,Yes,Yes,DSL,No,Yes,No,No,No,Yes,One year,No,Electronic check,52.73,1165.37,Yes
CUST-03085,Female,0,No,No,45,Yes,No,DSL,Yes,No,No,No,No,No,Month-to-month,Yes,Electronic check,37.9,1724.35,Yes
CUST-03086,Male,0,No,No,36,Yes,No,DSL,Yes,Yes,Yes,No,Yes,No,Month-to-month,No,Bank transfer (automatic),58.71,2154.03,Yes
CUST-03087,Female,1,Yes,No,64,No,No phone service,Fiber optic,No,Yes,No,No,No,Yes,Month-to-month,Yes,Bank transfer (automatic),64.66,4219.75,No
CUST-03088,Female,0,No,No,35,Yes,Yes,DSL,No,No,Yes,Yes,No,No,Month-to-month,Yes,Electronic check,54.03,1892.77,No
CUST-03089,Female,0,Yes,Yes,27,Yes,No,Fiber optic,No,No,No,No,No,No,Month-to-month,Yes,Bank transfer (automatic),56.52,1569.21,Yes
CUST-03090,Female,0,No,No,68,Yes,No,No,No internet service,No internet service,No internet service,No internet service,No internet service,No internet service,One year,Yes,Credit card (automatic),23.21,1559.74,No
CUST-03091,Female,0,No,No,17,Yes,No,No,No internet service,No internet service,No internet service,No internet service,No internet service,No internet service,Month-to-month,No,Mailed check,27.02,475.33,No
CUST-03092,Female,0,No,Yes,70,Yes,Yes,Fiber optic,No,Yes,Yes,Yes,No,No,One year,No,Mailed check,74.05,5028.95,Yes
CUST-03093,Male,0,No,Yes,11,Yes,Yes,Fiber optic,No,No,Yes,No,No,Yes,Month-to-month,No,Mailed check,73.67,848.01,Yes
CUST-03094,Female,0,Yes,No,5,Yes,No,Fiber optic,No,No,No,No,Yes,No,Month-to-month,No,Electronic check,68.33,276.28,No
CUST-03095,Male,0,Yes,No,58,Yes,No,No,No internet service,No internet service,No internet service,No internet service,No internet service,No internet service,Month-to-month,Yes,Credit card (automatic),26.45,1510.71,No
CUST-03096,Female,0,No,Yes,57,Yes,No,No,No internet service,No internet service,No internet service,No internet service,No internet service,No internet service,Month-to-month,Yes,Credit card (automatic),18.92,1095.86,No
CUST-03097,Female,0,Yes,No,14,Yes,No,Fiber optic,No,No,No,No,No,Yes,Month-to-month,Yes,Mailed check,57.37,804.31,Yes
CUST-03098,Male,0,Yes,Yes,72,Yes,No,DSL,Yes,No,No,Yes,No,Yes,One year,Yes,Electronic check,54.13,3924.62,No
CUST-03099,Female,0,Yes,No,1,Yes,Yes,Fiber optic,No,Yes,No,No,No,Yes,Two year,Yes,Credit card (automatic),82.02,69.52,No
CUST-03100,Male,0,Yes,No,16,Yes,Yes,No,No internet service,No internet service,No internet service,No internet service,No internet service,No internet service,One year,Yes,Bank transfer (automatic),25.3,358.53,No
CUST-03101,Male,0,No,Yes,26,No,No phone service,No,No internet service,No internet service,No internet service,No internet service,No internet service,No internet service,One year,No,Credit card (automatic),24.57,645.56,No
CUST-03102,Male,0,No,Yes,49,Yes,Yes,Fiber optic,No,Yes,No,Yes,No,Yes,One year,Yes,Credit card (automatic),82.87,4035.91,Yes
CUST-03103,Male,0,Yes,No,42,Yes,No,Fiber optic,Yes,Yes,No,No,Yes,Yes,Two year,No,Electronic check,87.09,3620.02,No
CUST-03104,Female,1,Yes,No,70,Yes,No,DSL,Yes,Yes,Yes,No,No,Yes,Two year,Yes,Electronic check,62.53,4354.72,No
CUST-03105,Female,0,No,Yes,66,Yes,Yes,Fiber optic,Yes,No,No,No,Yes,Yes,Month-to-month,No,Mailed check,85.1,5539.4,No
CUST-03106,Male,0,No,No,53,Yes,Yes,Fiber optic,No,No,Yes,No,Yes,Yes,Month-to-month,Yes,Mailed check,82.65,4363.07,Yes
CUST-03107,Female,0,No,No,9,Yes,Yes,No,No internet service,No internet service,No internet service,No internet service,No internet service,No internet service,Two year,Yes,Electronic check,27.52,211.82,Yes
CUST-03108,Female,0,No,No,69,No,No phone service,No,No internet service,No internet service,No internet service,No internet service,No internet service,No internet service,Month-to-month,Yes,Bank transfer (automatic),24.54,1666.29,No
CUST-03109,Male,0,No,No,40,Yes,No,DSL,No,No,No,No,No,Yes,Two year,Yes,Bank transfer (automatic),47.65,1976.02,No
CUST-03110,Female,0,No,No,56,Yes,Yes,Fiber optic,Yes,Yes,No,No,No,Yes,Two year,Yes,Mailed check,71.71,3992.61,No
CUST-03111,Male,0,No,No,5,Yes,No,DSL,No,Yes,Yes,No,No,No,Month-to-month,Yes,Mailed check,44.7,261.92,No
CUST-03112,Male,1,Yes,Yes,56,Yes,No,DSL,No,Yes,No,No,Yes,Yes,Month-to-month,No,Mailed check,72.44,3947.6,Yes
CUST-03113,Female,1,No,No,72,Yes,No,DSL,No,No,No,No,Yes,No,Month-to-month,No,Credit card (automatic),45.02,3190.87,No
CUST-03114,Female,0,Yes,No,5,No,No phone service,No,No internet service,No internet service,No internet service,No internet service,No internet service,No internet service,Month-to-month,No,Mailed check,22.11,131.2,No
CUST-03115,Female,0,No,Yes,69,Yes,No,No,No internet service,No internet service,No internet service,No internet service,No internet service,No internet service,Month-to-month,No,Bank transfer (automatic),22.36,1544.87,No
CUST-03116,Male,0,No,No,52,Yes,No,Fiber optic,No,Yes,No,No,No,Yes,Month-to-month,No,Credit card (automatic),63.77,3288.34,Yes
CUST-03117,Male,0,No,Yes,33,Yes,Yes,Fiber optic,No,No,No,No,No,No,Month-to-month,Yes,Bank transfer (automatic),55.17,1795.8,No
CUST-03118,Female,0,Yes,No,22,Yes,Yes,No,No internet service,No internet service,No internet service,No internet service,No internet service,No internet service,Two year,Yes,Mailed check,41.99,973.43,No
CUST-03119,Female,0,No,No,15,Yes,No,Fiber optic,Yes,No,Yes,Yes,No,No,Month-to-month,No,Mailed check,68.54,1062.13,Yes
CUST-03120,Female,0,Yes,No,65,Yes,Yes,Fiber optic,No,No,No,No,No,No,One year,No,Electronic check,67.5,4463.84,No
CUST-03121,Female,0,Yes,No,71,No,No phone service,No,No internet service,No internet service,No internet service,No internet service,No internet service,No internet service,Month-to-month,No,Bank transfer (automatic),23.47,1637.03,No
CUST-03122,Male,0,Yes,Yes,23,Yes,Yes,Fiber optic,No,No,No,Yes,Yes,Yes,Month-to-month,Yes,Bank transfer (automatic),85.23,2043.4,No
CUST-03123,Female,0,Yes,No,6,No,No phone service,No,No internet service,No internet service,No internet service,No internet service,No internet service,No internet service,Month-to-month,Yes,Credit card (automatic),22.4,106.46,Yes
CUST-03124,Male,0,Yes,No,58,Yes,Yes,Fiber optic,No,No,Yes,Yes,No,No,Month-to-month,No,Mailed check,68.59,4007.63,No
CUST-03125,Male,0,No,Yes,26,No,No phone service,Fiber optic,No,Yes,No,Yes,Yes,No,Month-to-month,Yes,Bank transfer (automatic),80.01,2128.42,Yes
CUST-03126,Female,0,No,No,12,Yes,No,DSL,No,Yes,No,Yes,No,Yes,One year,No,Credit card (automatic),58.58,670.95,No
CUST-03127,Female,0,Yes,Yes,2,Yes,No,No,No internet service,No internet service,No internet service,No internet service,No internet service,No internet service,Two year,Yes,Bank transfer (automatic),23.23,36.3,No
CUST-03128,Female,1,Yes,No,32,Yes,Yes,DSL,No,Yes,No,No,Yes,No,One year,Yes,Credit card (automatic),60.44,1853.15,No
CUST-03129,Male,0,No,No,50,No,No phone service,No,No internet service,No internet service,No internet service,No internet service,No internet service,No internet service,Month-to-month,No,Mailed check,18.0,857.13,No
CUST-03130,Female,0,No,No,61,Yes,Yes,No,No internet service,No internet service,No internet service,No internet service,No internet service,No internet service,Two year,Yes,Electronic check,32.8,2020.51,No
CUST-03131,Female,0,Yes,Yes,11,Yes,No,No,No internet service,No internet service,No internet service,No internet service,No internet service,No internet service,One year,No,Credit card (automatic),21.24,252.39,No
CUST-03132,Male,0,No,No,68,Yes,Yes,Fiber optic,No,Yes,No,Yes,No,Yes,One year,No,Mailed check,80.94,5504.23,No
CUST-03133,Female,0,No,Yes,34,Yes,No,Fiber optic,No,No,No,No,No,Yes,Two year,No,Bank transfer (automatic),66.76,2171.77,No
CUST-03134,Male,0,Yes,No,8,Yes,Yes,No,No internet service,No internet service,No internet service,No internet service,No internet service,No internet service,Month-to-month,Yes,Mailed check,35.06,294.43,No
CUST-03135,Female,0,Yes,No,8,Yes,No,No,No internet service,No internet service,No internet service,No internet service,No internet service,No internet service,Month-to-month,Yes,Mailed check,29.68,233.3,Yes
CUST-03136,Male,0,No,No,15,Yes,No,No,No internet service,No internet service,No internet service,No internet service,No internet service,No internet service,Month-to-month,No,Electronic check,22.68,390.49,No
CUST-03137,Female,0,Yes,No,5,Yes,Yes,DSL,No,No,No,No,Yes,Yes,Two year,Yes,Bank transfer (automatic),67.06,349.76,No
CUST-03138,Female,0,No,No,19,Yes,No,Fiber optic,No,Yes,Yes,Yes,No,No,One year,Yes,Electronic check,69.53,1243.55,No
CUST-03139,Male,0,Yes,No,9,Yes,No,No,No internet service,No internet service,No internet service,No internet service,No internet service,No internet service,Two year,Yes,Mailed check,22.69,215.44,No
CUST-03140,Male,0,No,No,57,Yes,No,Fiber optic,No,No,No,No,Yes,No,One year,No,Mailed check,60.39,3467.78,Yes
CUST-03141,Female,0,No,Yes,54,Yes,No,DSL,No,Yes,No,No,Yes,Yes,Month-to-month,Yes,Bank transfer (automatic),62.88,3296.03,No
CUST-03142,Male,0,Yes,No,29,Yes,Yes,Fiber optic,No,No,Yes,Yes,No,No,Month-to-month,Yes,Bank transfer (automatic),65.8,1973.9,Yes
CUST-03143,Male,0,No,No,19,Yes,No,DSL,No,No,Yes,No,No,Yes,Two year,Yes,Credit card (automatic),54.43,1020.87,No
CUST-03144,Male,0,No,Yes,46,No,No phone service,No,No internet service,No internet service,No internet service,No internet service,No internet service,No internet service,Two year,No,Bank transfer (automatic),32.72,1496.95,No
CUST-03145,Male,0,No,No,62,Yes,Yes,Fiber optic,Yes,No,No,No,No,Yes,Month-to-month,No,Credit card (automatic),78.25,4838.35,No
CUST-03146,Female,1,No,No,60,Yes,Yes,Fiber optic,Yes,No,No,Yes,No,Yes,Month-to-month,Yes,Electronic check,79.56,4781.55,Yes
CUST-03147,Female,0,Yes,Yes,5,Yes,Yes,Fiber optic,Yes,No,Yes,No,Yes,Yes,Month-to-month,Yes,Mailed check,90.0,474.3,Yes
CUST-03148,Male,0,No,No,33,Yes,Yes,No,No internet service,No internet service,No internet service,No internet service,No internet service,No internet service,Month-to-month,Yes,Credit card (automatic),30.07,1039.1,No
CUST-03149,Male,0,Yes,No,55,Yes,No,DSL,No,Yes,No,No,Yes,Yes,Month-to-month,Yes,Electronic check,67.2,3641.71,Yes
CUST-03150,Male,0,Yes,No,19,Yes,No,DSL,No,No,Yes,Yes,Yes,No,Month-to-month,No,Bank transfer (automatic),64.55,1297.42,Yes
CUST-03151,Male,1,Yes,Yes,17,Yes,No,Fiber optic,No,No,No,No,No,Yes,One year,No,Electronic check,67.21,1201.01,No
CUST-03152,Female,0,Yes,Yes,42,Yes,No,Fiber optic,Yes,Yes,No,No,Yes,No,Month-to-month,Yes,Mailed check,76.8,3256.87,Yes
CUST-03153,Female,0,Yes,Yes,22,Yes,No,No,No internet service,No internet service,No internet service,No internet service,No internet service,No internet service,Two year,No,Mailed check,22.55,492.21,Yes
CUST-03154,Male,0,No,No,39,Yes,Yes,DSL,No,No,No,No,No,No,Two year,Yes,Credit card (automatic),48.59,1884.48,No
CUST-03155,Male,0,No,No,27,Yes,Yes,Fiber optic,No,Yes,No,No,No,No,Month-to-month,Yes,Bank transfer (automatic),63.15,1752.21,Yes
CUST-03156,Male,0,Yes,No,46,Yes,No,Fiber optic,No,No,No,No,No,No,Month-to-month,Yes,Electronic check,48.71,2305.21,No
CUST-03157,Female,1,Yes,No,28,Yes,No,Fiber optic,Yes,No,No,No,No,No,One year,No,Electronic check,63.93,1801.73,Yes
CUST-03158,Male,0,No,Yes,52,Yes,Yes,No,No internet service,No internet service,No internet service,No internet service,No internet service,No internet service,Two year,Yes,Mailed check,29.17,1454.2,No
CUST-03159,Female,0,Yes,No,65,Yes,Yes,DSL,No,No,No,No,Yes,No,Month-to-month,No,Mailed check,53.51,3499.87,Yes
CUST-03160,Male,1,Yes,No,39,Yes,Yes,Fiber optic,No,Yes,No,No,Yes,No,One year,No,Credit card (automatic),78.45,3010.51,No
CUST-03161,Female,0,No,No,18,Yes,No,No,No internet service,No internet service,No internet service,No internet service,No internet service,No internet service,Two year,Yes,Credit card (automatic),22.61,364.33,No
CUST-03162,Male,0,Yes,No,22,Yes,No,DSL,Yes,Yes,Yes,Yes,No,Yes,One year,No,Mailed check,66.1,1540.47,No
CUST-03163,Female,0,Yes,No,68,Yes,Yes,Fiber optic,No,Yes,Yes,No,No,Yes,One year,Yes,Bank transfer (automatic),78.06,5282.68,No
CUST-03164,Male,0,No,No,11,Yes,No,DSL,No,No,No,Yes,No,No,Two year,No,Mailed check,46.51,543.73,No
CUST-03165,Male,0,No,Yes,64,Yes,No,Fiber optic,No,No,Yes,Yes,Yes,Yes,One year,No,Electronic check,78.96,5051.29,No
CUST-03166,Male,0,Yes,No,71,No,No phone service,DSL,Yes,Yes,Yes,Yes,No,No,Month-to-month,Yes,Mailed check,60.38,4302.16,No
CUST-03167,Female,0,No,No,57,Yes,No,Fiber optic,No,No,Yes,No,No,No,Two year,No,Credit card (automatic),61.36,3531.48,No
CUST-03168,Male,0,No,Yes,35,Yes,No,Fiber optic,No,Yes,Yes,No,No,Yes,Month-to-month,Yes,Mailed check,75.25,2628.8,Yes
CUST-03169,Female,0,Yes,No,37,Yes,Yes,Fiber optic,No,No,No,No,Yes,Yes,Two year,Yes,Mailed check,84.6,3118.15,No
CUST-03170,Female,0,Yes,Yes,50,Yes,No,Fiber optic,No,No,No,Yes,No,Yes,One year,No,Electronic check,68.21,3390.44,No
CUST-03171,Male,0,Yes,Yes,30,Yes,Yes,Fiber optic,No,No,Yes,No,No,Yes,One year,Yes,Bank transfer (automatic),78.28,2368.07,No
CUST-03172,Male,0,Yes,No,17,Yes,No,No,No internet service,No internet service,No internet service,No internet service,No internet service,No internet service,One year,Yes,Mailed check,28.4,498.24,No
CUST-03173,Male,0,Yes,Yes,33,Yes,Yes,DSL,No,No,No,Yes,Yes,Yes,One year,No,Bank transfer (automatic),76.15,2551.4,No
CUST-03174,Female,0,Yes,No,16,Yes,Yes,Fiber optic,Yes,Yes,No,Yes,No,No,Month-to-month,No,Credit card (automatic),79.22,1223.98,Yes
CUST-03175,Male,0,Yes,No,15,Yes,No,Fiber optic,No,No,No,No,Yes,No,Two year,Yes,Electronic check,62.86,964.37,Yes
CUST-03176,Female,0,No,Yes,13,Yes,No,DSL,No,No,No,No,No,No,One year,No,Credit card (automatic),46.41,654.57,No
CUST-03177,Female,0,No,No,3,Yes,Yes,Fiber optic,Yes,No,No,No,No,No,One year,No,Electronic check,62.62,205.64,Yes
CUST-03178,Male,0,No,No,24,No,No phone service,DSL,No,Yes,No,Yes,No,Yes,One year,Yes,Credit card (automatic),64.79,1528.58,No
CUST-03179,Male,0,No,Yes,23,Yes,No,Fiber optic,No,No,No,Yes,Yes,No,Month-to-month,Yes,Bank transfer (automatic),60.77,1394.45,Yes
CUST-03180,Male,0,No,No,59,Yes,Yes,DSL,No,No,No,No,Yes,No,Two year,Yes,Mailed check,43.93,2675.01,No
CUST-03181,Male,0,No,No,55,Yes,Yes,No,No internet service,No internet service,No internet service,No internet service,No internet service,No internet service,Month-to-month,Yes,Mailed check,32.5,1792.31,No
CUST-03182,Male,0,Yes,Yes,65,Yes,No,Fiber optic,Yes,No,No,No,No,No,Month-to-month,Yes,Electronic check,61.51,3894.06,Yes
CUST-03183,Male,0,Yes,No,32,Yes,Yes,DSL,No,Yes,No,No,Yes,No,Month-to-month,Yes,Bank transfer (automatic),64.81,2039.71,No
CUST-03184,Female,1,No,Yes,60,Yes,No,Fiber optic,Yes,Yes,No,No,Yes,Yes,Month-to-month,No,Credit card (automatic),85.59,5106.94,No
CUST-03185,Female,0,Yes,Yes,30,No,No phone service,No,No internet service,No internet service,No internet service,No internet service,No internet service,No internet service,Two year,No,Bank transfer (automatic),19.79,627.1,No
CUST-03186,Female,0,Yes,No,66,Yes,Yes,Fiber optic,No,No,No,Yes,No,Yes,Two year,Yes,Electronic check,77.06,5011.83,Yes
CUST-03187,Male,0,No,Yes,18,Yes,Yes,No,No internet service,No internet service,No internet service,No internet service,No internet service,No internet service,Two year,Yes,Bank transfer (automatic),26.76,484.97,No
CUST-03188,Female,0,No,No,59,Yes,Yes,DSL,No,Yes,No,No,No,Yes,Month-to-month,No,Electronic check,62.1,3686.97,No
CUST-03189,Female,0,No,No,53,Yes,No,Fiber optic,No,No,No,No,Yes,No,One year,No,Electronic check,69.07,3715.79,No
CUST-03190,Female,0,Yes,Yes,64,Yes,No,DSL,No,Yes,No,Yes,No,Yes,Month-to-month,Yes,Bank transfer (automatic),63.01,4089.07,No
CUST-03191,Female,0,Yes,No,30,Yes,Yes,DSL,Yes,No,No,Yes,No,No,One year,Yes,Electronic check,61.98,1896.14,No
CUST-03192,Female,0,No,No,18,Yes,Yes,Fiber optic,No,No,No,No,No,No,Month-to-month,No,Mailed check,57.76,1037.84,Yes
CUST-03193,Male,0,Yes,No,5,No,No phone service,Fiber optic,No,No,No,No,No,No,One year,No,Mailed check,55.88,267.3,Yes
CUST-03194,Male,0,Yes,No,69,Yes,Yes,Fiber optic,Yes,Yes,No,No,No,Yes,One year,Yes,Electronic check,80.94,5626.03,No
CUST-03195,Female,0,No,Yes,8,Yes,No,Fiber optic,No,Yes,Yes,Yes,No,No,Two year,Yes,Credit card (automatic),59.12,347.63,No
CUST-03196,Female,0,No,No,9,No,No phone service,No,No internet service,No internet service,No internet service,No internet service,No internet service,No internet service,Two year,No,Credit card (automatic),32.17,242.02,No
CUST-03197,Female,0,No,No,32,Yes,Yes,DSL,Yes,Yes,No,No,Yes,No,One year,No,Mailed check,72.45,2286.6,No
CUST-03198,Male,0,No,Yes,14,Yes,Yes,DSL,No,No,No,No,Yes,Yes,Month-to-month,Yes,Mailed check,61.11,852.12,Yes
CUST-03199,Male,0,Yes,No,13,Yes,Yes,Fiber optic,Yes,No,Yes,No,No,No,Month-to-month,No,Electronic check,72.84,1045.51,Yes
CUST-03200,Female,1,Yes,No,18,Yes,No,Fiber optic,No,No,No,No,Yes,Yes,Two year,No,Mailed check,73.14,1237.52,No
CUST-03201,Male,1,Yes,No,68,Yes,Yes,Fiber optic,Yes,Yes,No,Yes,No,No,Month-to-month,Yes,Mailed check,68.69,4639.9,No
CUST-03202,Male,0,No,No,22,Yes,Yes,Fiber optic,No,No,Yes,Yes,No,No,Month-to-month,No,Credit card (automatic),70.54,1535.71,Yes
CUST-03203,Female,0,No,Yes,20,Yes,No,Fiber optic,No,No,No,No,Yes,No,Month-to-month,Yes,Bank transfer (automatic),73.18,1463.28,Yes
CUST-03204,Male,0,Yes,Yes,15,Yes,No,DSL,No,No,No,No,No,No,Month-to-month,Yes,Electronic check,37.3,567.7,Yes
CUST-03205,Male,0,No,Yes,7,Yes,No,No,No internet service,No internet service,No internet service,No internet service,No internet service,No internet service,Month-to-month,Yes,Electronic check,24.37,154.54,Yes
CUST-03206,Female,0,Yes,No,30,Yes,Yes,DSL,Yes,Yes,No,No,Yes,No,Two year,Yes,Electronic check,65.36,1923.67,No
CUST-03207,Male,0,No,Yes,5,Yes,Yes,Fiber optic,No,No,No,No,No,No,Two year,No,Electronic check,66.8,285.59,No
CUST-03208,Male,1,No,No,1,Yes,No,DSL,Yes,No,Yes,Yes,Yes,No,Month-to-month,Yes,Electronic check,66.26,18.0,Yes
CUST-03209,Female,0,Yes,No,60,Yes,No,DSL,No,Yes,No,No,No,No,Two year,Yes,Mailed check,45.74,2720.1,No
CUST-03210,Male,0,Yes,Yes,31,Yes,No,DSL,No,No,No,No,Yes,Yes,Two year,Yes,Bank transfer (automatic),62.21,1883.61,No
CUST-03211,Male,0,Yes,No,20,Yes,Yes,Fiber optic,No,Yes,No,No,No,Yes,Month-to-month,Yes,Credit card (automatic),77.91,1514.9,Yes
CUST-03212,Female,0,Yes,No,64,Yes,Yes,Fiber optic,No,Yes,No,No,No,No,Month-to-month,Yes,Mailed check,67.9,4245.46,No
CUST-03213,Female,0,Yes,Yes,64,Yes,No,No,No internet service,No internet service,No internet service,No internet service,No internet service,No internet service,Month-to-month,No,Credit card (automatic),19.72,1295.17,No
CUST-03214,Female,0,No,Yes,29,Yes,No,Fiber optic,No,No,No,Yes,Yes,Yes,Month-to-month,Yes,Electronic check,75.39,2145.51,No
CUST-03215,Male,0,Yes,Yes,10,Yes,Yes,DSL,No,Yes,Yes,No,Yes,Yes,Month-to-month,Yes,Electronic check,74.02,816.83,Yes
CUST-03216,Female,0,No,Yes,29,Yes,No,Fiber optic,No,No,Yes,No,No,Yes,Month-to-month,No,Mailed check,71.51,2118.3,Yes
CUST-03217,Male,1,Yes,No,31,Yes,Yes,DSL,Yes,No,Yes,No,Yes,No,Month-to-month,No,Mailed check,69.17,2130.09,Yes
CUST-03218,Female,0,Yes,No,30,Yes,No,DSL,No,No,Yes,Yes,No,No,Month-to-month,No,Electronic check,50.49,1560.27,Yes
CUST-03219,Male,0,Yes,No,25,Yes,No,No,No internet service,No internet service,No internet service,No internet service,No internet service,No internet service,Month-to-month,No,Electronic check,22.72,545.9,No
CUST-03220,Female,0,No,No,58,Yes,No,Fiber optic,No,Yes,Yes,No,Yes,No,Month-to-month,Yes,Electronic check,71.52,4180.87,Yes
CUST-03221,Female,0,Yes,Yes,57,Yes,No,Fiber optic,Yes,No,No,No,No,No,Two year,No,Electronic check,53.85,3115.19,No
CUST-03222,Female,0,No,No,63,Yes,Yes,No,No internet service,No internet service,No internet service,No internet service,No internet service,No internet service,Month-to-month,Yes,Electronic check,32.8,2079.13,No
CUST-03223,Female,1,No,Yes,37,Yes,Yes,DSL,Yes,No,No,No,Yes,Yes,One year,No,Mailed check,60.83,2154.18,No
CUST-03224,Male,0,No,Yes,58,Yes,No,No,No internet service,No internet service,No internet service,No internet service,No internet service,No internet service,Month-to-month,Yes,Electronic check,21.24,1229.71,No
CUST-03225,Female,1,No,No,28,Yes,Yes,No,No internet service,No internet service,No internet service,No internet service,No internet service,No internet service,Month-to-month,No,Mailed check,36.38,958.7,No
CUST-03226,Female,0,Yes,No,27,Yes,No,No,No internet service,No internet service,No internet service,No internet service,No internet service,No internet service,Two year,No,Electronic check,22.64,634.56,No
CUST-03227,Male,0,No,No,70,Yes,No,DSL,No,No,Yes,Yes,No,No,Two year,Yes,Mailed check,50.78,3608.37,No
CUST-03228,Female,1,No,No,37,Yes,Yes,No,No internet service,No internet service,No internet service,No internet service,No internet service,No internet service,Month-to-month,Yes,Bank transfer (automatic),34.71,1209.32,No
CUST-03229,Male,0,No,No,6,Yes,No,DSL,Yes,No,Yes,No,No,Yes,Two year,Yes,Credit card (automatic),58.35,241.5,No
CUST-03230,Female,0,Yes,No,62,Yes,Yes,Fiber optic,Yes,No,Yes,No,Yes,No,Month-to-month,No,Credit card (automatic),80.31,4931.05,Yes
CUST-03231,Female,0,No,No,33,Yes,Yes,DSL,No,No,No,Yes,Yes,Yes,Month-to-month,Yes,Bank transfer (automatic),63.33,2009.53,No
CUST-03232,Female,0,Yes,No,40,Yes,No,No,No internet service,No internet service,No internet service,No internet service,No internet service,No internet service,Two year,No,Credit card (automatic),31.47,1304.04,No
CUST-03233,Male,0,Yes,No,41,Yes,No,Fiber optic,No,Yes,No,No,Yes,Yes,Month-to-month,Yes,Mailed check,82.93,3416.01,Yes
CUST-03234,Female,1,No,Yes,42,Yes,Yes,Fiber optic,No,No,Yes,No,Yes,No,Month-to-month,No,Bank transfer (automatic),79.44,3223.68,No
CUST-03235,Female,0,No,No,9,Yes,Yes,No,No internet service,No internet service,No internet service,No internet service,No internet service,No internet service,Two year,Yes,Credit card (automatic),33.21,315.82,No
CUST-03236,Female,0,No,No,18,Yes,No,DSL,Yes,Yes,No,No,No,No,Month-to-month,Yes,Bank transfer (automatic),54.27,949.24,No
CUST-03237,Male,1,No,No,15,No,No phone service,Fiber optic,No,Yes,No,Yes,Yes,Yes,One year,Yes,Electronic check,92.69,1380.73,No
CUST-03238,Male,0,Yes,No,4,Yes,No,DSL,No,Yes,Yes,No,No,No,Month-to-month,No,Credit card (automatic),48.36,259.19,No
CUST-03239,Female,0,Yes,No,34,Yes,No,DSL,No,Yes,No,Yes,No,No,Month-to-month,No,Mailed check,58.24,1987.6,No
CUST-03240,Male,0,No,Yes,62,Yes,Yes,Fiber optic,No,Yes,No,Yes,No,Yes,Month-to-month,No,Electronic check,76.88,4729.76,Yes
CUST-03241,Female,0,Yes,Yes,38,Yes,No,Fiber optic,Yes,No,No,No,No,No,Month-to-month,Yes,Credit card (automatic),58.94,2303.41,Yes
CUST-03242,Female,0,No,No,71,Yes,Yes,DSL,Yes,Yes,Yes,Yes,Yes,Yes,Month-to-month,No,Mailed check,80.29,5701.39,No
CUST-03243,Female,1,Yes,No,23,Yes,No,Fiber optic,No,No,No,No,No,No,Month-to-month,Yes,Bank transfer (automatic),51.49,1184.99,Yes
CUST-03244,Female,0,Yes,No,20,Yes,Yes,Fiber optic,Yes,No,No,No,Yes,No,Two year,No,Credit card (automatic),85.21,1646.42,No
CUST-03245,Female,0,No,No,56,Yes,Yes,No,No internet service,No internet service,No internet service,No internet service,No internet service,No internet service,Two year,No,Electronic check,28.88,1619.45,No
CUST-03246,Female,0,Yes,No,53,Yes,No,No,No internet service,No internet service,No internet service,No internet service,No internet service,No internet service,Two year,Yes,Bank transfer (automatic),21.17,1122.24,No
CUST-03247,Female,0,No,Yes,2,Yes,No,Fiber optic,No,No,No,Yes,No,No,Month-to-month,No,Electronic check,56.59,150.07,No
CUST-03248,Male,0,Yes,No,21,Yes,No,No,No internet service,No internet service,No internet service,No internet service,No internet service,No internet service,Month-to-month,No,Bank transfer (automatic),23.52,607.44,No
CUST-03249,Male,0,Yes,No,42,Yes,Yes,No,No internet service,No internet service,No internet service,No internet service,No internet service,No internet service,Month-to-month,Yes,Mailed check,29.91,1250.62,Yes
CUST-03250,Male,0,No,No,57,Yes,No,Fiber optic,Yes,No,No,Yes,No,No,Month-to-month,Yes,Credit card (automatic),62.5,3581.56,Yes
CUST-03251,Male,0,Yes,No,49,No,No phone service,No,No internet service,No internet service,No internet service,No internet service,No internet service,No internet service,Month-to-month,Yes,Credit card (automatic),26.13,1222.94,No
CUST-03252,Male,0,No,No,10,No,No phone service,No,No internet service,No internet service,No internet service,No internet service,No internet service,No internet service,Month-to-month,No,Bank transfer (automatic),18.42,219.55,No
CUST-03253,Male,0,Yes,No,72,Yes,Yes,DSL,Yes,No,No,No,Yes,No,One year,No,Bank transfer (automatic),58.56,4107.54,No
CUST-03254,Male,0,Yes,No,61,Yes,No,Fiber optic,No,No,No,No,Yes,Yes,One year,Yes,Electronic check,71.94,4377.5,No
CUST-03255,Female,0,No,No,21,Yes,Yes,DSL,No,No,No,No,No,No,Month-to-month,Yes,Mailed check,44.89,889.28,No
CUST-03256,Female,0,No,No,60,Yes,Yes,Fiber optic,No,No,Yes,No,Yes,No,Month-to-month,No,Electronic check,77.56,4684.79,Yes
CUST-03257,Female,0,Yes,No,13,Yes,No,Fiber optic,Yes,Yes,No,No,Yes,No,Month-to-month,Yes,Electronic check,74.08,926.87,Yes
CUST-03258,Female,0,No,Yes,48,Yes,No,No,No internet service,No internet service,No internet service,No internet service,No internet service,No internet service,Two year,Yes,Mailed check,26.48,1244.09,No
CUST-03259,Male,0,No,No,40,Yes,Yes,Fiber optic,No,No,No,Yes,No,No,One year,Yes,Electronic check,69.38,2729.05,No
CUST-03260,Male,0,Yes,No,63,No,No phone service,Fiber optic,No,No,No,Yes,No,No,Month-to-month,No,Electronic check,57.39,3535.84,Yes
CUST-03261,Female,0,Yes,Yes,9,Yes,Yes,DSL,No,No,No,Yes,No,No,Month-to-month,Yes,Electronic check,51.21,519.1,No
CUST-03262,Female,0,No,No,57,Yes,No,DSL,No,Yes,No,No,No,No,Two year,No,Electronic check,47.07,2649.03,No
CUST-03263,Male,0,Yes,No,51,Yes,No,Fiber optic,No,No,No,Yes,No,No,Two year,No,Electronic check,62.77,3197.52,No
CUST-03264,Female,0,Yes,Yes,40,Yes,No,No,No internet service,No internet service,No internet service,No internet service,No internet service,No internet service,One year,No,Electronic check,20.43,871.06,No
CUST-03265,Female,0,No,Yes,64,Yes,No,Fiber optic,No,Yes,No,No,No,Yes,Month-to-month,No,Mailed check,75.62,4683.44,Yes
CUST-03266,Female,1,Yes,No,70,Yes,Yes,No,No internet service,No internet service,No internet service,No internet service,No internet service,No internet service,One year,Yes,Electronic check,33.77,2344.34,No
CUST-03267,Female,1,No,Yes,64,Yes,No,No,No internet service,No internet service,No internet service,No internet service,No internet service,No internet service,One year,Yes,Mailed check,21.63,1449.58,No
CUST-03268,Male,0,No,No,25,Yes,No,DSL,No,Yes,No,No,No,No,One year,Yes,Electronic check,47.51,1195.3,No
CUST-03269,Female,0,No,No,28,Yes,Yes,DSL,Yes,No,Yes,No,No,Yes,Two year,No,Electronic check,61.05,1705.55,No
CUST-03270,Female,0,No,No,10,Yes,Yes,Fiber optic,Yes,Yes,No,No,Yes,Yes,Month-to-month,Yes,Credit card (automatic),90.29,857.94,Yes
CUST-03271,Male,0,Yes,Yes,28,Yes,No,DSL,Yes,No,No,No,No,No,Month-to-month,Yes,Electronic check,47.79,1324.17,No
CUST-03272,Male,0,Yes,No,36,Yes,No,DSL,No,No,Yes,No,Yes,No,Month-to-month,Yes,Electronic check,55.22,1981.39,Yes
CUST-03273,Female,0,Yes,No,11,Yes,Yes,DSL,No,No,Yes,No,Yes,No,Month-to-month,No,Bank transfer (automatic),63.21,700.85,Yes
CUST-03274,Male,0,No,Yes,21,Yes,No,DSL,Yes,Yes,No,No,No,No,Two year,No,Electronic check,49.42,1092.11,No
CUST-03275,Female,0,Yes,No,26,Yes,Yes,Fiber optic,No,Yes,No,Yes,No,Yes,Month-to-month,Yes,Bank transfer (automatic),80.18,2081.63,Yes
CUST-03276,Female,1,Yes,No,18,Yes,No,Fiber optic,No,No,Yes,Yes,No,Yes,Month-to-month,Yes,Mailed check,79.42,1461.39,Yes
CUST-03277,Male,0,No,Yes,68,Yes,No,DSL,No,Yes,No,No,Yes,No,Two year,No,Bank transfer (automatic),51.61,3561.07,No
CUST-03278,Female,0,No,No,41,Yes,No,DSL,No,Yes,Yes,Yes,No,No,Two year,No,Electronic check,59.44,2499.59,No
CUST-03279,Female,0,Yes,No,15,Yes,Yes,Fiber optic,Yes,Yes,No,Yes,No,No,Month-to-month,Yes,Bank transfer (automatic),75.1,1137.17,Yes
CUST-03280,Female,0,Yes,Yes,23,Yes,No,Fiber optic,No,No,No,No,No,No,One year,Yes,Credit card (automatic),59.12,1360.2,Yes
CUST-03281,Female,0,No,No,41,No,No phone service,No,No internet service,No internet service,No internet service,No internet service,No internet service,No internet service,Month-to-month,Yes,Credit card (automatic),23.15,937.82,No
CUST-03282,Male,0,No,No,6,Yes,Yes,DSL,No,No,No,No,Yes,No,Month-to-month,Yes,Bank transfer (automatic),50.78,322.31,Yes
CUST-03283,Male,0,Yes,Yes,71,Yes,No,DSL,No,Yes,Yes,Yes,No,Yes,Two year,Yes,Electronic check,65.66,4649.07,No
CUST-03284,Female,0,Yes,Yes,60,Yes,No,Fiber optic,No,No,No,No,Yes,No,Month-to-month,No,Credit card (automatic),56.69,3390.46,Yes
CUST-03285,Male,0,No,Yes,52,Yes,No,DSL,Yes,No,No,No,No,No,Two year,No,Credit card (automatic),41.2,2160.72,Yes
CUST-03286,Female,1,No,Yes,9,Yes,No,Fiber optic,No,No,No,No,No,No,Month-to-month,Yes,Electronic check,56.05,507.77,Yes
CUST-03287,Female,0,No,Yes,30,Yes,No,No,No internet service,No internet service,No internet service,No internet service,No internet service,No internet service,Month-to-month,Yes,Credit card (automatic),19.53,593.27,No
CUST-03288,Female,0,Yes,No,44,Yes,No,DSL,Yes,No,No,No,No,No,Month-to-month,No,Electronic check,46.14,2044.53,No
CUST-03289,Female,0,Yes,Yes,62,Yes,Yes,DSL,No,No,No,No,No,No,Two year,No,Mailed check,48.48,3041.49,No
CUST-03290,Female,0,No,No,43,Yes,No,DSL,No,No,No,Yes,Yes,Yes,One year,No,Credit card (automatic),63.58,2748.39,No
CUST-03291,Male,0,Yes,No,28,Yes,No,DSL,Yes,No,No,No,Yes,No,Two year,Yes,Credit card (automatic),54.4,1496.48,No
CUST-03292,Female,0,Yes,No,8,Yes,No,DSL,No,Yes,No,No,Yes,No,Month-to-month,Yes,Mailed check,62.76,565.31,Yes
CUST-03293,Male,0,Yes,No,51,Yes,No,DSL,No,Yes,No,No,No,No,Month-to-month,No,Credit card (automatic),43.19,2214.06,Yes
CUST-03294,Male,0,No,No,30,No,No phone service,Fiber optic,No,No,Yes,No,Yes,No,Two year,No,Electronic check,71.67,2192.95,No
CUST-03295,Female,0,No,Yes,11,No,No phone service,DSL,No,No,No,No,Yes,No,Month-to-month,Yes,Bank transfer (automatic),41.46,454.86,Yes
CUST-03296,Female,0,No,Yes,20,Yes,No,DSL,No,Yes,No,Yes,No,No,Month-to-month,No,Mailed check,48.18,1025.58,Yes
CUST-03297,Female,1,No,Yes,31,No,No phone service,Fiber optic,No,No,No,Yes,No,Yes,One year,Yes,Mailed check,67.47,2092.57,Yes
CUST-03298,Female,0,No,No,34,Yes,No,Fiber optic,No,No,No,Yes,No,Yes,Month-to-month,Yes,Electronic check,63.23,2121.59,Yes
CUST-03299,Female,0,No,No,12,Yes,No,Fiber optic,Yes,No,No,No,No,No,Two year,No,Electronic check,59.94,765.29,No
CUST-03300,Male,0,Yes,No,48,No,No phone service,Fiber optic,No,No,Yes,No,No,Yes,Two year,No,Bank transfer (automatic),69.09,3237.8,No
CUST-03301,Female,1,Yes,No,28,Yes,No,Fiber optic,No,Yes,No,Yes,No,No,One year,No,Bank transfer (automatic),66.7,1915.6,No
CUST-03302,Female,0,No,No,67,Yes,Yes,Fiber optic,No,No,No,No,Yes,Yes,Month-to-month,Yes,Bank transfer (automatic),74.94,5112.45,Yes
CUST-03303,Male,0,Yes,Yes,63,Yes,No,Fiber optic,No,No,Yes,Yes,Yes,Yes,Month-to-month,Yes,Mailed check,85.89,5439.62,Yes
CUST-03304,Male,0,No,No,48,Yes,No,DSL,Yes,No,No,Yes,Yes,No,One year,Yes,Bank transfer (automatic),62.69,3039.82,No
CUST-03305,Female,0,Yes,No,42,Yes,No,No,No internet service,No internet service,No internet service,No internet service,No internet service,No internet service,Month-to-month,No,Mailed check,20.41,918.1,No
CUST-03306,Male,0,Yes,Yes,52,Yes,No,DSL,No,Yes,Yes,No,No,No,Two year,Yes,Bank transfer (automatic),56.66,2941.4,No
CUST-03307,Female,0,No,Yes,5,Yes,No,No,No internet service,No internet service,No internet service,No internet service,No internet service,No internet service,Month-to-month,Yes,Electronic check,25.07,141.22,No
CUST-03308,Male,1,No,No,12,Yes,No,Fiber optic,No,No,No,No,Yes,No,Month-to-month,Yes,Mailed check,68.61,898.82,Yes
CUST-03309,Male,0,No,No,59,No,No phone service,Fiber optic,Yes,No,No,Yes,No,No,One year,No,Electronic check,72.47,4169.93,No
CUST-03310,Female,1,No,No,65,Yes,No,Fiber optic,No,No,Yes,Yes,Yes,No,Month-to-month,Yes,Credit card (automatic),75.87,4935.13,Yes
CUST-03311,Male,0,Yes,No,52,Yes,No,Fiber optic,No,Yes,No,No,No,Yes,One year,Yes,Credit card (automatic),69.55,3739.51,No
CUST-03312,Male,0,Yes,No,43,Yes,No,Fiber optic,Yes,No,No,No,No,No,Two year,Yes,Mailed check,59.7,2519.36,No
CUST-03313,Male,1,No,No,63,Yes,Yes,Fiber optic,No,No,No,No,Yes,No,Month-to-month,Yes,Mailed check,69.85,4365.17,Yes
CUST-03314,Male,0,Yes,Yes,50,Yes,No,DSL,No,No,Yes,Yes,No,Yes,Month-to-month,Yes,Mailed check,57.78,2920.26,No
CUST-03315,Male,0,Yes,No,39,Yes,No,DSL,No,Yes,No,No,No,No,Month-to-month,Yes,Electronic check,46.48,1825.54,No
CUST-03316,Male,0,Yes,No,42,Yes,No,DSL,Yes,No,No,No,No,Yes,One year,Yes,Electronic check,55.76,2355.24,No
CUST-03317,Female,0,Yes,Yes,17,Yes,Yes,DSL,No,Yes,No,Yes,No,Yes,Two year,Yes,Credit card (automatic),65.4,1161.95,No
CUST-03318,Female,0,No,No,43,Yes,Yes,DSL,No,No,No,Yes,Yes,Yes,Two year,No,Electronic check,64.29,2722.65,No
CUST-03319,Male,0,No,No,49,Yes,Yes,No,No internet service,No internet service,No internet service,No internet service,No internet service,No internet service,Month-to-month,Yes,Credit card (automatic),38.81,1894.43,No
CUST-03320,Female,0,No,No,5,Yes,No,Fiber optic,Yes,Yes,No,No,No,Yes,Month-to-month,No,Electronic check,74.81,401.94,Yes
CUST-03321,Female,0,No,No,1,Yes,Yes,Fiber optic,Yes,No,Yes,Yes,No,Yes,Two year,Yes,Bank transfer (automatic),90.09,101.34,Yes
CUST-03322,Female,0,Yes,No,67,Yes,No,Fiber optic,No,Yes,No,Yes,Yes,No,Month-to-month,No,Electronic check,73.55,4937.8,No
CUST-03323,Male,0,Yes,No,24,Yes,No,No,No internet service,No internet service,No internet service,No internet service,No internet service,No internet service,Month-to-month,Yes,Bank transfer (automatic),22.3,474.94,No
CUST-03324,Female,0,Yes,No,29,Yes,Yes,Fiber optic,No,No,No,No,No,Yes,Month-to-month,No,Bank transfer (automatic),67.21,1913.26,Yes
CUST-03325,Male,0,Yes,No,15,Yes,No,Fiber optic,No,Yes,No,No,Yes,Yes,Two year,No,Credit card (automatic),80.62,1227.72,No
CUST-03326,Female,0,Yes,No,4,Yes,No,DSL,No,Yes,No,Yes,Yes,No,Month-to-month,Yes,Electronic check,53.55,290.03,Yes
CUST-03327,Male,0,Yes,No,44,Yes,Yes,Fiber optic,No,No,Yes,Yes,Yes,No,Month-to-month,No,Bank transfer (automatic),78.46,3388.63,Yes
CUST-03328,Male,0,No,No,65,Yes,No,Fiber optic,No,No,No,Yes,No,Yes,Two year,Yes,Electronic check,73.67,4780.19,Yes
CUST-03329,Female,1,No,No,31,Yes,Yes,DSL,No,No,No,No,No,No,Two year,No,Credit card (automatic),43.68,1370.14,No
CUST-03330,Female,0,No,Yes,20,No,No phone service,Fiber optic,Yes,No,No,No,Yes,No,Month-to-month,Yes,Mailed check,67.98,1364.89,Yes
CUST-03331,Male,0,No,Yes,10,Yes,No,Fiber optic,No,Yes,Yes,No,Yes,No,Month-to-month,Yes,Electronic check,69.33,680.47,Yes
CUST-03332,Female,0,Yes,No,11,Yes,No,DSL,No,Yes,No,No,No,Yes,One year,No,Bank transfer (automatic),59.98,699.39,Yes
CUST-03333,Female,0,Yes,No,28,Yes,No,Fiber optic,Yes,Yes,Yes,No,No,Yes,Month-to-month,Yes,Mailed check,75.17,2096.26,Yes
CUST-03334,Female,0,Yes,No,38,No,No phone service,Fiber optic,Yes,No,No,No,No,Yes,One year,Yes,Electronic check,71.85,2748.75,No
CUST-03335,Male,0,Yes,No,24,Yes,No,Fiber optic,Yes,Yes,No,No,No,Yes,Two year,No,Mailed check,73.16,1763.56,No
CUST-03336,Male,0,Yes,No,39,Yes,No,DSL,No,No,No,Yes,No,No,Month-to-month,Yes,Credit card (automatic),46.27,1741.03,No
CUST-03337,Female,1,Yes,No,51,Yes,No,Fiber optic,No,Yes,Yes,Yes,No,No,Two year,No,Electronic check,70.44,3719.46,No
CUST-03338,Female,0,No,No,50,Yes,No,Fiber optic,No,No,No,No,No,Yes,Two year,Yes,Credit card (automatic),69.46,3455.01,No
CUST-03339,Female,0,No,No,7,Yes,Yes,Fiber optic,No,No,Yes,No,Yes,Yes,Month-to-month,No,Credit card (automatic),85.53,586.85,Yes
CUST-03340,Male,0,No,No,68,Yes,No,No,No internet service,No internet service,No internet service,No internet service,No internet service,No internet service,Two year,No,Mailed check,18.0,1200.07,No
CUST-03341,Male,1,Yes,No,53,Yes,No,DSL,No,No,No,No,No,Yes,Month-to-month,Yes,Mailed check,46.5,2511.38,No
CUST-03342,Female,0,No,No,37,Yes,No,DSL,No,No,No,No,No,No,Two year,Yes,Mailed check,45.32,1663.85,No
CUST-03343,Female,0,No,No,54,Yes,No,DSL,No,Yes,Yes,No,Yes,No,One year,Yes,Bank transfer (automatic),58.77,3122.81,No
CUST-03344,Female,0,No,No,55,Yes,No,Fiber optic,No,No,Yes,No,No,No,Month-to-month,No,Electronic check,61.85,3391.92,Yes
CUST-03345,Female,0,Yes,Yes,31,Yes,No,DSL,Yes,No,Yes,Yes,Yes,No,Month-to-month,Yes,Electronic check,63.37,2037.88,No
CUST-03346,Female,0,No,Yes,65,Yes,Yes,Fiber optic,No,No,No,No,Yes,Yes,Month-to-month,Yes,Mailed check,73.93,4740.76,Yes
CUST-03347,Female,0,No,No,59,Yes,Yes,No,No internet service,No internet service,No internet service,No internet service,No internet service,No internet service,Month-to-month,Yes,Mailed check,27.89,1602.22,No
CUST-03348,Male,0,Yes,Yes,47,Yes,No,DSL,No,No,No,No,No,No,Two year,Yes,Bank transfer (automatic),37.66,1901.78,No
CUST-03349,Female,0,Yes,No,49,Yes,No,No,No internet service,No internet service,No internet service,No internet service,No internet service,No internet service,Month-to-month,No,Electronic check,33.07,1604.92,No
CUST-03350,Male,0,Yes,Yes,18,Yes,Yes,Fiber optic,Yes,No,Yes,No,No,Yes,Two year,Yes,Bank transfer (automatic),81.34,1464.76,No
CUST-03351,Female,0,No,No,3,Yes,No,DSL,No,No,No,No,Yes,No,Month-to-month,Yes,Electronic check,47.25,100.27,Yes
CUST-03352,Female,0,No,Yes,18,Yes,No,Fiber optic,Yes,No,No,No,Yes,No,Month-to-month,No,Mailed check,66.53,1184.74,Yes
CUST-03353,Male,0,Yes,Yes,58,No,No phone service,DSL,Yes,Yes,No,Yes,No,No,Month-to-month,No,Electronic check,57.84,3320.8,No
CUST-03354,Male,0,Yes,Yes,71,Yes,No,Fiber optic,No,Yes,No,Yes,No,No,One year,No,Credit card (automatic),68.51,4708.58,No
CUST-03355,Male,0,No,No,25,Yes,Yes,No,No internet service,No internet service,No internet service,No internet service,No internet service,No internet service,Month-to-month,Yes,Mailed check,31.03,761.07,No
CUST-03356,Male,0,Yes,No,18,Yes,Yes,No,No internet service,No internet service,No internet service,No internet service,No internet service,No internet service,Month-to-month,No,Electronic check,29.6,524.28,Yes
CUST-03357,Female,0,Yes,No,52,Yes,No,DSL,Yes,No,Yes,No,No,No,Two year,Yes,Electronic check,46.19,2382.73,No
CUST-03358,Male,0,Yes,No,43,Yes,Yes,DSL,Yes,No,No,No,Yes,No,Two year,No,Credit card (automatic),56.5,2407.76,No
CUST-03359,Female,0,No,No,67,Yes,No,No,No internet service,No internet service,No internet service,No internet service,No internet service,No internet service,Month-to-month,Yes,Credit card (automatic),31.17,1977.07,No
CUST-03360,Male,0,No,No,7,Yes,No,No,No internet service,No internet service,No internet service,No internet service,No internet service,No internet service,Month-to-month,Yes,Bank transfer (automatic),29.75,292.71,Yes
CUST-03361,Female,0,Yes,No,44,Yes,No,Fiber optic,Yes,No,Yes,No,Yes,No,Month-to-month,No,Bank transfer (automatic),77.44,3420.65,Yes
CUST-03362,Female,0,No,Yes,44,Yes,No,Fiber optic,No,No,No,Yes,Yes,No,One year,No,Electronic check,68.97,2976.54,No
CUST-03363,Female,1,No,Yes,51,Yes,Yes,Fiber optic,Yes,No,No,No,Yes,No,One year,Yes,Bank transfer (automatic),80.21,4019.32,Yes
CUST-03364,Female,0,Yes,No,21,Yes,No,Fiber optic,No,No,No,No,No,Yes,Month-to-month,Yes,Electronic check,70.77,1504.23,Yes
CUST-03365,Female,1,No,Yes,37,Yes,No,No,No internet service,No internet service,No internet service,No internet service,No internet service,No internet service,One year,Yes,Credit card (automatic),34.37,1273.3,No
CUST-03366,Female,0,Yes,No,28,Yes,Yes,DSL,No,No,No,No,Yes,No,One year,No,Mailed check,52.62,1473.39,No
CUST-03367,Male,1,No,No,32,Yes,Yes,Fiber optic,No,No,No,No,Yes,No,Two year,No,Credit card (automatic),66.23,2084.59,No
CUST-03368,Female,0,Yes,No,57,Yes,No,Fiber optic,No,No,Yes,Yes,No,No,Two year,Yes,Mailed check,66.02,3835.49,No
CUST-03369,Male,0,No,Yes,41,Yes,No,No,No internet service,No internet service,No internet service,No internet service,No internet service,No internet service,Two year,Yes,Electronic check,26.03,1022.09,No
CUST-03370,Male,0,Yes,No,54,Yes,No,No,No internet service,No internet service,No internet service,No internet service,No internet service,No internet service,Month-to-month,No,Credit card (automatic),21.59,1157.84,No
CUST-03371,Female,0,No,No,27,Yes,Yes,DSL,No,No,No,Yes,No,Yes,One year,No,Credit card (automatic),57.45,1526.63,No
CUST-03372,Male,0,Yes,No,40,Yes,No,No,No internet service,No internet service,No internet service,No internet service,No internet service,No internet service,One year,No,Electronic check,20.65,826.12,No
CUST-03373,Female,0,No,No,41,Yes,Yes,No,No internet service,No internet service,No internet service,No internet service,No internet service,No internet service,Two year,Yes,Electronic check,27.25,1112.97,No
CUST-03374,Male,0,Yes,Yes,70,Yes,No,DSL,No,Yes,No,No,No,No,Month-to-month,Yes,Electronic check,46.97,3307.71,Yes
CUST-03375,Female,0,No,No,24,Yes,No,No,No internet service,No internet service,No internet service,No internet service,No internet service,No internet service,Month-to-month,Yes,Bank transfer (automatic),22.22,562.1,No
CUST-03376,Male,0,No,No,18,Yes,Yes,Fiber optic,No,No,No,No,Yes,Yes,Month-to-month,No,Electronic check,85.21,1522.42,Yes
CUST-03377,Female,0,Yes,Yes,56,Yes,Yes,Fiber optic,Yes,No,No,Yes,Yes,Yes,One year,Yes,Credit card (automatic),83.87,4676.59,No
CUST-03378,Female,0,No,Yes,15,Yes,No,No,No internet service,No internet service,No internet service,No internet service,No internet service,No internet service,Month-to-month,Yes,Credit card (automatic),25.65,393.31,No
CUST-03379,Female,0,Yes,No,72,Yes,Yes,No,No internet service,No internet service,No internet service,No internet service,No internet service,No internet service,Month-to-month,No,Bank transfer (automatic),30.24,2233.05,No
CUST-03380,Female,0,No,No,35,Yes,No,DSL,No,Yes,Yes,Yes,Yes,No,Month-to-month,Yes,Credit card (automatic),63.71,2306.18,Yes
CUST-03381,Male,1,No,No,27,Yes,Yes,No,No internet service,No internet service,No internet service,No internet service,No internet service,No internet service,Two year,No,Electronic check,29.69,814.82,No
CUST-03382,Female,0,Yes,Yes,3,Yes,No,DSL,Yes,No,No,No,No,No,Month-to-month,Yes,Electronic check,39.13,86.92,Yes
CUST-03383,Male,0,No,No,21,Yes,Yes,Fiber optic,Yes,No,No,No,No,No,Month-to-month,Yes,Mailed check,71.76,1498.47,Yes
CUST-03384,Male,0,Yes,No,39,Yes,No,DSL,No,Yes,No,No,Yes,No,Two year,No,Credit card (automatic),50.79,1900.18,No
CUST-03385,Male,0,Yes,No,32,Yes,No,DSL,No,Yes,No,Yes,Yes,Yes,Month-to-month,Yes,Bank transfer (automatic),77.93,2544.36,No
CUST-03386,Female,0,No,No,50,Yes,Yes,No,No internet service,No internet service,No internet service,No internet service,No internet service,No internet service,Month-to-month,Yes,Bank transfer (automatic),25.16,1249.04,No
CUST-03387,Male,0,No,No,9,Yes,Yes,Fiber optic,No,No,No,Yes,No,Yes,One year,Yes,Credit card (automatic),75.46,698.55,No
CUST-03388,Male,0,Yes,Yes,50,Yes,No,Fiber optic,Yes,Yes,Yes,Yes,Yes,Yes,Month-to-month,Yes,Bank transfer (automatic),99.27,4902.66,No
CUST-03389,Male,1,Yes,No,1,No,No phone service,DSL,No,Yes,No,No,Yes,No,One year,No,Mailed check,53.02,56.34,No
CUST-03390,Female,0,No,No,4,Yes,Yes,Fiber optic,No,No,No,Yes,No,No,Month-to-month,Yes,Bank transfer (automatic),67.14,295.4,Yes
CUST-03391,Female,0,Yes,No,4,Yes,Yes,Fiber optic,No,No,No,No,Yes,Yes,One year,Yes,Bank transfer (automatic),81.54,317.78,Yes
CUST-03392,Male,1,No,No,34,Yes,Yes,Fiber optic,No,No,No,No,No,No,Month-to-month,Yes,Credit card (automatic),63.07,2129.89,Yes
CUST-03393,Female,0,No,No,27,Yes,No,DSL,Yes,No,No,No,No,Yes,Month-to-month,No,Bank transfer (automatic),52.31,1424.21,Yes
CUST-03394,Female,0,Yes,No,15,No,No phone service,DSL,Yes,Yes,No,No,No,No,Month-to-month,No,Electronic check,55.93,803.78,Yes
CUST-03395,Male,0,Yes,No,32,Yes,No,No,No internet service,No internet service,No internet service,No internet service,No internet service,No internet service,Month-to-month,No,Electronic check,20.17,708.56,No
CUST-03396,Male,0,No,Yes,41,Yes,No,DSL,No,Yes,Yes,Yes,Yes,No,Two year,Yes,Mailed check,65.7,2728.69,No
CUST-03397,Female,0,Yes,No,71,Yes,Yes,Fiber optic,No,Yes,Yes,No,No,No,Month-to-month,No,Bank transfer (automatic),73.37,5189.56,Yes
CUST-03398,Male,0,No,Yes,61,Yes,Yes,DSL,Yes,No,Yes,Yes,No,Yes,Month-to-month,Yes,Bank transfer (automatic),59.49,3658.29,No
CUST-03399,Female,0,No,No,63,Yes,No,DSL,No,Yes,Yes,No,No,No,Two year,No,Bank transfer (automatic),49.36,3101.81,No
CUST-03400,Female,1,No,Yes,61,Yes,No,DSL,Yes,No,No,No,Yes,Yes,Month-to-month,No,Electronic check,60.81,3702.45,Yes
CUST-03401,Female,0,Yes,No,14,No,No phone service,No,No internet service,No internet service,No internet service,No internet service,No internet service,No internet service,Month-to-month,Yes,Credit card (automatic),27.04,357.63,No
CUST-03402,Female,1,Yes,No,23,No,No phone service,No,No internet service,No internet service,No internet service,No internet service,No internet service,No internet service,Month-to-month,No,Electronic check,25.22,549.32,No
CUST-03403,Female,1,No,No,65,Yes,Yes,Fiber optic,No,Yes,No,Yes,Yes,Yes,Month-to-month,No,Bank transfer (automatic),87.06,5679.1,Yes
CUST-03404,Female,0,No,Yes,32,Yes,No,Fiber optic,Yes,No,Yes,No,No,No,Month-to-month,Yes,Electronic check,61.52,1971.77,Yes
CUST-03405,Male,0,No,No,41,Yes,Yes,Fiber optic,No,No,No,No,Yes,Yes,Month-to-month,No,Bank transfer (automatic),75.63,3060.85,Yes
CUST-03406,Male,0,Yes,No,26,Yes,No,DSL,Yes,No,No,Yes,No,Yes,Month-to-month,No,Mailed check,57.17,1474.12,No
CUST-03407,Female,0,No,Yes,48,Yes,No,Fiber optic,Yes,No,No,No,Yes,No,Month-to-month,No,Electronic check,76.86,3692.59,Yes
CUST-03408,Female,0,Yes,No,16,Yes,No,Fiber optic,Yes,No,Yes,No,No,No,Month-to-month,Yes,Electronic check,62.84,1103.03,Yes
CUST-03409,Female,1,No,No,31,Yes,Yes,Fiber optic,No,No,No,No,Yes,No,One year,No,Mailed check,66.95,2078.73,No
CUST-03410,Male,0,No,No,66,Yes,No,Fiber optic,No,No,No,Yes,Yes,No,Month-to-month,Yes,Mailed check,68.9,4502.6,Yes
CUST-03411,Female,0,No,No,32,Yes,Yes,Fiber optic,No,Yes,No,No,Yes,Yes,One year,No,Mailed check,82.04,2639.23,Yes
CUST-03412,Male,0,Yes,No,10,Yes,Yes,No,No internet service,No internet service,No internet service,No internet service,No internet service,No internet service,Two year,Yes,Bank transfer (automatic),29.27,217.06,No
CUST-03413,Female,0,No,No,25,No,No phone service,DSL,No,No,Yes,No,No,No,Month-to-month,No,Bank transfer (automatic),45.81,1119.68,No
CUST-03414,Female,0,Yes,No,45,Yes,No,DSL,No,Yes,No,No,Yes,Yes,Month-to-month,No,Credit card (automatic),63.87,2799.75,Yes
CUST-03415,Male,0,No,Yes,24,Yes,No,No,No internet service,No internet service,No internet service,No internet service,No internet service,No internet service,One year,Yes,Electronic check,18.0,498.99,No
CUST-03416,Male,0,Yes,Yes,3,Yes,Yes,DSL,No,No,No,No,No,Yes,Month-to-month,Yes,Electronic check,59.02,264.89,Yes
CUST-03417,Female,0,Yes,No,62,Yes,No,Fiber optic,Yes,No,Yes,No,Yes,No,Month-to-month,Yes,Electronic check,80.1,4973.41,Yes
CUST-03418,Female,0,Yes,No,67,Yes,Yes,Fiber optic,Yes,No,No,No,Yes,No,Month-to-month,No,Electronic check,73.16,4995.44,Yes
CUST-03419,Female,0,No,Yes,55,Yes,Yes,DSL,No,No,No,Yes,Yes,No,Month-to-month,Yes,Electronic check,58.29,3182.5,Yes
CUST-03420,Male,0,No,No,10,Yes,No,DSL,Yes,No,No,No,No,Yes,Month-to-month,Yes,Mailed check,56.63,551.04,No
CUST-03421,Male,0,No,No,55,Yes,Yes,Fiber optic,Yes,No,No,No,No,No,One year,Yes,Electronic check,67.27,3718.08,Yes
CUST-03422,Male,0,No,Yes,22,Yes,Yes,DSL,No,No,No,No,Yes,Yes,Month-to-month,Yes,Mailed check,63.69,1508.87,No
CUST-03423,Male,0,No,Yes,14,Yes,Yes,No,No internet service,No internet service,No internet service,No internet service,No internet service,No internet service,Month-to-month,No,Bank transfer (automatic),29.38,381.72,No
CUST-03424,Male,0,Yes,No,8,Yes,Yes,Fiber optic,No,Yes,Yes,No,No,No,Two year,No,Bank transfer (automatic),59.26,401.34,No
CUST-03425,Male,1,No,No,15,Yes,No,DSL,Yes,No,Yes,No,No,No,Month-to-month,Yes,Mailed check,53.51,889.25,No
CUST-03426,Female,0,No,No,15,Yes,No,DSL,Yes,Yes,No,No,No,No,Month-to-month,Yes,Credit card (automatic),48.35,615.19,Yes
CUST-03427,Female,0,Yes,No,52,No,No phone service,No,No internet service,No internet service,No internet service,No internet service,No internet service,No internet service,Month-to-month,Yes,Electronic check,18.87,910.63,No
CUST-03428,Male,1,Yes,No,70,Yes,Yes,Fiber optic,No,No,No,No,No,No,Month-to-month,Yes,Credit card (automatic),59.93,4176.82,No
CUST-03429,Female,0,Yes,No,54,Yes,No,Fiber optic,Yes,No,No,Yes,No,Yes,Month-to-month,Yes,Electronic check,68.47,3710.46,Yes
CUST-03430,Female,0,Yes,Yes,42,Yes,No,DSL,Yes,No,No,No,No,No,Two year,Yes,Mailed check,31.84,1375.39,No
CUST-03431,Male,1,Yes,No,19,Yes,No,Fiber optic,Yes,No,No,Yes,No,Yes,Month-to-month,Yes,Electronic check,70.89,1380.09,Yes
CUST-03432,Female,0,Yes,No,40,Yes,No,No,No internet service,No internet service,No internet service,No internet service,No internet service,No internet service,Month-to-month,No,Credit card (automatic),25.45,1043.74,No
CUST-03433,Male,0,No,No,69,Yes,No,Fiber optic,No,No,Yes,No,No,Yes,Two year,Yes,Bank transfer (automatic),76.17,5212.73,No
CUST-03434,Male,1,Yes,No,27,Yes,Yes,DSL,No,No,No,Yes,Yes,No,Month-to-month,No,Bank transfer (automatic),56.74,1507.99,Yes
CUST-03435,Female,0,Yes,Yes,43,Yes,No,No,No internet service,No internet service,No internet service,No internet service,No internet service,No internet service,Month-to-month,No,Credit card (automatic),20.38,905.72,No
CUST-03436,Male,0,No,No,52,Yes,Yes,DSL,No,Yes,Yes,Yes,Yes,Yes,Month-to-month,Yes,Bank transfer (automatic),77.63,4027.07,No
CUST-03437,Male,0,No,No,46,Yes,Yes,Fiber optic,No,No,Yes,No,No,Yes,One year,Yes,Credit card (automatic),76.29,3514.84,No
CUST-03438,Male,0,Yes,No,14,Yes,Yes,No,No internet service,No internet service,No internet service,No internet service,No internet service,No internet service,One year,No,Mailed check,32.41,445.35,No
CUST-03439,Male,0,No,Yes,64,Yes,No,No,No internet service,No internet service,No internet service,No internet service,No internet service,No internet service,Two year,Yes,Bank transfer (automatic),21.24,1322.27,No
CUST-03440,Male,0,Yes,No,61,Yes,Yes,Fiber optic,No,No,No,No,No,Yes,Two year,Yes,Electronic check,69.19,4246.45,No
CUST-03441,Male,1,Yes,No,58,Yes,No,No,No internet service,No internet service,No internet service,No internet service,No internet service,No internet service,Month-to-month,No,Electronic check,24.42,1253.1,No
CUST-03442,Male,1,Yes,Yes,49,Yes,Yes,Fiber optic,No,No,Yes,No,Yes,Yes,Month-to-month,No,Mailed check,83.53,4076.27,Yes
CUST-03443,Male,1,No,Yes,29,Yes,No,DSL,No,No,Yes,No,No,Yes,Two year,No,Electronic check,60.97,1749.36,No
CUST-03444,Female,0,No,No,26,Yes,Yes,Fiber optic,No,No,No,Yes,No,No,Two year,Yes,Mailed check,74.1,1916.25,Yes
CUST-03445,Female,0,No,Yes,27,Yes,No,Fiber optic,No,Yes,No,No,Yes,No,Month-to-month,No,Mailed check,74.0,2068.85,Yes
CUST-03446,Female,1,No,No,67,Yes,No,Fiber optic,No,Yes,No,No,Yes,No,One year,Yes,Electronic check,67.27,4510.13,Yes
CUST-03447,Male,1,No,No,67,No,No phone service,DSL,No,No,No,No,No,Yes,Month-to-month,Yes,Credit card (automatic),46.17,3173.99,No
CUST-03448,Male,0,No,No,35,Yes,No,No,No internet service,No internet service,No internet service,No internet service,No internet service,No internet service,Month-to-month,Yes,Credit card (automatic),26.04,901.9,No
CUST-03449,Female,0,No,No,60,Yes,Yes,DSL,Yes,No,No,Yes,No,No,Month-to-month,No,Electronic check,55.96,3325.78,No
CUST-03450,Female,0,Yes,No,61,Yes,No,Fiber optic,No,Yes,No,No,Yes,No,One year,Yes,Mailed check,66.88,4062.92,No
CUST-03451,Female,0,Yes,No,70,Yes,No,No,No internet service,No internet service,No internet service,No internet service,No internet service,No internet service,Month-to-month,Yes,Bank transfer (automatic),28.64,2071.35,No
CUST-03452,Male,0,No,Yes,3,Yes,Yes,Fiber optic,Yes,No,No,No,No,Yes,One year,No,Mailed check,72.58,264.0,Yes
CUST-03453,Female,1,No,Yes,33,Yes,No,DSL,Yes,No,No,No,Yes,No,Month-to-month,Yes,Credit card (automatic),59.86,2036.52,Yes
CUST-03454,Female,0,No,Yes,42,Yes,Yes,No,No internet service,No internet service,No internet service,No internet service,No internet service,No internet service,Two year,Yes,Credit card (automatic),26.76,1133.28,No
CUST-03455,Male,0,Yes,No,13,Yes,No,DSL,No,No,No,No,Yes,No,Month-to-month,No,Electronic check,48.53,672.7,Yes
CUST-03456,Female,0,No,No,29,Yes,No,DSL,No,Yes,Yes,Yes,No,No,Month-to-month,No,Mailed check,58.19,1638.36,No
CUST-03457,Male,0,No,Yes,9,Yes,No,DSL,No,Yes,No,No,Yes,No,Month-to-month,No,Mailed check,50.6,456.96,No
CUST-03458,Male,0,Yes,No,32,Yes,No,Fiber optic,Yes,No,No,No,No,No,One year,No,Electronic check,61.51,1947.71,Yes
CUST-03459,Male,0,No,No,22,No,No phone service,No,No internet service,No internet service,No internet service,No internet service,No internet service,No internet service,Month-to-month,No,Credit card (automatic),23.44,567.74,Yes
CUST-03460,Female,0,No,No,58,Yes,No,DSL,Yes,No,Yes,No,Yes,No,Month-to-month,No,Electronic check,57.1,3323.26,Yes
CUST-03461,Female,0,No,Yes,57,Yes,No,No,No internet service,No internet service,No internet service,No internet service,No internet service,No internet service,Two year,No,Electronic check,25.91,1431.32,No
CUST-03462,Male,0,No,No,10,Yes,No,DSL,No,Yes,No,Yes,No,No,Month-to-month,Yes,Electronic check,51.29,447.57,Yes
CUST-03463,Female,0,Yes,No,25,Yes,No,DSL,No,No,Yes,No,Yes,Yes,Month-to-month,Yes,Mailed check,62.62,1542.66,Yes
CUST-03464,Female,0,Yes,Yes,62,Yes,No,Fiber optic,No,No,No,Yes,Yes,No,Two year,No,Mailed check,74.13,4548.23,No
CUST-03465,Female,1,No,No,63,Yes,No,No,No internet service,No internet service,No internet service,No internet service,No internet service,No internet service,One year,Yes,Credit card (automatic),34.63,2270.92,No
CUST-03466,Female,0,No,Yes,3,Yes,Yes,Fiber optic,Yes,No,Yes,Yes,No,Yes,Month-to-month,No,Electronic check,86.17,310.71,Yes
CUST-03467,Male,0,No,No,47,Yes,Yes,DSL,No,No,No,No,No,No,Two year,Yes,Credit card (automatic),45.96,2144.12,No
CUST-03468,Female,0,Yes,No,55,Yes,No,Fiber optic,No,Yes,Yes,Yes,Yes,No,One year,No,Mailed check,77.94,4301.71,No
CUST-03469,Male,1,Yes,No,26,Yes,No,Fiber optic,Yes,Yes,No,Yes,No,No,One year,No,Electronic check,64.99,1718.48,Yes
CUST-03470,Male,0,Yes,Yes,13,Yes,Yes,DSL,No,Yes,No,No,No,No,Month-to-month,Yes,Credit card (automatic),48.85,652.8,Yes
CUST-03471,Female,0,Yes,No,7,No,No phone service,DSL,No,No,Yes,Yes,No,No,One year,No,Credit card (automatic),44.74,276.78,No
CUST-03472,Male,0,No,Yes,34,Yes,No,DSL,Yes,No,Yes,No,No,No,Month-to-month,No,Bank transfer (automatic),48.04,1590.99,No
CUST-03473,Female,0,No,No,22,Yes,No,Fiber optic,No,No,No,No,No,No,Month-to-month,Yes,Electronic check,59.02,1246.11,Yes
CUST-03474,Female,1,Yes,No,23,No,No phone service,Fiber optic,Yes,No,No,No,No,Yes,Month-to-month,No,Bank transfer (automatic),65.25,1496.67,Yes
CUST-03475,Male,0,Yes,No,48,Yes,Yes,DSL,No,No,No,No,No,No,Month-to-month,No,Electronic check,49.38,2380.84,Yes
CUST-03476,Male,0,Yes,No,14,Yes,Yes,DSL,Yes,Yes,No,No,Yes,No,Two year,Yes,Electronic check,62.65,906.61,No
CUST-03477,Male,0,Yes,Yes,52,Yes,No,DSL,No,No,No,No,No,No,Two year,No,Bank transfer (automatic),42.2,2196.83,No
CUST-03478,Male,0,No,No,39,No,No phone service,Fiber optic,No,Yes,No,Yes,Yes,Yes,One year,Yes,Electronic check,86.23,3328.81,Yes
CUST-03479,Female,0,No,Yes,41,Yes,No,DSL,No,No,Yes,No,No,Yes,Month-to-month,Yes,Electronic check,57.1,2326.99,Yes
CUST-03480,Female,0,No,Yes,36,Yes,No,DSL,Yes,Yes,No,No,No,No,Month-to-month,No,Mailed check,49.51,1759.52,No
CUST-03481,Female,0,Yes,No,6,No,No phone service,DSL,No,No,No,No,No,No,One year,Yes,Electronic check,43.73,281.97,No
CUST-03482,Male,0,No,No,23,Yes,No,Fiber optic,No,No,No,No,No,No,Month-to-month,Yes,Mailed check,59.2,1348.35,Yes
CUST-03483,Male,0,Yes,Yes,10,Yes,Yes,Fiber optic,No,No,Yes,No,No,No,One year,Yes,Bank transfer (automatic),67.99,685.71,Yes
CUST-03484,Male,0,No,No,60,Yes,No,Fiber optic,No,No,No,No,Yes,No,Two year,No,Electronic check,68.12,4059.28,No
CUST-03485,Female,0,No,Yes,30,Yes,Yes,DSL,Yes,No,No,No,No,Yes,Two year,No,Mailed check,56.29,1664.45,No
CUST-03486,Male,0,No,Yes,70,Yes,Yes,Fiber optic,Yes,No,Yes,Yes,Yes,No,Two year,Yes,Electronic check,86.76,6001.55,No
CUST-03487,Female,0,Yes,Yes,5,Yes,No,DSL,No,No,No,No,No,Yes,Two year,No,Mailed check,53.97,244.21,No
CUST-03488,Male,0,Yes,No,57,Yes,No,DSL,No,No,Yes,No,Yes,Yes,Month-to-month,Yes,Credit card (automatic),68.81,3878.54,No
CUST-03489,Female,0,No,No,43,Yes,No,No,No internet service,No internet service,No internet service,No internet service,No internet service,No internet service,Month-to-month,No,Mailed check,21.2,888.0,No
CUST-03490,Female,0,Yes,No,52,Yes,No,Fiber optic,No,Yes,No,No,No,Yes,One year,Yes,Electronic check,80.08,4210.37,Yes
CUST-03491,Male,0,Yes,Yes,6,Yes,Yes,Fiber optic,Yes,No,No,Yes,Yes,No,One year,Yes,Electronic check,72.45,425.38,Yes
CUST-03492,Male,0,No,No,2,Yes,No,No,No internet service,No internet service,No internet service,No internet service,No internet service,No internet service,Month-to-month,Yes,Mailed check,28.0,75.38,Yes
CUST-03493,Female,0,Yes,No,17,No,No phone service,No,No internet service,No internet service,No internet service,No internet service,No internet service,No internet service,Month-to-month,No,Electronic check,27.18,501.02,No
CUST-03494,Female,0,No,No,12,Yes,No,Fiber optic,No,Yes,No,No,No,No,One year,Yes,Electronic check,65.12,812.21,Yes
CUST-03495,Male,0,Yes,No,44,Yes,No,DSL,No,No,Yes,Yes,Yes,Yes,Month-to-month,Yes,Bank transfer (automatic),65.74,2933.09,No
CUST-03496,Male,1,No,No,54,Yes,Yes,Fiber optic,No,No,Yes,Yes,No,Yes,One year,No,Electronic check,81.25,4331.73,No
CUST-03497,Female,0,Yes,No,7,Yes,Yes,Fiber optic,No,Yes,No,No,No,Yes,Month-to-month,Yes,Electronic check,73.76,554.56,Yes
CUST-03498,Male,1,No,No,32,Yes,No,DSL,Yes,No,No,No,Yes,No,Month-to-month,Yes,Bank transfer (automatic),58.9,1845.7,Yes
CUST-03499,Female,0,Yes,No,29,Yes,Yes,DSL,No,No,No,Yes,Yes,Yes,One year,No,Credit card (automatic),72.87,2119.25,No
CUST-03500,Female,0,No,No,46,Yes,No,Fiber optic,No,No,No,No,No,No,One year,Yes,Credit card (automatic),49.28,2348.36,No
CUST-03501,Male,0,No,No,53,Yes,Yes,DSL,No,No,No,No,Yes,No,One year,No,Bank transfer (automatic),58.89,3175.95,No
CUST-03502,Male,1,Yes,Yes,25,Yes,No,DSL,No,No,No,Yes,No,No,Month-to-month,Yes,Electronic check,46.21,1156.9,No
CUST-03503,Male,0,Yes,No,53,No,No phone service,Fiber optic,No,No,No,No,Yes,No,Month-to-month,Yes,Credit card (automatic),76.79,4141.01,No
CUST-03504,Male,0,Yes,No,29,Yes,No,No,No internet service,No internet service,No internet service,No internet service,No internet service,No internet service,Month-to-month,Yes,Bank transfer (automatic),19.75,557.97,Yes
CUST-03505,Male,0,Yes,Yes,6,Yes,No,DSL,No,No,No,Yes,Yes,No,Two year,Yes,Credit card (automatic),56.41,280.29,No
CUST-03506,Female,0,No,Yes,38,Yes,Yes,DSL,Yes,No,No,Yes,Yes,Yes,Two year,No,Electronic check,80.9,3072.23,No
CUST-03507,Female,0,Yes,No,3,Yes,No,No,No internet service,No internet service,No internet service,No internet service,No internet service,No internet service,One year,No,Mailed check,25.73,89.16,No
CUST-03508,Male,0,No,No,35,Yes,Yes,DSL,No,No,No,No,Yes,No,Month-to-month,Yes,Mailed check,54.39,1881.68,Yes
CUST-03509,Male,0,No,Yes,55,Yes,No,Fiber optic,Yes,No,Yes,No,No,Yes,Month-to-month,Yes,Bank transfer (automatic),76.74,4240.06,No
CUST-03510,Male,0,Yes,Yes,47,Yes,Yes,Fiber optic,No,No,Yes,Yes,Yes,No,Two year,No,Electronic check,75.78,3653.57,No
CUST-03511,Female,0,No,No,33,Yes,No,DSL,No,No,No,No,No,Yes,Month-to-month,Yes,Mailed check,46.47,1483.68,Yes
CUST-03512,Male,0,Yes,Yes,3,Yes,Yes,Fiber optic,No,Yes,No,No,No,Yes,Month-to-month,Yes,Credit card (automatic),80.12,229.87,Yes
CUST-03513,Male,0,Yes,Yes,69,Yes,Yes,No,No internet service,No internet service,No internet service,No internet service,No internet service,No internet service,One year,Yes,Bank transfer (automatic),27.92,1966.4,No
CUST-03514,Female,1,Yes,No,59,Yes,No,Fiber optic,Yes,Yes,No,No,No,Yes,Two year,No,Bank transfer (automatic),65.03,3808.92,Yes
CUST-03515,Female,1,No,No,18,Yes,No,No,No internet service,No internet service,No internet service,No internet service,No internet service,No internet service,One year,No,Electronic check,24.71,531.78,Yes
CUST-03516,Male,1,Yes,No,66,Yes,Yes,DSL,No,No,Yes,No,No,No,Month-to-month,Yes,Electronic check,59.82,4007.87,No
CUST-03517,Male,0,No,Yes,25,Yes,No,No,No internet service,No internet service,No internet service,No internet service,No internet service,No internet service,One year,No,Bank transfer (automatic),20.87,509.34,No
CUST-03518,Male,1,Yes,No,20,Yes,No,DSL,No,No,No,No,No,No,One year,Yes,Mailed check,43.43,823.4,No
CUST-03519,Female,0,No,Yes,71,Yes,Yes,DSL,No,No,No,Yes,No,No,One year,No,Credit card (automatic),51.46,3645.93,No
CUST-03520,Male,0,No,No,69,Yes,No,DSL,No,No,Yes,No,No,Yes,Month-to-month,Yes,Credit card (automatic),56.08,3764.41,No
CUST-03521,Male,0,Yes,Yes,29,Yes,No,No,No internet service,No internet service,No internet service,No internet service,No internet service,No internet service,One year,No,Bank transfer (automatic),28.67,884.0,No
CUST-03522,Male,0,No,Yes,18,Yes,No,Fiber optic,No,No,Yes,No,Yes,Yes,Month-to-month,Yes,Electronic check,83.37,1540.43,Yes
CUST-03523,Female,1,No,No,72,No,No phone service,Fiber optic,No,No,Yes,Yes,No,No,Month-to-month,Yes,Electronic check,62.35,4468.24,Yes
CUST-03524,Female,0,Yes,No,27,Yes,No,Fiber optic,No,No,No,No,No,No,Month-to-month,No,Mailed check,50.74,1301.67,Yes
CUST-03525,Male,0,Yes,Yes,42,Yes,Yes,No,No internet service,No internet service,No internet service,No internet service,No internet service,No internet service,Month-to-month,Yes,Electronic check,29.55,1227.77,No
CUST-03526,Male,0,Yes,No,66,Yes,Yes,No,No internet service,No internet service,No internet service,No internet service,No internet service,No internet service,One year,Yes,Bank transfer (automatic),32.2,2092.5,No
CUST-03527,Female,0,No,No,26,Yes,No,Fiber optic,No,Yes,Yes,No,Yes,No,Month-to-month,Yes,Electronic check,79.64,2088.5,Yes
CUST-03528,Female,0,No,No,23,Yes,Yes,Fiber optic,Yes,No,No,No,Yes,No,Month-to-month,Yes,Credit card (automatic),73.2,1687.32,Yes
CUST-03529,Female,0,Yes,No,5,Yes,Yes,DSL,No,Yes,No,No,Yes,No,One year,Yes,Credit card (automatic),63.72,280.13,Yes
CUST-03530,Female,0,Yes,No,11,Yes,No,DSL,Yes,No,No,No,No,No,Month-to-month,No,Bank transfer (automatic),48.24,589.64,Yes
CUST-03531,Female,0,No,No,19,Yes,No,DSL,No,Yes,No,No,No,No,Two year,No,Electronic check,41.89,716.76,No
CUST-03532,Female,0,No,Yes,12,Yes,Yes,DSL,Yes,No,Yes,No,No,No,Month-to-month,Yes,Electronic check,62.17,675.44,Yes
CUST-03533,Female,0,No,No,2,Yes,No,DSL,No,No,Yes,Yes,No,No,Month-to-month,No,Electronic check,50.66,159.91,Yes
CUST-03534,Female,0,No,Yes,43,No,No phone service,Fiber optic,No,No,No,No,No,No,Two year,Yes,Electronic check,58.27,2556.53,Yes
CUST-03535,Female,1,Yes,Yes,22,Yes,No,No,No internet service,No internet service,No internet service,No internet service,No internet service,No internet service,Two year,No,Electronic check,18.0,391.03,No
CUST-03536,Male,0,Yes,Yes,26,Yes,Yes,No,No internet service,No internet service,No internet service,No internet service,No internet service,No internet service,Two year,Yes,Bank transfer (automatic),37.47,1005.58,No
CUST-03537,Male,0,Yes,Yes,33,No,No phone service,Fiber optic,Yes,Yes,No,No,Yes,No,Month-to-month,Yes,Bank transfer (automatic),68.46,2310.69,Yes
CUST-03538,Male,0,No,No,24,Yes,Yes,DSL,No,No,No,No,Yes,No,Two year,Yes,Electronic check,50.03,1222.23,No
CUST-03539,Female,0,Yes,No,69,Yes,No,DSL,No,No,No,Yes,No,Yes,Month-to-month,Yes,Bank transfer (automatic),50.24,3499.09,No
CUST-03540,Male,0,Yes,No,21,Yes,No,No,No internet service,No internet service,No internet service,No internet service,No internet service,No internet service,Month-to-month,No,Electronic check,25.91,522.76,Yes
CUST-03541,Female,0,No,Yes,46,No,No phone service,DSL,No,No,No,Yes,No,No,Month-to-month,Yes,Electronic check,43.87,2105.09,No
CUST-03542,Female,0,Yes,No,18,Yes,No,DSL,Yes,No,No,No,Yes,Yes,One year,Yes,Bank transfer (automatic),66.76,1128.28,No
CUST-03543,Male,0,Yes,No,5,Yes,No,DSL,Yes,No,No,No,No,No,One year,Yes,Credit card (automatic),37.21,158.31,No
CUST-03544,Female,0,No,No,8,Yes,No,DSL,No,No,Yes,Yes,No,No,Month-to-month,No,Bank transfer (automatic),46.83,382.99,Yes
CUST-03545,Male,0,Yes,Yes,57,Yes,No,DSL,No,No,No,Yes,Yes,Yes,One year,Yes,Electronic check,62.39,3591.81,No
CUST-03546,Male,0,Yes,Yes,5,Yes,No,Fiber optic,No,Yes,No,No,No,No,Month-to-month,No,Electronic check,64.79,319.51,Yes
CUST-03547,Male,0,No,No,13,No,No phone service,Fiber optic,No,No,No,Yes,Yes,No,Two year,Yes,Bank transfer (automatic),73.19,953.69,Yes
CUST-03548,Female,1,Yes,No,66,Yes,No,Fiber optic,No,Yes,No,Yes,No,Yes,Month-to-month,No,Credit card (automatic),79.91,5257.79,No
CUST-03549,Male,0,Yes,No,37,No,No phone service,Fiber optic,No,Yes,Yes,No,No,No,One year,Yes,Credit card (automatic),66.33,2473.95,Yes
CUST-03550,Female,0,No,Yes,29,Yes,No,DSL,No,No,No,No,No,No,Month-to-month,Yes,Bank transfer (automatic),37.2,1030.15,Yes
CUST-03551,Male,0,Yes,Yes,69,Yes,Yes,DSL,No,Yes,Yes,No,No,No,Month-to-month,No,Mailed check,53.49,3715.31,No
CUST-03552,Male,1,No,Yes,32,Yes,No,Fiber optic,Yes,Yes,No,Yes,Yes,Yes,One year,Yes,Electronic check,94.68,3020.78,No
CUST-03553,Male,0,Yes,No,48,Yes,Yes,DSL,No,No,No,No,Yes,Yes,Month-to-month,Yes,Electronic check,68.23,3260.56,No
CUST-03554,Female,0,Yes,No,2,No,No phone service,DSL,No,No,No,Yes,No,No,Two year,No,Electronic check,43.24,55.0,No
CUST-03555,Female,0,Yes,Yes,69,No,No phone service,No,No internet service,No internet service,No internet service,No internet service,No internet service,No internet service,Month-to-month,Yes,Mailed check,23.96,1642.21,No
CUST-03556,Female,1,Yes,No,51,Yes,No,Fiber optic,Yes,No,No,No,Yes,Yes,Two year,No,Bank transfer (automatic),81.4,4183.04,No
CUST-03557,Male,1,Yes,No,35,Yes,No,DSL,No,Yes,Yes,No,Yes,No,Month-to-month,Yes,Electronic check,60.82,2049.07,Yes
CUST-03558,Male,0,Yes,No,15,Yes,Yes,No,No internet service,No internet service,No internet service,No internet service,No internet service,No internet service,One year,No,Credit card (automatic),36.08,629.22,No
CUST-03559,Female,0,No,Yes,72,Yes,No,Fiber optic,Yes,No,No,No,Yes,No,Two year,Yes,Electronic check,74.78,5373.64,No
CUST-03560,Female,0,Yes,No,65,Yes,No,No,No internet service,No internet service,No internet service,No internet service,No internet service,No internet service,Month-to-month,Yes,Bank transfer (automatic),23.37,1581.95,No
CUST-03561,Female,0,No,No,38,Yes,No,DSL,No,No,Yes,No,Yes,Yes,One year,No,Mailed check,73.83,2823.44,No
CUST-03562,Female,0,Yes,No,17,Yes,No,DSL,No,Yes,No,No,No,No,Month-to-month,No,Bank transfer (automatic),42.97,688.23,No
CUST-03563,Female,0,Yes,No,45,Yes,No,DSL,No,Yes,No,No,Yes,Yes,Month-to-month,Yes,Credit card (automatic),68.35,3091.2,Yes
CUST-03564,Female,0,Yes,Yes,1,Yes,No,No,No internet service,No internet service,No internet service,No internet service,No internet service,No internet service,Month-to-month,Yes,Bank transfer (automatic),25.37,18.0,Yes
CUST-03565,Male,0,No,Yes,3,Yes,No,DSL,No,No,Yes,Yes,Yes,No,Month-to-month,No,Bank transfer (automatic),51.92,215.77,Yes
CUST-03566,Female,0,No,No,70,Yes,Yes,DSL,No,No,No,No,No,Yes,Two year,Yes,Electronic check,50.33,3490.95,No
CUST-03567,Male,0,No,No,52,Yes,Yes,Fiber optic,No,No,Yes,Yes,No,Yes,One year,Yes,Electronic check,83.6,4318.48,No
CUST-03568,Male,0,Yes,No,53,Yes,No,Fiber optic,No,Yes,Yes,Yes,No,No,Two year,Yes,Bank transfer (automatic),65.12,3486.72,No
CUST-03569,Female,1,Yes,No,3,Yes,Yes,No,No internet service,No internet service,No internet service,No internet service,No internet service,No internet service,Month-to-month,Yes,Credit card (automatic),33.66,92.07,Yes
CUST-03570,Female,0,No,No,47,Yes,Yes,No,No internet service,No internet service,No internet service,No internet service,No internet service,No internet service,Month-to-month,Yes,Mailed check,26.85,1252.46,No
CUST-03571,Male,0,Yes,No,6,Yes,Yes,Fiber optic,No,No,No,No,No,Yes,Two year,No,Credit card (automatic),62.32,375.36,No
CUST-03572,Female,0,Yes,No,46,Yes,Yes,Fiber optic,No,No,No,No,No,Yes,Two year,Yes,Credit card (automatic),77.51,3659.34,No
CUST-03573,Female,0,Yes,No,61,Yes,Yes,Fiber optic,No,No,No,No,No,No,Two year,No,Electronic check,57.69,3425.01,No
CUST-03574,Male,0,Yes,No,43,Yes,Yes,Fiber optic,No,No,Yes,No,Yes,Yes,One year,Yes,Mailed check,78.89,3352.59,No
CUST-03575,Male,0,Yes,No,56,Yes,Yes,Fiber optic,Yes,No,No,No,No,No,Month-to-month,No,Bank transfer (automatic),64.21,3585.7,No
CUST-03576,Male,0,No,No,70,Yes,No,DSL,No,Yes,No,No,Yes,No,Two year,Yes,Mailed check,58.92,4123.47,No
CUST-03577,Female,0,No,Yes,20,Yes,Yes,DSL,No,No,No,Yes,No,No,Month-to-month,Yes,Electronic check,52.34,1030.15,Yes
CUST-03578,Male,0,No,No,47,Yes,Yes,Fiber optic,No,Yes,No,No,Yes,No,One year,Yes,Credit card (automatic),76.06,3541.55,No
CUST-03579,Female,1,Yes,No,54,Yes,No,No,No internet service,No internet service,No internet service,No internet service,No internet service,No internet service,Month-to-month,Yes,Bank transfer (automatic),24.29,1333.12,No
CUST-03580,Male,0,No,No,41,Yes,No,No,No internet service,No internet service,No internet service,No internet service,No internet service,No internet service,Month-to-month,Yes,Bank transfer (automatic),21.47,862.9,Yes
CUST-03581,Male,1,No,No,66,Yes,Yes,Fiber optic,No,Yes,No,No,Yes,No,Two year,Yes,Bank transfer (automatic),75.09,5041.36,No
CUST-03582,Male,1,No,No,31,Yes,Yes,DSL,No,Yes,No,No,Yes,No,One year,No,Credit card (automatic),66.2,2119.88,No
CUST-03583,Female,0,Yes,No,64,Yes,Yes,No,No internet service,No internet service,No internet service,No internet service,No internet service,No internet service,Month-to-month,Yes,Bank transfer (automatic),29.86,1898.17,No
CUST-03584,Female,0,No,Yes,58,Yes,No,DSL,No,Yes,No,Yes,No,No,Month-to-month,No,Electronic check,48.66,2813.44,No
CUST-03585,Male,0,Yes,No,55,Yes,No,Fiber optic,No,No,No,No,No,Yes,Month-to-month,No,Credit card (automatic),63.78,3443.34,Yes
CUST-03586,Male,0,No,No,46,Yes,Yes,No,No internet service,No internet service,No internet service,No internet service,No internet service,No internet service,One year,Yes,Electronic check,37.03,1715.0,No
CUST-03587,Male,0,Yes,No,24,Yes,No,DSL,No,No,Yes,Yes,Yes,No,Two year,Yes,Credit card (automatic),62.69,1478.49,No
CUST-03588,Female,1,Yes,No,37,Yes,Yes,No,No internet service,No internet service,No internet service,No internet service,No internet service,No internet service,Month-to-month,Yes,Mailed check,25.51,965.64,No
CUST-03589,Male,0,Yes,Yes,41,Yes,Yes,DSL,No,No,No,Yes,No,No,Month-to-month,Yes,Credit card (automatic),42.22,1666.36,No
CUST-03590,Female,0,No,Yes,25,Yes,No,No,No internet service,No internet service,No internet service,No internet service,No internet service,No internet service,One year,No,Mailed check,24.16,649.55,No
CUST-03591,Male,0,Yes,No,29,Yes,No,Fiber optic,No,Yes,No,No,Yes,Yes,Two year,No,Bank transfer (automatic),88.21,2549.98,No
CUST-03592,Male,0,No,Yes,31,Yes,No,Fiber optic,Yes,No,No,Yes,No,Yes,Two year,No,Mailed check,73.32,2342.05,No
CUST-03593,Male,0,No,No,2,Yes,Yes,Fiber optic,No,Yes,Yes,Yes,No,Yes,One year,Yes,Bank transfer (automatic),77.15,156.49,Yes
CUST-03594,Male,0,No,Yes,12,No,No phone service,Fiber optic,No,Yes,No,No,No,Yes,Month-to-month,Yes,Credit card (automatic),65.33,758.73,Yes
CUST-03595,Male,0,No,Yes,5,No,No phone service,Fiber optic,Yes,No,No,No,No,Yes,Month-to-month,Yes,Credit card (automatic),69.5,330.03,Yes
CUST-03596,Male,0,No,No,61,Yes,Yes,Fiber optic,No,No,No,No,Yes,Yes,Month-to-month,No,Electronic check,88.59,5316.03,Yes
CUST-03597,Female,0,No,No,56,Yes,No,Fiber optic,No,Yes,No,No,Yes,Yes,Two year,No,Credit card (automatic),84.22,4740.41,No
CUST-03598,Male,0,Yes,Yes,71,Yes,No,No,No internet service,No internet service,No internet service,No internet service,No internet service,No internet service,Month-to-month,Yes,Mailed check,25.93,1933.46,No
CUST-03599,Female,0,No,Yes,37,Yes,Yes,DSL,No,Yes,No,No,No,No,Month-to-month,Yes,Bank transfer (automatic),45.79,1634.81,Yes
CUST-03600,Male,0,No,No,36,Yes,No,DSL,Yes,No,No,No,Yes,Yes,Month-to-month,Yes,Electronic check,67.71,2355.88,Yes
CUST-03601,Male,0,Yes,No,29,Yes,No,No,No internet service,No internet service,No internet service,No internet service,No internet service,No internet service,Month-to-month,Yes,Bank transfer (automatic),21.83,736.08,Yes
CUST-03602,Female,0,No,No,38,Yes,No,Fiber optic,No,No,No,No,No,Yes,Month-to-month,No,Credit card (automatic),65.86,2444.1,Yes
CUST-03603,Male,0,Yes,Yes,41,Yes,Yes,DSL,No,No,No,No,Yes,No,Two year,No,Electronic check,54.46,2248.95,No
CUST-03604,Female,0,Yes,No,33,Yes,No,Fiber optic,No,No,No,No,Yes,No,Two year,Yes,Mailed check,70.81,2364.73,Yes
CUST-03605,Female,0,Yes,Yes,13,Yes,No,Fiber optic,No,No,Yes,No,Yes,Yes,Month-to-month,No,Credit card (automatic),82.28,1070.04,Yes
CUST-03606,Male,0,Yes,No,6,Yes,Yes,Fiber optic,No,Yes,Yes,Yes,No,Yes,Month-to-month,No,Electronic check,81.93,413.94,Yes
CUST-03607,Female,0,No,No,66,Yes,No,DSL,No,No,No,Yes,No,No,Month-to-month,No,Credit card (automatic),44.39,3001.54,No
CUST-03608,Female,0,No,No,8,Yes,No,No,No internet service,No internet service,No internet service,No internet service,No internet service,No internet service,Month-to-month,No,Electronic check,18.0,127.95,Yes
CUST-03609,Male,0,No,No,64,Yes,No,Fiber optic,Yes,No,Yes,Yes,No,No,One year,No,Mailed check,72.68,4718.37,No
CUST-03610,Female,1,No,Yes,9,No,No phone service,Fiber optic,No,Yes,No,No,Yes,No,Two year,No,Bank transfer (automatic),70.19,692.65,No
CUST-03611,Male,0,Yes,No,23,Yes,Yes,No,No internet service,No internet service,No internet service,No internet service,No internet service,No internet service,Month-to-month,No,Mailed check,25.46,698.11,No
CUST-03612,Male,0,Yes,No,71,Yes,Yes,DSL,No,Yes,No,No,Yes,Yes,Month-to-month,Yes,Mailed check,70.34,5009.52,Yes
CUST-03613,Male,0,No,No,21,Yes,No,Fiber optic,No,No,Yes,No,No,No,Two year,No,Bank transfer (automatic),65.5,1350.22,No
CUST-03614,Male,0,No,No,1,Yes,No,No,No internet service,No internet service,No internet service,No internet service,No internet service,No internet service,Two year,Yes,Credit card (automatic),24.36,18.0,No
CUST-03615,Female,1,Yes,Yes,46,No,No phone service,DSL,Yes,No,Yes,Yes,No,No,Two year,Yes,Bank transfer (automatic),56.54,2506.97,No
CUST-03616,Male,0,No,No,62,Yes,Yes,Fiber optic,No,Yes,No,Yes,No,No,Two year,Yes,Bank transfer (automatic),72.77,4533.5,No
CUST-03617,Male,1,No,Yes,2,Yes,No,No,No internet service,No internet service,No internet service,No internet service,No internet service,No internet service,Two year,Yes,Bank transfer (automatic),24.34,52.06,No
CUST-03618,Female,0,No,No,44,Yes,Yes,Fiber optic,No,Yes,No,Yes,Yes,No,Month-to-month,No,Mailed check,79.08,3402.84,No
CUST-03619,Male,0,Yes,No,5,Yes,Yes,Fiber optic,No,Yes,No,Yes,Yes,No,Month-to-month,Yes,Electronic check,84.62,464.4,Yes
CUST-03620,Male,0,Yes,Yes,39,Yes,No,Fiber optic,No,No,No,No,No,No,One year,No,Credit card (automatic),52.99,2115.98,No
CUST-03621,Female,0,No,Yes,66,Yes,No,Fiber optic,No,No,Yes,No,No,Yes,Two year,No,Electronic check,65.84,4471.83,No
CUST-03622,Female,0,No,No,45,Yes,No,Fiber optic,No,Yes,Yes,No,No,No,Month-to-month,Yes,Bank transfer (automatic),61.86,2768.29,Yes
CUST-03623,Female,0,Yes,No,13,Yes,Yes,No,No internet service,No internet service,No internet service,No internet service,No internet service,No internet service,One year,No,Bank transfer (automatic),32.61,413.23,No
CUST-03624,Female,0,No,Yes,32,Yes,No,Fiber optic,No,No,No,Yes,No,Yes,Month-to-month,Yes,Bank transfer (automatic),72.74,2345.13,Yes
CUST-03625,Female,0,No,Yes,43,Yes,Yes,Fiber optic,No,No,No,No,Yes,Yes,Two year,Yes,Credit card (automatic),80.03,3528.33,No
CUST-03626,Female,1,Yes,No,8,Yes,No,Fiber optic,No,Yes,Yes,No,Yes,No,Month-to-month,No,Mailed check,73.09,551.32,Yes
CUST-03627,Female,0,Yes,No,59,Yes,No,Fiber optic,No,No,Yes,Yes,Yes,No,Month-to-month,Yes,Electronic check,75.64,4492.28,Yes
CUST-03628,Male,0,No,No,11,No,No phone service,Fiber optic,No,Yes,No,No,No,No,Two year,No,Credit card (automatic),59.83,699.31,Yes
CUST-03629,Female,0,Yes,No,28,Yes,No,No,No internet service,No internet service,No internet service,No internet service,No internet service,No internet service,Month-to-month,No,Credit card (automatic),25.43,721.31,No
CUST-03630,Female,0,No,No,39,Yes,Yes,DSL,No,No,No,No,Yes,Yes,Month-to-month,No,Bank transfer (automatic),67.22,2617.28,No
CUST-03631,Female,0,Yes,Yes,26,Yes,No,DSL,No,Yes,No,Yes,No,Yes,Month-to-month,No,Credit card (automatic),52.79,1395.52,Yes
CUST-03632,Male,0,No,Yes,72,Yes,No,Fiber optic,Yes,No,No,No,No,Yes,Month-to-month,Yes,Credit card (automatic),70.52,5095.77,Yes
CUST-03633,Male,0,No,No,26,Yes,No,No,No internet service,No internet service,No internet service,No internet service,No internet service,No internet service,Two year,Yes,Credit card (automatic),27.05,699.24,No
CUST-03634,Female,0,Yes,No,32,No,No phone service,No,No internet service,No internet service,No internet service,No internet service,No internet service,No internet service,One year,Yes,Electronic check,26.17,840.63,No
CUST-03635,Female,0,No,No,46,Yes,Yes,Fiber optic,No,No,No,No,No,No,Two year,No,Bank transfer (automatic),53.33,2412.63,No
CUST-03636,Female,0,Yes,No,28,Yes,No,Fiber optic,No,No,No,Yes,No,No,Month-to-month,Yes,Electronic check,56.01,1604.71,Yes
CUST-03637,Male,0,Yes,No,7,Yes,No,Fiber optic,Yes,No,No,No,Yes,Yes,Two year,No,Electronic check,70.46,507.27,No
CUST-03638,Male,0,No,No,35,Yes,Yes,Fiber optic,No,No,No,No,Yes,Yes,Two year,Yes,Electronic check,86.71,2952.2,No
CUST-03639,Female,0,No,No,66,Yes,No,DSL,No,No,No,No,No,No,Month-to-month,No,Bank transfer (automatic),34.09,2239.52,No
CUST-03640,Male,0,Yes,Yes,22,Yes,No,Fiber optic,No,No,No,Yes,Yes,No,Two year,Yes,Credit card (automatic),77.28,1688.86,No
CUST-03641,Female,1,Yes,No,22,Yes,No,DSL,No,No,Yes,No,No,Yes,Two year,No,Bank transfer (automatic),56.4,1209.64,No
CUST-03642,Male,0,Yes,Yes,3,Yes,No,Fiber optic,Yes,Yes,No,No,No,Yes,One year,No,Bank transfer (automatic),76.4,243.17,No
CUST-03643,Male,0,Yes,No,46,Yes,No,DSL,No,No,No,Yes,No,Yes,Month-to-month,No,Electronic check,52.61,2422.58,No
CUST-03644,Female,0,Yes,No,50,Yes,Yes,Fiber optic,No,No,Yes,No,Yes,No,Month-to-month,No,Electronic check,76.0,3812.22,Yes
CUST-03645,Female,0,No,No,8,Yes,No,Fiber optic,No,Yes,No,No,Yes,Yes,One year,Yes,Mailed check,78.49,556.6,Yes
CUST-03646,Female,0,Yes,No,4,Yes,No,DSL,No,No,Yes,No,Yes,No,One year,Yes,Mailed check,50.12,143.74,No
CUST-03647,Female,0,No,No,15,Yes,Yes,Fiber optic,Yes,No,Yes,Yes,Yes,No,One year,Yes,Bank transfer (automatic),83.47,1258.69,Yes
CUST-03648,Male,0,Yes,Yes,44,Yes,Yes,DSL,Yes,No,No,No,No,Yes,Month-to-month,Yes,Mailed check,62.73,2754.58,Yes
CUST-03649,Male,1,No,No,39,Yes,No,DSL,Yes,No,Yes,No,No,No,One year,Yes,Mailed check,55.33,2177.91,No
CUST-03650,Male,0,No,Yes,29,Yes,No,Fiber optic,Yes,No,No,Yes,Yes,No,Month-to-month,Yes,Credit card (automatic),82.23,2413.5,No
CUST-03651,Female,0,No,No,62,Yes,No,No,No internet service,No internet service,No internet service,No internet service,No internet service,No internet service,Month-to-month,Yes,Credit card (automatic),23.41,1423.36,No
CUST-03652,Male,0,Yes,No,34,Yes,No,No,No internet service,No internet service,No internet service,No internet service,No internet service,No internet service,Month-to-month,Yes,Credit card (automatic),28.19,966.33,No
CUST-03653,Female,0,No,Yes,26,Yes,Yes,No,No internet service,No internet service,No internet service,No internet service,No internet service,No internet service,One year,No,Electronic check,31.52,811.78,No
CUST-03654,Male,0,No,No,18,Yes,No,DSL,No,Yes,No,No,No,No,Two year,Yes,Electronic check,47.19,802.5,Yes
CUST-03655,Female,1,No,No,63,Yes,No,Fiber optic,No,No,No,No,No,No,Month-to-month,No,Electronic check,59.31,3729.23,No
CUST-03656,Female,0,No,No,52,Yes,Yes,DSL,Yes,Yes,No,No,No,Yes,Two year,Yes,Credit card (automatic),62.03,3296.65,No
CUST-03657,Male,0,Yes,No,54,Yes,Yes,DSL,No,Yes,No,Yes,No,Yes,Month-to-month,Yes,Mailed check,62.65,3305.79,No
CUST-03658,Female,0,No,No,42,Yes,Yes,No,No internet service,No internet service,No internet service,No internet service,No internet service,No internet service,One year,Yes,Bank transfer (automatic),33.99,1453.26,No
CUST-03659,Female,0,No,Yes,54,Yes,No,Fiber optic,No,No,No,No,No,No,Month-to-month,Yes,Electronic check,57.71,3056.97,Yes
CUST-03660,Male,1,No,No,52,Yes,No,Fiber optic,Yes,Yes,Yes,No,No,No,Month-to-month,No,Bank transfer (automatic),65.96,3573.07,No
CUST-03661,Female,0,No,No,13,Yes,No,Fiber optic,No,No,No,No,No,No,Month-to-month,Yes,Bank transfer (automatic),56.53,769.87,No
CUST-03662,Female,0,No,Yes,32,Yes,No,DSL,No,No,No,Yes,No,No,Month-to-month,No,Bank transfer (automatic),43.55,1427.48,No
CUST-03663,Female,0,No,No,66,Yes,Yes,DSL,No,No,Yes,No,No,Yes,Two year,No,Electronic check,58.28,3834.09,No
CUST-03664,Male,0,No,No,58,No,No phone service,Fiber optic,Yes,Yes,Yes,No,No,Yes,One year,No,Electronic check,76.84,4436.6,Yes
CUST-03665,Male,0,No,No,39,Yes,Yes,DSL,No,No,No,Yes,Yes,No,Month-to-month,Yes,Bank transfer (automatic),66.6,2663.52,Yes
CUST-03666,Female,0,Yes,Yes,27,No,No phone service,Fiber optic,No,No,No,No,No,No,Two year,Yes,Bank transfer (automatic),54.51,1415.07,No
CUST-03667,Male,0,No,No,54,Yes,Yes,Fiber optic,Yes,No,No,No,Yes,No,One year,No,Mailed check,80.29,4386.16,No
CUST-03668,Female,0,No,Yes,72,No,No phone service,DSL,Yes,No,No,No,No,No,Month-to-month,No,Mailed check,36.53,2634.67,No
CUST-03669,Female,1,Yes,No,43,Yes,Yes,No,No internet service,No internet service,No internet service,No internet service,No internet service,No internet service,Month-to-month,No,Electronic check,31.16,1386.37,Yes
CUST-03670,Female,0,Yes,No,52,Yes,Yes,Fiber optic,No,No,No,No,No,Yes,Two year,Yes,Mailed check,74.38,3854.6,No
CUST-03671,Female,0,No,Yes,14,Yes,No,Fiber optic,Yes,No,No,No,Yes,Yes,One year,No,Electronic check,81.11,1136.93,No
CUST-03672,Female,0,No,Yes,8,Yes,Yes,DSL,Yes,No,No,No,Yes,No,One year,Yes,Credit card (automatic),61.2,478.05,No
CUST-03673,Male,0,Yes,No,35,No,No phone service,Fiber optic,No,Yes,No,Yes,Yes,Yes,One year,No,Electronic check,90.05,3155.19,No
CUST-03674,Female,1,No,Yes,18,Yes,Yes,DSL,No,Yes,No,No,No,Yes,Two year,Yes,Credit card (automatic),66.62,1176.94,No
CUST-03675,Male,0,No,Yes,55,Yes,No,Fiber optic,No,No,Yes,No,No,Yes,Month-to-month,Yes,Electronic check,71.37,4020.91,No
CUST-03676,Male,0,Yes,No,52,Yes,No,Fiber optic,No,Yes,No,No,No,Yes,One year,Yes,Electronic check,64.28,3377.93,No
CUST-03677,Female,0,Yes,No,72,Yes,No,DSL,No,Yes,No,No,Yes,No,Two year,No,Bank transfer (automatic),62.76,4520.08,No
CUST-03678,Female,0,No,No,49,Yes,No,No,No internet service,No internet service,No internet service,No internet service,No internet service,No internet service,One year,Yes,Bank transfer (automatic),29.95,1498.8,No
CUST-03679,Male,0,No,No,8,Yes,No,Fiber optic,No,No,No,Yes,Yes,No,Month-to-month,Yes,Credit card (automatic),74.65,508.88,Yes
CUST-03680,Male,0,Yes,No,37,Yes,Yes,Fiber optic,No,Yes,No,No,No,No,Month-to-month,Yes,Bank transfer (automatic),59.89,2260.18,Yes
CUST-03681,Male,1,Yes,No,66,Yes,Yes,DSL,Yes,No,No,No,Yes,No,Two year,No,Bank transfer (automatic),52.2,3473.0,No
CUST-03682,Female,0,Yes,Yes,41,No,No phone service,No,No internet service,No internet service,No internet service,No internet service,No internet service,No internet service,Two year,Yes,Electronic check,23.5,863.19,No
CUST-03683,Male,1,No,No,27,Yes,No,DSL,No,No,No,No,No,No,Month-to-month,Yes,Credit card (automatic),41.36,1126.52,No
CUST-03684,Female,0,Yes,No,20,Yes,Yes,DSL,No,No,No,No,No,No,Month-to-month,No,Bank transfer (automatic),47.03,897.46,No
CUST-03685,Female,0,No,Yes,38,Yes,Yes,DSL,No,Yes,No,Yes,No,Yes,Month-to-month,Yes,Electronic check,63.26,2408.15,Yes
CUST-03686,Female,0,Yes,No,12,Yes,Yes,No,No internet service,No internet service,No internet service,No internet service,No internet service,No internet service,Month-to-month,No,Bank transfer (automatic),33.87,421.67,Yes
CUST-03687,Male,0,No,No,42,Yes,No,DSL,Yes,Yes,No,Yes,No,Yes,One year,No,Credit card (automatic),65.39,2704.7,Yes
CUST-03688,Female,0,Yes,No,50,Yes,Yes,Fiber optic,Yes,No,No,No,No,Yes,Month-to-month,Yes,Mailed check,70.32,3493.91,No
CUST-03689,Female,1,No,No,31,Yes,No,Fiber optic,No,Yes,No,No,No,No,Month-to-month,Yes,Electronic check,57.31,1769.84,No
CUST-03690,Female,1,No,No,65,Yes,Yes,No,No internet service,No internet service,No internet service,No internet service,No internet service,No internet service,Month-to-month,Yes,Credit card (automatic),34.68,2283.38,No
CUST-03691,Female,1,Yes,No,53,Yes,No,Fiber optic,No,No,Yes,No,Yes,No,One year,No,Credit card (automatic),67.78,3598.01,Yes
CUST-03692,Female,0,Yes,Yes,40,No,No phone service,Fiber optic,No,Yes,No,No,No,No,Month-to-month,No,Bank transfer (automatic),60.23,2440.82,No
CUST-03693,Male,1,No,No,39,Yes,Yes,No,No internet service,No internet service,No internet service,No internet service,No internet service,No internet service,Month-to-month,No,Electronic check,33.62,1204.9,No
CUST-03694,Female,0,Yes,Yes,10,Yes,No,DSL,Yes,No,No,No,No,No,Month-to-month,Yes,Mailed check,48.45,454.62,No
CUST-03695,Female,0,No,Yes,29,Yes,No,No,No internet service,No internet service,No internet service,No internet service,No internet service,No internet service,Month-to-month,Yes,Mailed check,27.01,823.86,No
CUST-03696,Male,0,Yes,No,40,Yes,No,DSL,No,Yes,No,No,Yes,Yes,One year,No,Bank transfer (automatic),61.75,2454.93,No
CUST-03697,Female,0,Yes,Yes,30,No,No phone service,No,No internet service,No internet service,No internet service,No internet service,No internet service,No internet service,One year,Yes,Credit card (automatic),25.14,771.64,No
CUST-03698,Male,0,No,Yes,2,Yes,Yes,DSL,Yes,Yes,No,Yes,No,No,Month-to-month,Yes,Electronic check,65.85,109.88,No
CUST-03699,Female,0,No,Yes,28,No,No phone service,Fiber optic,No,No,Yes,No,Yes,No,Month-to-month,Yes,Electronic check,73.62,2008.7,No
CUST-03700,Male,1,No,No,47,No,No phone service,DSL,No,No,No,Yes,No,No,Month-to-month,Yes,Electronic check,51.9,2489.06,No
CUST-03701,Male,0,Yes,Yes,32,Yes,Yes,DSL,No,Yes,Yes,No,No,Yes,Month-to-month,Yes,Bank transfer (automatic),65.47,2098.12,Yes
CUST-03702,Female,0,Yes,No,32,Yes,No,Fiber optic,Yes,No,No,No,No,No,Two year,No,Mailed check,59.21,1855.78,No
CUST-03703,Female,1,No,Yes,27,Yes,No,Fiber optic,No,No,No,No,No,Yes,Month-to-month,Yes,Mailed check,65.12,1864.75,Yes
CUST-03704,Female,0,Yes,No,54,Yes,Yes,No,No internet service,No internet service,No internet service,No internet service,No internet service,No internet service,Month-to-month,No,Mailed check,21.84,1170.35,No
CUST-03705,Male,1,Yes,No,56,Yes,Yes,DSL,Yes,Yes,No,No,No,Yes,Two year,Yes,Electronic check,63.38,3579.72,No
CUST-03706,Male,0,Yes,No,31,No,No phone service,DSL,No,No,Yes,Yes,Yes,No,Month-to-month,Yes,Electronic check,65.53,2086.12,No
CUST-03707,Male,0,Yes,No,24,Yes,No,No,No internet service,No internet service,No internet service,No internet service,No internet service,No internet service,Month-to-month,Yes,Credit card (automatic),21.41,531.96,No
CUST-03708,Female,0,No,No,35,Yes,Yes,Fiber optic,No,Yes,No,No,No,No,Month-to-month,Yes,Bank transfer (automatic),67.04,2259.2,Yes
CUST-03709,Male,0,No,No,30,Yes,No,Fiber optic,No,Yes,No,Yes,No,No,One year,No,Bank transfer (automatic),63.16,1977.35,No
CUST-03710,Male,0,No,No,55,Yes,No,Fiber optic,No,No,Yes,No,No,No,Month-to-month,No,Electronic check,59.5,3206.03,No
CUST-03711,Female,0,No,Yes,64,Yes,Yes,DSL,Yes,No,No,No,No,No,Month-to-month,No,Electronic check,51.0,3266.13,No
CUST-03712,Male,0,No,No,33,Yes,No,Fiber optic,Yes,No,No,No,Yes,Yes,Month-to-month,No,Electronic check,79.08,2571.19,Yes
CUST-03713,Male,1,No,No,46,Yes,Yes,Fiber optic,No,No,No,Yes,Yes,No,One year,Yes,Credit card (automatic),71.44,3329.58,Yes
CUST-03714,Female,0,No,No,33,Yes,No,Fiber optic,No,No,No,No,No,Yes,One year,Yes,Electronic check,65.11,2105.1,No
CUST-03715,Male,0,Yes,No,68,Yes,No,Fiber optic,Yes,Yes,Yes,Yes,Yes,No,Month-to-month,No,Electronic check,81.24,5538.69,Yes
CUST-03716,Female,0,Yes,No,64,Yes,Yes,DSL,No,No,No,No,No,Yes,One year,No,Mailed check,58.85,3658.17,No
CUST-03717,Female,0,No,No,30,Yes,No,No,No internet service,No internet service,No internet service,No internet service,No internet service,No internet service,Month-to-month,No,Electronic check,33.67,1086.64,No
CUST-03718,Female,0,Yes,No,29,Yes,Yes,No,No internet service,No internet service,No internet service,No internet service,No internet service,No internet service,Month-to-month,No,Mailed check,24.84,727.05,Yes
CUST-03719,Female,1,Yes,No,62,No,No phone service,No,No internet service,No internet service,No internet service,No internet service,No internet service,No internet service,Month-to-month,Yes,Bank transfer (automatic),18.0,1173.96,No
CUST-03720,Female,0,No,No,30,Yes,No,DSL,No,No,No,No,No,No,Month-to-month,No,Credit card (automatic),37.48,1184.1,No
CUST-03721,Male,0,No,Yes,12,Yes,Yes,DSL,No,Yes,Yes,Yes,Yes,Yes,Month-to-month,Yes,Bank transfer (automatic),76.53,975.17,Yes
CUST-03722,Male,0,No,No,67,Yes,Yes,Fiber optic,No,No,Yes,Yes,No,Yes,Two year,Yes,Mailed check,74.98,5072.85,No
CUST-03723,Female,0,Yes,No,15,Yes,Yes,Fiber optic,Yes,No,No,No,Yes,No,Two year,Yes,Bank transfer (automatic),75.32,1082.83,No
CUST-03724,Female,0,No,No,10,Yes,Yes,Fiber optic,No,No,No,Yes,No,Yes,Month-to-month,No,Electronic check,75.3,760.01,Yes
CUST-03725,Male,0,No,Yes,61,Yes,No,DSL,No,No,No,Yes,No,Yes,Month-to-month,Yes,Credit card (automatic),62.94,3779.39,No
CUST-03726,Female,0,No,Yes,23,Yes,No,Fiber optic,Yes,No,No,Yes,No,Yes,Month-to-month,No,Mailed check,76.51,1753.68,No
CUST-03727,Female,0,Yes,No,11,Yes,No,Fiber optic,No,No,Yes,No,Yes,Yes,Month-to-month,Yes,Credit card (automatic),78.25,917.62,Yes
CUST-03728,Female,0,Yes,Yes,16,Yes,No,DSL,No,No,No,No,No,No,Month-to-month,Yes,Bank transfer (automatic),36.37,532.56,Yes
CUST-03729,Male,0,Yes,No,49,Yes,Yes,Fiber optic,No,No,No,Yes,No,No,Two year,Yes,Electronic check,56.01,2803.8,No
CUST-03730,Male,0,Yes,Yes,14,Yes,Yes,Fiber optic,No,No,No,Yes,No,No,Two year,Yes,Electronic check,65.52,953.94,No
CUST-03731,Female,0,Yes,Yes,6,No,No phone service,Fiber optic,Yes,Yes,No,No,Yes,No,One year,No,Mailed check,75.17,422.03,Yes
CUST-03732,Female,1,Yes,No,42,No,No phone service,DSL,No,No,Yes,No,No,Yes,Month-to-month,Yes,Bank transfer (automatic),58.5,2428.19,Yes
CUST-03733,Male,0,No,Yes,17,Yes,No,No,No internet service,No internet service,No internet service,No internet service,No internet service,No internet service,Month-to-month,Yes,Electronic check,31.51,454.89,No
CUST-03734,Male,0,No,No,42,Yes,Yes,DSL,No,No,No,Yes,Yes,No,Month-to-month,Yes,Electronic check,69.22,2923.46,No
CUST-03735,Female,0,No,No,10,Yes,No,No,No internet service,No internet service,No internet service,No internet service,No internet service,No internet service,Month-to-month,Yes,Bank transfer (automatic),29.18,347.65,Yes
CUST-03736,Female,1,Yes,No,46,Yes,Yes,No,No internet service,No internet service,No internet service,No internet service,No internet service,No internet service,Month-to-month,No,Electronic check,32.86,1470.37,No
CUST-03737,Male,1,Yes,No,49,Yes,No,DSL,No,Yes,Yes,No,No,Yes,One year,No,Mailed check,60.77,2987.88,No
CUST-03738,Male,1,Yes,No,9,Yes,Yes,Fiber optic,No,No,Yes,No,No,No,One year,Yes,Bank transfer (automatic),65.85,554.99,Yes
CUST-03739,Male,0,Yes,No,39,Yes,No,DSL,No,No,Yes,No,No,Yes,One year,No,Mailed check,56.2,2124.41,No
CUST-03740,Female,0,Yes,Yes,2,Yes,Yes,Fiber optic,No,No,Yes,No,No,Yes,Month-to-month,Yes,Credit card (automatic),78.51,282.62,Yes
CUST-03741,Male,0,No,Yes,68,Yes,Yes,No,No internet service,No internet service,No internet service,No internet service,No internet service,No internet service,Month-to-month,Yes,Credit card (automatic),30.59,2062.61,No
CUST-03742,Female,0,No,No,52,Yes,Yes,Fiber optic,Yes,No,No,No,No,No,Two year,Yes,Credit card (automatic),67.51,3608.75,No
CUST-03743,Male,0,No,No,11,Yes,Yes,DSL,Yes,No,Yes,Yes,No,Yes,One year,Yes,Credit card (automatic),70.73,822.6,No
CUST-03744,Male,0,No,No,37,Yes,Yes,DSL,No,Yes,No,No,No,No,Two year,Yes,Credit card (automatic),46.57,1687.75,No
CUST-03745,Male,0,No,Yes,72,Yes,Yes,DSL,No,Yes,No,No,Yes,No,Month-to-month,No,Electronic check,64.73,4688.34,No
CUST-03746,Male,0,No,No,22,Yes,No,Fiber optic,No,Yes,Yes,Yes,No,No,Two year,No,Mailed check,66.68,1472.87,Yes
CUST-03747,Female,0,No,No,52,Yes,Yes,No,No internet service,No internet service,No internet service,No internet service,No internet service,No internet service,One year,Yes,Bank transfer (automatic),28.75,1447.76,No
CUST-03748,Female,0,No,No,5,No,No phone service,Fiber optic,No,Yes,No,Yes,No,No,Month-to-month,Yes,Bank transfer (automatic),67.77,301.77,No
CUST-03749,Male,1,No,Yes,2,Yes,No,Fiber optic,No,Yes,Yes,No,No,Yes,Month-to-month,Yes,Electronic check,73.07,107.24,Yes
CUST-03750,Female,0,No,Yes,5,Yes,No,DSL,No,No,Yes,Yes,No,No,Month-to-month,Yes,Mailed check,50.01,220.97,Yes
CUST-03751,Male,0,Yes,Yes,32,Yes,No,Fiber optic,No,Yes,No,No,No,No,Month-to-month,No,Credit card (automatic),64.7,2153.92,Yes
CUST-03752,Male,0,No,Yes,19,Yes,No,DSL,No,No,No,No,No,No,Month-to-month,Yes,Credit card (automatic),36.11,660.16,No
CUST-03753,Male,0,No,No,4,No,No phone service,No,No internet service,No internet service,No internet service,No internet service,No internet service,No internet service,Month-to-month,Yes,Bank transfer (automatic),28.52,113.82,Yes
CUST-03754,Male,0,No,Yes,46,No,No phone service,DSL,No,Yes,No,No,Yes,Yes,Month-to-month,Yes,Electronic check,64.23,2946.22,Yes
CUST-03755,Female,0,Yes,No,26,Yes,No,Fiber optic,Yes,Yes,No,No,Yes,No,Two year,Yes,Mailed check,77.84,1996.99,No
CUST-03756,Male,0,Yes,No,50,Yes,Yes,Fiber optic,No,Yes,No,No,No,Yes,Month-to-month,Yes,Electronic check,76.4,3752.83,No
CUST-03757,Male,0,No,No,26,No,No phone service,Fiber optic,No,No,No,No,Yes,No,Two year,Yes,Bank transfer (automatic),65.47,1662.13,Yes
CUST-03758,Female,1,No,No,71,Yes,No,DSL,No,Yes,No,Yes,No,Yes,Two year,Yes,Electronic check,59.44,4212.58,No
CUST-03759,Male,0,Yes,No,32,No,No phone service,Fiber optic,No,Yes,Yes,No,Yes,Yes,Month-to-month,Yes,Credit card (automatic),85.02,2740.29,Yes
CUST-03760,Male,0,No,No,44,Yes,Yes,Fiber optic,Yes,No,No,No,No,Yes,Month-to-month,Yes,Electronic check,75.66,3364.34,Yes
CUST-03761,Male,0,No,Yes,26,Yes,Yes,No,No internet service,No internet service,No internet service,No internet service,No internet service,No internet service,One year,No,Mailed check,29.92,763.57,No
CUST-03762,Female,1,Yes,Yes,61,Yes,Yes,Fiber optic,No,No,No,Yes,Yes,Yes,Two year,No,Bank transfer (automatic),85.31,5112.55,No
CUST-03763,Male,0,No,Yes,51,Yes,No,DSL,Yes,No,No,No,Yes,No,Two year,No,Electronic check,62.87,3239.86,No
CUST-03764,Female,0,Yes,Yes,59,Yes,No,Fiber optic,No,Yes,No,No,Yes,No,One year,No,Credit card (automatic),72.08,4278.36,No
CUST-03765,Male,1,No,No,38,Yes,No,Fiber optic,No,Yes,No,No,No,No,Two year,Yes,Credit card (automatic),58.03,2164.51,No
CUST-03766,Male,1,No,No,26,Yes,Yes,No,No internet service,No internet service,No internet service,No internet service,No internet service,No internet service,Two year,No,Credit card (automatic),29.7,844.17,No
CUST-03767,Female,1,No,Yes,45,Yes,Yes,Fiber optic,No,Yes,Yes,Yes,Yes,Yes,Two year,Yes,Bank transfer (automatic),89.56,4044.18,No
CUST-03768,Male,0,No,No,31,Yes,No,DSL,No,No,No,Yes,No,No,Month-to-month,Yes,Mailed check,47.58,1538.97,Yes
CUST-03769,Male,0,Yes,No,70,Yes,Yes,No,No internet service,No internet service,No internet service,No internet service,No internet service,No internet service,One year,Yes,Credit card (automatic),23.86,1690.62,No
CUST-03770,Female,1,No,No,45,Yes,Yes,DSL,No,No,No,Yes,No,No,Month-to-month,Yes,Electronic check,58.33,2586.13,Yes
CUST-03771,Female,0,No,Yes,31,Yes,Yes,DSL,No,No,No,Yes,No,No,Two year,Yes,Mailed check,51.25,1559.53,No
CUST-03772,Female,0,No,Yes,61,Yes,Yes,DSL,No,No,No,No,No,Yes,Month-to-month,No,Electronic check,52.47,3274.85,Yes
CUST-03773,Female,0,Yes,No,48,Yes,No,No,No internet service,No internet service,No internet service,No internet service,No internet service,No internet service,Two year,Yes,Electronic check,24.55,1214.36,No
CUST-03774,Female,0,Yes,Yes,45,Yes,Yes,No,No internet service,No internet service,No internet service,No internet service,No internet service,No internet service,Month-to-month,Yes,Bank transfer (automatic),29.41,1327.53,No
CUST-03775,Male,1,No,No,60,Yes,No,DSL,No,No,Yes,Yes,No,No,Two year,Yes,Electronic check,45.88,2768.78,No
CUST-03776,Female,0,No,No,61,Yes,Yes,Fiber optic,No,No,Yes,Yes,Yes,No,Month-to-month,Yes,Mailed check,79.66,4820.39,No
CUST-03777,Male,0,Yes,No,52,Yes,No,Fiber optic,Yes,Yes,No,No,No,No,Month-to-month,No,Credit card (automatic),60.55,3218.32,No
CUST-03778,Male,1,No,No,52,Yes,No,Fiber optic,Yes,Yes,Yes,No,Yes,No,One year,Yes,Mailed check,82.18,4323.64,No
CUST-03779,Male,0,No,Yes,62,Yes,Yes,DSL,Yes,No,No,Yes,No,Yes,Month-to-month,Yes,Electronic check,63.46,3971.41,No
CUST-03780,Female,0,No,No,26,Yes,Yes,DSL,Yes,Yes,No,Yes,No,Yes,Two year,Yes,Mailed check,71.35,1902.3,No
CUST-03781,Female,0,No,Yes,67,Yes,Yes,Fiber optic,No,No,Yes,No,No,No,Two year,No,Bank transfer (automatic),64.98,4338.48,No
CUST-03782,Male,0,No,No,49,Yes,No,No,No internet service,No internet service,No internet service,No internet service,No internet service,No internet service,Month-to-month,No,Bank transfer (automatic),29.62,1433.33,No
CUST-03783,Female,0,No,Yes,44,Yes,No,DSL,Yes,No,Yes,No,No,No,One year,Yes,Electronic check,44.1,1944.83,No
CUST-03784,Female,0,Yes,No,36,Yes,No,DSL,No,No,No,No,No,Yes,Month-to-month,No,Electronic check,51.92,1910.75,Yes
CUST-03785,Female,0,No,Yes,53,Yes,Yes,DSL,Yes,No,No,No,No,No,Month-to-month,No,Bank transfer (automatic),57.93,3022.83,Yes
CUST-03786,Female,0,No,No,44,Yes,No,Fiber optic,No,Yes,No,No,No,Yes,Two year,Yes,Electronic check,66.92,2801.59,No
CUST-03787,Male,0,No,No,22,No,No phone service,DSL,No,No,No,No,Yes,No,Month-to-month,Yes,Credit card (automatic),53.39,1202.61,No
CUST-03788,Male,0,No,No,2,Yes,Yes,No,No internet service,No internet service,No internet service,No internet service,No internet service,No internet service,Month-to-month,Yes,Electronic check,30.79,57.37,Yes
CUST-03789,Female,0,Yes,Yes,7,Yes,No,Fiber optic,No,No,Yes,No,Yes,No,Month-to-month,Yes,Bank transfer (automatic),72.4,526.7,No
CUST-03790,Male,0,Yes,No,16,No,No phone service,Fiber optic,No,No,No,No,No,No,One year,No,Credit card (automatic),56.18,883.28,No
CUST-03791,Female,0,No,No,44,Yes,Yes,DSL,No,Yes,No,Yes,No,Yes,One year,Yes,Credit card (automatic),65.28,2828.52,Yes
CUST-03792,Female,0,Yes,No,65,Yes,Yes,DSL,Yes,No,Yes,Yes,Yes,Yes,Month-to-month,Yes,Bank transfer (automatic),88.36,5765.68,No
CUST-03793,Male,0,No,No,71,Yes,No,Fiber optic,Yes,No,No,No,No,Yes,Month-to-month,Yes,Credit card (automatic),66.25,4730.96,No
CUST-03794,Male,0,Yes,No,69,Yes,No,No,No internet service,No internet service,No internet service,No internet service,No internet service,No internet service,One year,No,Electronic check,18.0,1135.27,No
CUST-03795,Male,1,Yes,Yes,61,Yes,No,DSL,No,Yes,No,Yes,Yes,No,One year,Yes,Electronic check,64.85,3978.49,No
CUST-03796,Female,0,Yes,No,30,Yes,Yes,DSL,No,Yes,No,No,No,No,Two year,Yes,Bank transfer (automatic),45.11,1320.12,No
CUST-03797,Male,0,No,No,42,Yes,No,DSL,No,No,No,No,No,Yes,One year,Yes,Electronic check,51.55,2198.62,No
CUST-03798,Female,0,No,No,25,No,No phone service,Fiber optic,Yes,No,No,No,No,No,Month-to-month,No,Bank transfer (automatic),52.79,1379.12,Yes
CUST-03799,Male,1,No,No,71,Yes,No,DSL,No,Yes,No,No,No,Yes,Month-to-month,Yes,Mailed check,48.79,3454.33,No
CUST-03800,Male,0,No,No,57,Yes,Yes,DSL,Yes,Yes,No,Yes,Yes,No,Month-to-month,No,Bank transfer (automatic),77.75,4499.66,Yes
CUST-03801,Female,0,Yes,No,32,Yes,Yes,Fiber optic,No,No,No,No,No,No,Two year,No,Bank transfer (automatic),59.52,1861.2,No
CUST-03802,Female,0,Yes,Yes,50,No,No phone service,Fiber optic,No,No,Yes,Yes,No,Yes,Month-to-month,Yes,Mailed check,75.87,3737.6,Yes
CUST-03803,Female,0,No,No,10,No,No phone service,DSL,Yes,Yes,No,No,Yes,No,Month-to-month,No,Credit card (automatic),60.07,592.58,No
CUST-03804,Female,0,No,Yes,22,Yes,Yes,Fiber optic,No,No,No,No,Yes,Yes,One year,No,Mailed check,84.58,1824.22,Yes
CUST-03805,Female,0,Yes,No,41,Yes,No,DSL,Yes,Yes,No,No,Yes,Yes,Month-to-month,No,Credit card (automatic),57.12,2376.13,No
CUST-03806,Female,0,No,No,47,Yes,No,DSL,Yes,No,No,No,Yes,Yes,One year,Yes,Electronic check,72.22,3321.21,No
CUST-03807,Female,0,No,No,14,Yes,Yes,Fiber optic,Yes,No,No,No,Yes,Yes,Month-to-month,No,Mailed check,89.9,1196.11,Yes
CUST-03808,Female,0,Yes,No,3,Yes,No,Fiber optic,Yes,No,No,No,No,No,Month-to-month,Yes,Electronic check,58.04,258.49,Yes
CUST-03809,Male,0,Yes,No,53,No,No phone service,No,No internet service,No internet service,No internet service,No internet service,No internet service,No internet service,One year,Yes,Electronic check,26.8,1419.08,No
CUST-03810,Female,0,No,Yes,16,Yes,Yes,No,No internet service,No internet service,No internet service,No internet service,No internet service,No internet service,Month-to-month,No,Mailed check,26.81,492.05,No
CUST-03811,Female,0,Yes,Yes,61,Yes,No,Fiber optic,No,No,No,Yes,No,No,Month-to-month,Yes,Electronic check,57.76,3591.2,Yes
CUST-03812,Male,0,Yes,No,28,Yes,No,Fiber optic,Yes,Yes,No,Yes,No,No,Month-to-month,Yes,Credit card (automatic),61.99,1696.58,Yes
CUST-03813,Female,0,No,Yes,35,Yes,No,Fiber optic,Yes,No,Yes,No,Yes,Yes,Month-to-month,Yes,Mailed check,81.08,2813.29,No
CUST-03814,Male,1,Yes,Yes,2,Yes,No,Fiber optic,Yes,No,No,No,No,No,Month-to-month,No,Electronic check,54.87,150.42,Yes
CUST-03815,Male,0,No,No,61,Yes,No,DSL,No,No,Yes,No,Yes,Yes,One year,Yes,Electronic check,74.39,4443.62,No
CUST-03816,Female,1,Yes,Yes,56,Yes,Yes,Fiber optic,Yes,Yes,No,No,Yes,Yes,One year,Yes,Electronic check,90.59,5003.55,No
CUST-03817,Male,0,No,Yes,55,Yes,No,No,No internet service,No internet service,No internet service,No internet service,No internet service,No internet service,Month-to-month,Yes,Mailed check,18.0,1021.06,No
CUST-03818,Female,1,No,Yes,18,Yes,No,Fiber optic,Yes,No,No,No,Yes,Yes,Two year,Yes,Mailed check,81.9,1427.67,No
CUST-03819,Male,0,Yes,No,71,Yes,Yes,Fiber optic,Yes,No,No,Yes,No,Yes,Month-to-month,Yes,Electronic check,77.83,5474.94,Yes
CUST-03820,Male,0,Yes,Yes,49,Yes,No,Fiber optic,No,No,No,No,Yes,No,Two year,Yes,Credit card (automatic),71.65,3537.31,No
CUST-03821,Male,0,No,No,42,Yes,Yes,Fiber optic,Yes,Yes,No,Yes,No,Yes,Month-to-month,Yes,Bank transfer (automatic),92.17,3799.71,No
CUST-03822,Female,0,No,Yes,7,Yes,No,Fiber optic,Yes,No,No,No,No,No,Month-to-month,Yes,Electronic check,59.92,398.61,Yes
CUST-03823,Female,0,No,No,4,Yes,No,Fiber optic,No,No,No,No,No,Yes,Month-to-month,No,Mailed check,65.11,226.54,Yes
CUST-03824,Male,0,Yes,No,43,Yes,No,Fiber optic,No,No,Yes,No,Yes,Yes,Month-to-month,Yes,Credit card (automatic),79.51,3416.56,Yes
CUST-03825,Male,0,No,No,59,Yes,Yes,No,No internet service,No internet service,No internet service,No internet service,No internet service,No internet service,Two year,No,Bank transfer (automatic),32.06,1901.92,No
CUST-03826,Female,0,No,No,49,Yes,No,Fiber optic,No,Yes,No,No,Yes,Yes,Month-to-month,Yes,Electronic check,84.81,4064.87,No
CUST-03827,Female,0,No,No,60,Yes,No,Fiber optic,No,Yes,Yes,Yes,No,No,Two year,Yes,Credit card (automatic),69.36,4168.56,No
CUST-03828,Male,0,No,No,6,Yes,No,Fiber optic,No,No,No,Yes,No,No,Month-to-month,Yes,Credit card (automatic),59.74,369.51,Yes
CUST-03829,Male,0,Yes,No,20,Yes,Yes,Fiber optic,No,No,Yes,No,No,Yes,Month-to-month,No,Bank transfer (automatic),68.98,1463.81,Yes
CUST-03830,Female,0,No,No,31,Yes,No,No,No internet service,No internet service,No internet service,No internet service,No internet service,No internet service,Two year,Yes,Electronic check,23.77,752.43,No
CUST-03831,Female,0,Yes,No,22,Yes,Yes,DSL,No,No,Yes,No,No,Yes,Month-to-month,Yes,Electronic check,57.35,1258.64,Yes
CUST-03832,Female,0,Yes,No,32,Yes,No,Fiber optic,No,Yes,No,No,No,No,Month-to-month,No,Bank transfer (automatic),55.61,1824.4,Yes
CUST-03833,Female,1,No,No,47,Yes,No,Fiber optic,No,No,Yes,No,Yes,Yes,One year,Yes,Electronic check,78.24,3680.91,Yes
CUST-03834,Female,0,No,Yes,34,Yes,No,Fiber optic,Yes,No,No,No,No,Yes,Two year,No,Mailed check,72.93,2489.55,No
CUST-03835,Male,0,Yes,No,27,No,No phone service,No,No internet service,No internet service,No internet service,No internet service,No internet service,No internet service,Month-to-month,No,Electronic check,25.74,699.29,No
CUST-03836,Female,0,No,No,44,Yes,No,DSL,No,No,Yes,No,Yes,No,One year,Yes,Electronic check,58.36,2651.97,Yes
CUST-03837,Male,0,Yes,No,30,Yes,No,Fiber optic,No,No,No,Yes,No,No,Month-to-month,Yes,Mailed check,64.0,1847.64,No
CUST-03838,Female,0,No,No,33,Yes,No,No,No internet service,No internet service,No internet service,No internet service,No internet service,No internet service,Month-to-month,Yes,Bank transfer (automatic),27.88,904.07,No
CUST-03839,Male,0,No,Yes,27,Yes,Yes,DSL,No,No,Yes,No,No,No,Month-to-month,No,Electronic check,54.45,1486.78,Yes
CUST-03840,Female,0,Yes,No,56,Yes,No,DSL,No,Yes,Yes,Yes,Yes,Yes,Month-to-month,No,Electronic check,70.35,3925.8,No
CUST-03841,Female,0,Yes,No,23,Yes,Yes,DSL,Yes,No,Yes,No,No,No,Month-to-month,Yes,Electronic check,52.9,1159.55,No
CUST-03842,Male,0,Yes,Yes,43,Yes,No,No,No internet service,No internet service,No internet service,No internet service,No internet service,No internet service,Month-to-month,No,Bank transfer (automatic),29.33,1242.17,No
CUST-03843,Male,0,Yes,No,54,Yes,Yes,DSL,No,Yes,No,No,Yes,No,Two year,Yes,Electronic check,61.26,3279.94,No
CUST-03844,Female,0,Yes,No,68,Yes,Yes,DSL,No,Yes,No,No,No,No,Month-to-month,Yes,Mailed check,49.53,3319.62,No
CUST-03845,Female,0,No,Yes,53,Yes,No,DSL,Yes,No,Yes,Yes,No,Yes,One year,Yes,Electronic check,70.78,3775.91,No
CUST-03846,Female,1,Yes,Yes,40,Yes,No,Fiber optic,Yes,No,No,No,No,Yes,Month-to-month,Yes,Bank transfer (automatic),66.77,2628.42,Yes
CUST-03847,Female,0,No,Yes,60,Yes,Yes,Fiber optic,No,No,No,No,No,No,Month-to-month,Yes,Bank transfer (automatic),55.67,3427.38,No
CUST-03848,Female,0,Yes,No,9,Yes,Yes,DSL,No,Yes,Yes,No,Yes,No,Month-to-month,No,Credit card (automatic),69.28,590.81,Yes
CUST-03849,Male,0,No,No,10,Yes,Yes,No,No internet service,No internet service,No internet service,No internet service,No internet service,No internet service,Two year,No,Credit card (automatic),32.4,371.53,No
CUST-03850,Male,0,Yes,Yes,10,Yes,No,DSL,No,No,No,No,No,Yes,Two year,Yes,Credit card (automatic),46.89,446.2,No
CUST-03851,Female,0,Yes,No,30,No,No phone service,DSL,No,No,Yes,No,Yes,Yes,Month-to-month,Yes,Credit card (automatic),72.51,2241.16,Yes
CUST-03852,Male,0,No,Yes,10,Yes,No,Fiber optic,No,No,No,No,No,No,Month-to-month,No,Credit card (automatic),51.45,452.37,Yes
CUST-03853,Male,0,Yes,No,58,Yes,Yes,Fiber optic,No,Yes,Yes,No,Yes,No,Month-to-month,Yes,Electronic check,75.64,4506.54,Yes
CUST-03854,Male,0,No,Yes,36,Yes,No,Fiber optic,Yes,No,No,No,No,No,Two year,Yes,Bank transfer (automatic),62.46,2261.45,No
CUST-03855,Female,0,No,No,44,Yes,No,No,No internet service,No internet service,No internet service,No internet service,No internet service,No internet service,Two year,Yes,Mailed check,18.85,905.66,No
CUST-03856,Male,0,No,No,57,Yes,Yes,Fiber optic,No,No,No,Yes,Yes,No,Month-to-month,Yes,Electronic check,77.44,4461.34,Yes
CUST-03857,Female,0,Yes,No,43,Yes,Yes,No,No internet service,No internet service,No internet service,No internet service,No internet service,No internet service,Month-to-month,No,Mailed check,23.27,1103.1,No
CUST-03858,Male,0,Yes,Yes,23,Yes,No,DSL,Yes,No,Yes,No,No,Yes,One year,Yes,Electronic check,57.11,1328.23,No
CUST-03859,Female,0,No,Yes,4,Yes,No,No,No internet service,No internet service,No internet service,No internet service,No internet service,No internet service,Month-to-month,Yes,Electronic check,28.18,18.0,No
CUST-03860,Male,0,No,No,12,No,No phone service,DSL,Yes,No,No,No,No,Yes,Two year,Yes,Mailed check,51.19,587.78,No
CUST-03861,Female,0,Yes,Yes,49,Yes,No,Fiber optic,No,Yes,No,No,No,No,Month-to-month,No,Bank transfer (automatic),63.03,3042.53,Yes
CUST-03862,Female,1,Yes,No,24,Yes,Yes,DSL,No,No,Yes,Yes,No,Yes,Two year,Yes,Credit card (automatic),62.78,1541.98,No
CUST-03863,Male,0,Yes,No,13,Yes,Yes,DSL,No,No,Yes,No,Yes,Yes,One year,No,Electronic check,74.12,1026.83,Yes
CUST-03864,Female,0,No,No,68,Yes,Yes,No,No internet service,No internet service,No internet service,No internet service,No internet service,No internet service,Month-to-month,Yes,Bank transfer (automatic),32.51,2171.34,No
CUST-03865,Female,0,Yes,No,72,Yes,Yes,Fiber optic,No,No,No,No,No,No,Month-to-month,Yes,Electronic check,55.39,4103.22,Yes
CUST-03866,Female,1,No,No,34,Yes,No,DSL,Yes,No,Yes,Yes,No,Yes,Month-to-month,No,Bank transfer (automatic),59.4,1948.52,No
CUST-03867,Female,0,Yes,No,9,Yes,No,DSL,No,No,Yes,No,No,Yes,Month-to-month,No,Bank transfer (automatic),52.46,446.76,Yes
CUST-03868,Female,0,Yes,No,10,Yes,No,No,No internet service,No internet service,No internet service,No internet service,No internet service,No internet service,Two year,Yes,Mailed check,21.01,188.96,No
CUST-03869,Female,0,Yes,No,65,Yes,Yes,Fiber optic,No,Yes,Yes,No,No,Yes,One year,Yes,Electronic check,80.99,5195.86,No
CUST-03870,Female,0,No,No,72,Yes,Yes,Fiber optic,Yes,No,No,Yes,No,No,Month-to-month,No,Credit card (automatic),65.78,4763.14,No
CUST-03871,Female,0,Yes,Yes,54,Yes,Yes,No,No internet service,No internet service,No internet service,No internet service,No internet service,No internet service,One year,Yes,Electronic check,24.5,1280.83,No
CUST-03872,Male,0,Yes,No,43,Yes,No,No,No internet service,No internet service,No internet service,No internet service,No internet service,No internet service,One year,No,Electronic check,25.74,1051.3,No
CUST-03873,Male,0,Yes,Yes,59,Yes,No,Fiber optic,No,Yes,No,Yes,Yes,No,Month-to-month,No,Electronic check,81.75,4763.74,Yes
CUST-03874,Female,0,Yes,No,59,Yes,Yes,Fiber optic,Yes,No,Yes,Yes,No,Yes,Month-to-month,Yes,Electronic check,89.53,5240.85,Yes
CUST-03875,Female,0,Yes,Yes,67,Yes,No,DSL,Yes,Yes,No,Yes,No,Yes,Month-to-month,Yes,Credit card (automatic),69.37,4675.42,No
CUST-03876,Male,0,No,No,61,Yes,No,Fiber optic,No,Yes,No,Yes,No,No,Month-to-month,Yes,Mailed check,66.71,4024.94,No
CUST-03877,Male,0,No,No,38,Yes,No,No,No internet service,No internet service,No internet service,No internet service,No internet service,No internet service,One year,No,Credit card (automatic),25.14,979.36,No
CUST-03878,Male,0,Yes,No,8,Yes,Yes,No,No internet service,No internet service,No internet service,No internet service,No internet service,No internet service,Two year,No,Bank transfer (automatic),25.19,232.65,No
CUST-03879,Female,0,No,No,65,Yes,No,Fiber optic,No,Yes,No,No,Yes,No,One year,Yes,Electronic check,63.45,4157.54,Yes
CUST-03880,Male,0,Yes,Yes,5,Yes,Yes,Fiber optic,No,Yes,No,No,No,Yes,One year,No,Electronic check,70.49,341.09,No
CUST-03881,Female,0,Yes,No,43,Yes,No,Fiber optic,No,Yes,Yes,No,No,No,Month-to-month,No,Mailed check,66.2,2752.47,Yes
CUST-03882,Female,0,No,No,60,Yes,Yes,No,No internet service,No internet service,No internet service,No internet service,No internet service,No internet service,Month-to-month,Yes,Electronic check,32.08,1880.56,No
CUST-03883,Male,0,No,No,26,Yes,No,DSL,No,No,No,No,No,No,Month-to-month,Yes,Credit card (automatic),36.76,901.75,Yes
CUST-03884,Female,0,No,No,11,Yes,No,Fiber optic,No,No,No,Yes,No,Yes,One year,No,Credit card (automatic),67.03,731.09,Yes
CUST-03885,Female,0,Yes,No,34,Yes,No,Fiber optic,Yes,No,Yes,No,No,Yes,One year,Yes,Electronic check,72.22,2513.11,Yes
CUST-03886,Female,0,Yes,No,2,Yes,Yes,No,No internet service,No internet service,No internet service,No internet service,No internet service,No internet service,Two year,No,Mailed check,30.75,70.04,No
CUST-03887,Female,0,No,No,21,Yes,No,DSL,No,Yes,Yes,No,Yes,No,Month-to-month,Yes,Bank transfer (automatic),59.46,1272.6,Yes
CUST-03888,Male,0,No,Yes,26,Yes,No,No,No internet service,No internet service,No internet service,No internet service,No internet service,No internet service,One year,No,Electronic check,28.47,665.39,No
CUST-03889,Male,0,Yes,No,5,Yes,Yes,DSL,No,No,Yes,Yes,Yes,Yes,Month-to-month,Yes,Electronic check,82.98,467.5,Yes
CUST-03890,Female,0,No,No,9,Yes,No,DSL,Yes,No,No,No,Yes,No,One year,Yes,Mailed check,55.26,486.5,No
CUST-03891,Female,0,No,Yes,50,Yes,Yes,Fiber optic,No,Yes,No,Yes,No,No,Month-to-month,Yes,Mailed check,70.51,3447.96,Yes
CUST-03892,Male,0,Yes,No,10,No,No phone service,No,No internet service,No internet service,No internet service,No internet service,No internet service,No internet service,Month-to-month,No,Electronic check,24.11,205.38,No
CUST-03893,Female,0,No,Yes,58,Yes,Yes,Fiber optic,No,Yes,Yes,Yes,Yes,Yes,Two year,No,Mailed check,104.38,6120.85,No
CUST-03894,Male,0,No,Yes,10,Yes,No,DSL,No,No,No,No,No,No,One year,No,Credit card (automatic),36.33,388.44,Yes
CUST-03895,Female,1,Yes,No,36,Yes,Yes,DSL,No,No,Yes,No,No,Yes,One year,No,Electronic check,62.23,2282.42,No
CUST-03896,Female,0,No,No,56,Yes,Yes,DSL,No,No,No,Yes,No,No,Month-to-month,No,Electronic check,51.73,2874.67,No
CUST-03897,Male,0,Yes,Yes,62,Yes,No,DSL,No,No,No,No,No,No,Two year,Yes,Electronic check,38.07,2312.27,No
CUST-03898,Male,0,Yes,No,37,Yes,No,Fiber optic,Yes,Yes,No,No,Yes,No,Month-to-month,Yes,Mailed check,71.31,2632.18,Yes
CUST-03899,Male,0,No,No,41,Yes,Yes,Fiber optic,No,Yes,Yes,No,No,No,Month-to-month,No,Mailed check,62.8,2549.25,No
CUST-03900,Male,0,No,Yes,48,Yes,Yes,Fiber optic,No,No,No,No,No,No,Month-to-month,Yes,Bank transfer (automatic),61.6,3020.85,No
CUST-03901,Female,0,No,No,22,Yes,No,DSL,No,No,No,No,No,Yes,Month-to-month,Yes,Electronic check,46.86,1027.66,Yes
CUST-03902,Male,0,No,No,61,Yes,Yes,No,No internet service,No internet service,No internet service,No internet service,No internet service,No internet service,Month-to-month,No,Bank transfer (automatic),29.72,1900.6,No
CUST-03903,Female,0,No,No,48,Yes,Yes,Fiber optic,No,No,No,No,Yes,Yes,One year,No,Credit card (automatic),80.85,3814.72,Yes
CUST-03904,Male,0,No,Yes,64,Yes,No,Fiber optic,No,No,No,No,No,Yes,Month-to-month,Yes,Credit card (automatic),68.93,4481.05,Yes
CUST-03905,Male,0,Yes,No,37,Yes,No,Fiber optic,Yes,No,Yes,No,Yes,No,One year,No,Mailed check,67.67,2451.26,Yes
CUST-03906,Female,0,No,Yes,41,Yes,Yes,DSL,No,No,No,No,No,No,Two year,Yes,Electronic check,45.85,1854.78,No
CUST-03907,Male,0,No,Yes,5,Yes,Yes,DSL,No,No,No,No,Yes,No,Two year,Yes,Mailed check,58.25,262.16,Yes
CUST-03908,Male,1,Yes,No,52,Yes,Yes,DSL,No,No,Yes,No,No,Yes,Month-to-month,Yes,Electronic check,62.65,3238.99,No
CUST-03909,Male,0,No,Yes,17,Yes,No,Fiber optic,Yes,No,No,No,No,No,Two year,Yes,Electronic check,61.07,1085.18,No
CUST-03910,Male,0,No,Yes,62,Yes,No,DSL,No,No,No,No,No,Yes,Two year,Yes,Mailed check,53.57,3308.13,No
CUST-03911,Female,0,No,No,52,Yes,Yes,Fiber optic,No,Yes,No,No,Yes,No,Month-to-month,No,Mailed check,75.45,4013.11,Yes
CUST-03912,Female,0,Yes,No,20,Yes,No,Fiber optic,No,Yes,Yes,No,Yes,Yes,One year,No,Bank transfer (automatic),89.46,1794.85,No
CUST-03913,Male,0,No,Yes,16,Yes,No,Fiber optic,Yes,No,No,No,No,Yes,One year,Yes,Credit card (automatic),67.18,1069.96,No
CUST-03914,Male,1,Yes,No,7,Yes,No,Fiber optic,Yes,No,No,No,No,Yes,Two year,Yes,Credit card (automatic),61.37,397.12,No
CUST-03915,Male,0,Yes,Yes,66,Yes,No,DSL,Yes,No,No,No,No,Yes,Month-to-month,Yes,Mailed check,55.28,3691.94,No
CUST-03916,Female,1,No,No,12,Yes,No,No,No internet service,No internet service,No internet service,No internet service,No internet service,No internet service,Month-to-month,No,Credit card (automatic),22.76,251.92,No
CUST-03917,Female,0,No,Yes,43,Yes,Yes,Fiber optic,No,No,No,No,No,Yes,One year,Yes,Credit card (automatic),73.08,3071.66,No
CUST-03918,Female,0,Yes,No,40,Yes,Yes,Fiber optic,No,No,No,No,No,No,Month-to-month,Yes,Credit card (automatic),62.27,2439.42,Yes
CUST-03919,Female,1,Yes,No,1,Yes,No,Fiber optic,No,No,Yes,No,Yes,Yes,Month-to-month,Yes,Electronic check,77.46,57.22,Yes
CUST-03920,Male,0,No,Yes,58,No,No phone service,Fiber optic,No,Yes,No,No,No,Yes,Two year,No,Electronic check,60.83,3612.03,No
CUST-03921,Male,0,No,No,3,Yes,Yes,Fiber optic,Yes,No,No,No,Yes,No,One year,No,Electronic check,72.43,227.72,Yes
CUST-03922,Male,0,No,No,8,Yes,Yes,Fiber optic,Yes,Yes,No,No,No,No,One year,Yes,Credit card (automatic),75.28,617.59,Yes
CUST-03923,Female,1,No,No,61,Yes,No,No,No internet service,No internet service,No internet service,No internet service,No internet service,No internet service,Two year,No,Bank transfer (automatic),27.41,1620.32,No
CUST-03924,Male,0,Yes,No,5,Yes,No,Fiber optic,Yes,No,No,Yes,No,No,Month-to-month,Yes,Electronic check,63.24,358.09,Yes
CUST-03925,Female,1,Yes,No,26,Yes,Yes,No,No internet service,No internet service,No internet service,No internet service,No internet service,No internet service,One year,Yes,Credit card (automatic),31.57,760.37,Yes
CUST-03926,Female,0,Yes,No,17,No,No phone service,Fiber optic,Yes,Yes,No,Yes,Yes,No,Month-to-month,Yes,Bank transfer (automatic),74.86,1285.82,No
CUST-03927,Male,0,Yes,No,66,No,No phone service,Fiber optic,No,Yes,No,No,Yes,No,Month-to-month,Yes,Electronic check,68.8,4482.55,No
CUST-03928,Male,0,Yes,No,51,Yes,No,DSL,No,No,Yes,No,No,Yes,One year,No,Mailed check,56.98,2951.88,No
CUST-03929,Male,0,Yes,No,47,Yes,No,Fiber optic,No,Yes,Yes,Yes,No,No,Two year,Yes,Bank transfer (automatic),76.08,3623.82,No
CUST-03930,Female,1,No,No,40,No,No phone service,DSL,No,No,Yes,No,No,Yes,One year,No,Electronic check,48.21,1971.09,No
CUST-03931,Female,0,Yes,No,27,Yes,Yes,Fiber optic,No,Yes,Yes,No,No,No,Month-to-month,Yes,Bank transfer (automatic),75.39,2100.79,No
CUST-03932,Male,0,No,No,40,Yes,No,DSL,No,No,No,No,No,Yes,One year,Yes,Bank transfer (automatic),49.51,1968.09,No
CUST-03933,Male,0,No,No,1,Yes,No,Fiber optic,No,Yes,No,Yes,Yes,No,Month-to-month,No,Credit card (automatic),71.67,33.17,Yes
CUST-03934,Female,0,No,Yes,46,Yes,No,DSL,No,No,Yes,No,Yes,Yes,Month-to-month,Yes,Bank transfer (automatic),66.48,3048.9,No
CUST-03935,Male,0,No,No,11,Yes,No,No,No internet service,No internet service,No internet service,No internet service,No internet service,No internet service,Month-to-month,No,Electronic check,22.66,317.14,Yes
CUST-03936,Female,1,No,No,39,Yes,Yes,Fiber optic,Yes,Yes,No,No,Yes,Yes,Month-to-month,No,Credit card (automatic),81.44,3208.18,No
CUST-03937,Female,1,Yes,No,18,Yes,No,No,No internet service,No internet service,No internet service,No internet service,No internet service,No internet service,Month-to-month,Yes,Electronic check,25.19,436.62,Yes
CUST-03938,Male,0,Yes,No,47,Yes,Yes,Fiber optic,Yes,Yes,No,No,Yes,No,One year,No,Mailed check,82.04,3839.79,No
CUST-03939,Male,1,Yes,No,21,Yes,Yes,No,No internet service,No internet service,No internet service,No internet service,No internet service,No internet service,One year,No,Electronic check,36.61,765.01,No
CUST-03940,Male,1,Yes,No,28,Yes,No,DSL,Yes,No,Yes,No,No,Yes,Month-to-month,No,Electronic check,58.41,1520.61,No
CUST-03941,Male,0,No,No,1,Yes,No,Fiber optic,No,No,No,Yes,Yes,No,Month-to-month,No,Electronic check,71.48,22.53,Yes
CUST-03942,Female,0,No,No,14,Yes,No,Fiber optic,No,Yes,Yes,Yes,No,No,Month-to-month,Yes,Bank transfer (automatic),66.82,904.88,Yes
CUST-03943,Female,1,No,Yes,20,Yes,No,DSL,Yes,Yes,No,No,No,No,Month-to-month,Yes,Electronic check,52.7,992.97,Yes
CUST-03944,Female,0,Yes,No,45,Yes,No,Fiber optic,Yes,No,No,Yes,No,No,Month-to-month,No,Mailed check,65.95,2977.55,Yes
CUST-03945,Male,1,No,No,61,No,No phone service,DSL,No,No,Yes,Yes,Yes,No,Two year,Yes,Bank transfer (automatic),56.93,3422.25,No
CUST-03946,Female,0,Yes,No,27,Yes,Yes,Fiber optic,No,Yes,No,Yes,Yes,No,Two year,Yes,Mailed check,79.73,2106.84,No
CUST-03947,Male,0,No,No,56,Yes,No,DSL,No,No,No,Yes,No,No,Two year,No,Bank transfer (automatic),47.2,2633.85,No
CUST-03948,Male,0,Yes,No,52,Yes,No,DSL,No,No,No,No,Yes,No,Month-to-month,Yes,Credit card (automatic),43.98,2265.59,No
CUST-03949,Male,0,Yes,Yes,68,Yes,Yes,DSL,No,Yes,No,Yes,No,Yes,Month-to-month,Yes,Credit card (automatic),61.24,4194.56,Yes
CUST-03950,Male,0,Yes,No,37,Yes,No,No,No internet service,No internet service,No internet service,No internet service,No internet service,No internet service,Month-to-month,No,Bank transfer (automatic),22.24,811.88,No
CUST-03951,Male,0,No,Yes,31,Yes,No,Fiber optic,No,No,Yes,No,Yes,Yes,Month-to-month,Yes,Electronic check,83.28,2541.14,Yes
CUST-03952,Male,0,Yes,No,49,Yes,No,No,No internet service,No internet service,No internet service,No internet service,No internet service,No internet service,Month-to-month,Yes,Credit card (automatic),23.04,1151.93,No
CUST-03953,Female,0,Yes,Yes,53,Yes,No,No,No internet service,No internet service,No internet service,No internet service,No internet service,No internet service,Month-to-month,No,Electronic check,26.65,1429.4,No
CUST-03954,Male,0,No,No,39,Yes,No,Fiber optic,No,Yes,No,Yes,No,Yes,Month-to-month,No,Credit card (automatic),74.25,2824.3,Yes
CUST-03955,Female,1,No,No,10,Yes,No,Fiber optic,No,Yes,No,Yes,Yes,Yes,Month-to-month,Yes,Mailed check,79.25,704.82,Yes
CUST-03956,Female,0,Yes,Yes,9,Yes,No,No,No internet service,No internet service,No internet service,No internet service,No internet service,No internet service,Month-to-month,Yes,Credit card (automatic),30.03,281.35,Yes
CUST-03957,Male,0,No,No,13,Yes,No,Fiber optic,No,No,Yes,No,No,No,Month-to-month,No,Mailed check,61.1,720.32,No
CUST-03958,Male,0,Yes,Yes,18,Yes,Yes,No,No internet service,No internet service,No internet service,No internet service,No internet service,No internet service,Two year,No,Mailed check,26.58,475.41,No
CUST-03959,Male,0,Yes,Yes,12,Yes,No,Fiber optic,No,Yes,Yes,Yes,No,No,Two year,Yes,Electronic check,64.12,702.72,No
CUST-03960,Female,0,Yes,No,72,Yes,Yes,Fiber optic,No,No,No,Yes,No,Yes,One year,No,Credit card (automatic),81.72,5872.48,No
CUST-03961,Male,0,Yes,No,5,Yes,Yes,DSL,No,No,Yes,No,No,No,Two year,Yes,Electronic check,48.42,259.02,No
CUST-03962,Female,0,No,Yes,7,Yes,Yes,DSL,Yes,No,No,No,Yes,No,Month-to-month,No,Electronic check,54.03,447.17,Yes
CUST-03963,Male,0,No,No,15,Yes,Yes,Fiber optic,Yes,Yes,Yes,Yes,No,Yes,Month-to-month,Yes,Mailed check,93.81,1365.49,Yes
CUST-03964,Male,0,Yes,No,67,Yes,Yes,DSL,No,Yes,No,No,Yes,No,Two year,Yes,Mailed check,63.51,4189.3,No
CUST-03965,Female,1,No,Yes,18,Yes,No,DSL,No,No,No,Yes,Yes,No,One year,Yes,Electronic check,65.09,1182.48,No
CUST-03966,Female,0,No,No,38,Yes,No,DSL,No,Yes,No,No,No,No,Two year,No,Electronic check,50.03,1947.98,No
CUST-03967,Male,1,Yes,No,26,Yes,Yes,Fiber optic,No,No,No,No,Yes,No,Month-to-month,No,Electronic check,71.97,1832.62,Yes
CUST-03968,Female,1,Yes,No,38,Yes,Yes,Fiber optic,No,No,No,No,No,Yes,Month-to-month,No,Bank transfer (automatic),64.39,2475.13,Yes
CUST-03969,Female,1,No,No,59,Yes,No,No,No internet service,No internet service,No internet service,No internet service,No internet service,No internet service,Month-to-month,Yes,Electronic check,20.83,1148.07,No
CUST-03970,Female,1,No,No,52,No,No phone service,No,No internet service,No internet service,No internet service,No internet service,No internet service,No internet service,Two year,Yes,Electronic check,21.82,1124.66,No
CUST-03971,Female,0,No,No,33,Yes,No,No,No internet service,No internet service,No internet service,No internet service,No internet service,No internet service,One year,Yes,Mailed check,23.89,825.57,No
CUST-03972,Female,0,No,No,21,Yes,No,Fiber optic,No,No,No,No,Yes,No,One year,No,Bank transfer (automatic),70.53,1468.8,No
CUST-03973,Male,0,Yes,No,17,Yes,No,Fiber optic,No,No,Yes,No,No,No,One year,No,Credit card (automatic),59.71,999.21,Yes
CUST-03974,Male,0,No,Yes,62,Yes,Yes,No,No internet service,No internet service,No internet service,No internet service,No internet service,No internet service,Two year,No,Electronic check,34.94,2201.86,No
CUST-03975,Female,0,Yes,No,59,Yes,No,DSL,No,No,Yes,Yes,No,No,Month-to-month,Yes,Mailed check,59.14,3415.41,Yes
CUST-03976,Male,0,No,No,2,Yes,No,DSL,No,No,No,No,No,No,Two year,Yes,Credit card (automatic),40.34,103.18,No
CUST-03977,Male,1,No,No,64,Yes,No,DSL,No,No,No,No,No,No,Month-to-month,No,Bank transfer (automatic),40.2,2601.86,No
CUST-03978,Female,1,Yes,No,25,Yes,No,No,No internet service,No internet service,No internet service,No internet service,No internet service,No internet service,Two year,No,Bank transfer (automatic),28.87,778.41,No
CUST-03979,Male,0,Yes,No,41,Yes,No,Fiber optic,Yes,No,No,No,No,No,Month-to-month,Yes,Credit card (automatic),56.17,2204.66,Yes
CUST-03980,Female,0,No,Yes,19,Yes,Yes,Fiber optic,Yes,No,No,No,No,No,Month-to-month,Yes,Electronic check,66.48,1200.25,Yes
CUST-03981,Female,1,Yes,No,38,Yes,No,No,No internet service,No internet service,No internet service,No internet service,No internet service,No internet service,Month-to-month,Yes,Mailed check,32.5,1199.1,Yes
CUST-03982,Male,0,No,Yes,25,Yes,No,Fiber optic,No,No,No,Yes,No,No,One year,No,Mailed check,54.53,1382.09,No
CUST-03983,Female,0,No,No,39,Yes,No,No,No internet service,No internet service,No internet service,No internet service,No internet service,No internet service,Two year,No,Mailed check,28.03,1049.9,No
CUST-03984,Female,0,No,No,4,Yes,No,DSL,Yes,No,No,No,No,No,Two year,No,Credit card (automatic),51.7,219.36,No
CUST-03985,Female,0,Yes,Yes,3,Yes,Yes,Fiber optic,No,No,No,Yes,No,No,Two year,Yes,Mailed check,62.72,177.25,No
CUST-03986,Female,0,No,No,34,Yes,No,Fiber optic,No,No,No,No,No,No,Two year,No,Electronic check,64.09,2261.86,No
CUST-03987,Female,1,No,No,10,Yes,No,DSL,Yes,No,Yes,No,No,No,Month-to-month,Yes,Electronic check,45.83,501.84,Yes
CUST-03988,Male,0,No,No,27,No,No phone service,DSL,Yes,No,No,No,No,Yes,One year,No,Electronic check,54.01,1535.45,No
CUST-03989,Male,0,No,Yes,1,Yes,Yes,DSL,Yes,Yes,Yes,No,Yes,Yes,Month-to-month,No,Bank transfer (automatic),86.11,149.24,Yes
CUST-03990,Female,0,No,No,44,Yes,No,Fiber optic,Yes,No,No,No,Yes,No,Month-to-month,Yes,Credit card (automatic),68.98,3019.63,No
CUST-03991,Female,0,No,No,52,Yes,No,DSL,Yes,Yes,Yes,No,Yes,No,Month-to-month,No,Electronic check,61.45,3230.09,Yes
CUST-03992,Male,1,Yes,No,25,Yes,No,Fiber optic,Yes,No,Yes,No,No,No,Month-to-month,Yes,Electronic check,66.94,1632.65,Yes
CUST-03993,Female,0,No,No,65,Yes,No,No,No internet service,No internet service,No internet service,No internet service,No internet service,No internet service,Two year,No,Electronic check,32.56,2142.29,No
CUST-03994,Male,0,Yes,No,11,Yes,Yes,DSL,Yes,No,No,No,Yes,No,Two year,Yes,Bank transfer (automatic),64.2,648.85,No
CUST-03995,Female,0,Yes,No,68,No,No phone service,Fiber optic,No,No,No,No,No,No,Month-to-month,Yes,Credit card (automatic),53.62,3732.51,Yes
CUST-03996,Female,0,Yes,No,15,Yes,No,DSL,No,No,No,No,Yes,No,Month-to-month,Yes,Mailed check,48.22,701.79,Yes
CUST-03997,Female,0,No,No,57,Yes,No,No,No internet service,No internet service,No internet service,No internet service,No internet service,No internet service,Month-to-month,Yes,Electronic check,33.21,1941.26,No
CUST-03998,Female,0,No,No,64,Yes,Yes,DSL,No,No,No,No,Yes,Yes,Month-to-month,No,Credit card (automatic),66.74,4264.43,No
CUST-03999,Female,0,No,No,11,Yes,No,Fiber optic,No,No,No,No,No,Yes,Month-to-month,No,Electronic check,60.27,720.4,Yes
CUST-04000,Female,0,Yes,No,20,Yes,Yes,No,No internet service,No internet service,No internet service,No internet service,No internet service,No internet service,Month-to-month,Yes,Electronic check,24.82,494.17,Yes
CUST-04001,Female,0,Yes,No,30,Yes,Yes,No,No internet service,No internet service,No internet service,No internet service,No internet service,No internet service,Two year,No,Electronic check,23.22,714.41,No
CUST-04002,Male,1,Yes,No,10,No,No phone service,Fiber optic,Yes,No,Yes,No,No,Yes,Month-to-month,No,Bank transfer (automatic),71.28,699.65,Yes
CUST-04003,Male,1,No,No,54,Yes,Yes,Fiber optic,No,Yes,No,No,Yes,Yes,Month-to-month,No,Mailed check,79.78,4335.3,Yes
CUST-04004,Male,0,Yes,No,58,Yes,No,Fiber optic,Yes,No,Yes,No,Yes,No,One year,No,Electronic check,79.31,4540.61,No
CUST-04005,Female,0,Yes,Yes,29,Yes,No,Fiber optic,Yes,Yes,Yes,Yes,Yes,No,Two year,Yes,Bank transfer (automatic),88.14,2672.43,No
CUST-04006,Female,0,Yes,No,1,Yes,No,DSL,No,No,No,No,Yes,No,One year,No,Mailed check,56.54,53.05,No
CUST-04007,Female,1,No,Yes,58,Yes,Yes,No,No internet service,No internet service,No internet service,No internet service,No internet service,No internet service,Month-to-month,Yes,Credit card (automatic),32.25,1876.04,No
CUST-04008,Female,0,No,Yes,21,Yes,Yes,No,No internet service,No internet service,No internet service,No internet service,No internet service,No internet service,Month-to-month,Yes,Electronic check,31.82,626.51,No
CUST-04009,Female,0,No,Yes,15,Yes,No,Fiber optic,Yes,Yes,No,No,Yes,Yes,One year,Yes,Credit card (automatic),83.93,1253.08,Yes
CUST-04010,Female,0,Yes,No,67,Yes,No,Fiber optic,Yes,No,No,No,Yes,No,One year,No,Electronic check,64.21,4345.0,No
CUST-04011,Female,0,Yes,No,33,Yes,Yes,DSL,No,No,No,Yes,Yes,No,Two year,Yes,Mailed check,66.07,2194.72,No
CUST-04012,Male,0,Yes,Yes,38,Yes,No,DSL,No,Yes,No,No,No,No,Month-to-month,No,Mailed check,46.18,1804.25,Yes
CUST-04013,Female,0,Yes,No,19,Yes,Yes,Fiber optic,Yes,No,Yes,Yes,Yes,Yes,Month-to-month,Yes,Credit card (automatic),102.06,1906.4,Yes
CUST-04014,Male,0,Yes,Yes,4,Yes,No,DSL,Yes,Yes,Yes,No,No,Yes,Month-to-month,No,Mailed check,60.58,237.29,No
CUST-04015,Male,0,Yes,No,58,Yes,No,No,No internet service,No internet service,No internet service,No internet service,No internet service,No internet service,Month-to-month,Yes,Electronic check,22.39,1243.1,No
CUST-04016,Female,0,Yes,No,70,Yes,Yes,No,No internet service,No internet service,No internet service,No internet service,No internet service,No internet service,Month-to-month,No,Electronic check,22.91,1649.78,No
CUST-04017,Female,0,Yes,Yes,12,Yes,No,Fiber optic,No,No,No,Yes,No,No,Two year,Yes,Electronic check,55.61,606.42,No
CUST-04018,Male,0,Yes,Yes,17,Yes,No,No,No internet service,No internet service,No internet service,No internet service,No internet service,No internet service,Month-to-month,No,Electronic check,23.93,366.02,No
CUST-04019,Male,0,No,No,1,Yes,No,DSL,Yes,Yes,No,Yes,No,No,Month-to-month,No,Electronic check,52.79,136.43,No
CUST-04020,Female,1,No,No,14,Yes,Yes,No,No internet service,No internet service,No internet service,No internet service,No internet service,No internet service,Month-to-month,No,Electronic check,27.12,436.52,Yes
CUST-04021,Female,0,No,Yes,2,Yes,Yes,DSL,Yes,No,Yes,Yes,Yes,Yes,Month-to-month,No,Credit card (automatic),74.78,115.47,No
CUST-04022,Male,0,Yes,No,4,Yes,No,Fiber optic,No,No,No,No,Yes,No,One year,No,Credit card (automatic),62.65,355.85,Yes
CUST-04023,Female,0,Yes,No,66,Yes,No,Fiber optic,No,No,Yes,No,No,Yes,Two year,No,Mailed check,74.9,5041.97,No
CUST-04024,Female,1,No,No,46,Yes,Yes,Fiber optic,No,Yes,Yes,No,Yes,Yes,Two year,Yes,Credit card (automatic),80.6,3733.99,No
CUST-04025,Female,0,Yes,No,50,Yes,Yes,Fiber optic,No,No,Yes,No,No,No,Month-to-month,Yes,Mailed check,66.58,3392.0,No
CUST-04026,Male,0,No,No,60,No,No phone service,Fiber optic,Yes,No,No,No,No,Yes,Month-to-month,No,Bank transfer (automatic),63.21,3755.64,No
CUST-04027,Male,1,No,No,52,Yes,No,Fiber optic,No,No,No,No,Yes,Yes,Month-to-month,No,Credit card (automatic),77.25,3949.43,No
CUST-04028,Male,0,No,No,48,Yes,Yes,DSL,Yes,No,No,No,No,No,Month-to-month,No,Mailed check,52.5,2474.98,Yes
CUST-04029,Female,0,No,No,39,Yes,Yes,Fiber optic,No,No,No,No,No,Yes,Two year,Yes,Bank transfer (automatic),72.89,2803.21,No
CUST-04030,Female,0,No,Yes,70,Yes,No,Fiber optic,Yes,No,No,No,No,No,Month-to-month,Yes,Bank transfer (automatic),66.92,4685.7,No
CUST-04031,Male,0,No,No,60,Yes,No,DSL,No,No,No,No,Yes,Yes,Two year,Yes,Bank transfer (automatic),59.67,3544.31,No
CUST-04032,Male,1,Yes,Yes,30,Yes,Yes,DSL,No,No,Yes,No,No,No,Month-to-month,No,Electronic check,52.98,1590.11,Yes
CUST-04033,Male,0,Yes,Yes,27,Yes,No,DSL,Yes,Yes,No,Yes,No,No,Two year,No,Credit card (automatic),62.15,1657.69,No
CUST-04034,Female,0,Yes,No,55,Yes,Yes,Fiber optic,Yes,No,No,Yes,No,No,Month-to-month,Yes,Credit card (automatic),67.43,3776.59,No
CUST-04035,Male,0,Yes,No,70,Yes,No,Fiber optic,Yes,No,No,Yes,No,Yes,Two year,Yes,Credit card (automatic),69.39,4830.77,No
CUST-04036,Male,0,Yes,Yes,26,Yes,Yes,No,No internet service,No internet service,No internet service,No internet service,No internet service,No internet service,Month-to-month,Yes,Mailed check,30.2,880.48,No
CUST-04037,Female,0,Yes,No,42,No,No phone service,Fiber optic,No,No,Yes,No,Yes,Yes,Two year,Yes,Credit card (automatic),81.45,3397.92,No
CUST-04038,Female,0,No,No,67,Yes,Yes,DSL,Yes,No,No,No,Yes,No,Month-to-month,No,Bank transfer (automatic),65.7,4388.3,No
CUST-04039,Female,0,Yes,No,67,Yes,Yes,No,No internet service,No internet service,No internet service,No internet service,No internet service,No internet service,Month-to-month,No,Credit card (automatic),25.37,1726.64,Yes
CUST-04040,Male,0,Yes,Yes,52,Yes,Yes,No,No internet service,No internet service,No internet service,No internet service,No internet service,No internet service,Month-to-month,Yes,Mailed check,30.06,1646.72,No
CUST-04041,Female,0,Yes,No,6,No,No phone service,DSL,No,No,No,Yes,No,Yes,Month-to-month,Yes,Electronic check,51.22,252.75,No
CUST-04042,Female,0,No,No,10,Yes,Yes,No,No internet service,No internet service,No internet service,No internet service,No internet service,No internet service,Month-to-month,Yes,Mailed check,29.81,322.74,Yes
CUST-04043,Male,0,Yes,No,38,Yes,No,Fiber optic,Yes,No,No,No,No,No,One year,No,Mailed check,62.33,2326.92,No
CUST-04044,Female,0,No,No,12,Yes,No,Fiber optic,Yes,Yes,No,No,Yes,No,One year,Yes,Mailed check,75.38,924.26,No
CUST-04045,Male,0,No,No,46,Yes,Yes,Fiber optic,No,No,No,No,No,No,Month-to-month,Yes,Mailed check,56.59,2664.4,Yes
CUST-04046,Male,0,No,No,49,Yes,No,Fiber optic,No,No,No,No,No,No,One year,Yes,Electronic check,52.38,2617.89,Yes
CUST-04047,Female,0,Yes,No,72,Yes,No,No,No internet service,No internet service,No internet service,No internet service,No internet service,No internet service,Month-to-month,Yes,Bank transfer (automatic),28.85,2001.49,No
CUST-04048,Female,0,No,No,63,Yes,Yes,DSL,No,No,No,No,No,Yes,Month-to-month,No,Mailed check,59.0,3701.45,Yes
CUST-04049,Female,0,No,No,69,No,No phone service,DSL,No,No,Yes,No,No,No,One year,Yes,Electronic check,47.66,3312.97,Yes
CUST-04050,Female,1,Yes,Yes,43,Yes,No,Fiber optic,No,No,Yes,Yes,No,No,Month-to-month,No,Electronic check,64.66,2799.77,No
CUST-04051,Female,0,Yes,No,60,Yes,Yes,DSL,Yes,Yes,Yes,No,No,Yes,One year,Yes,Bank transfer (automatic),74.57,4504.95,No
CUST-04052,Female,0,Yes,No,29,Yes,No,Fiber optic,No,Yes,No,No,No,No,Month-to-month,No,Bank transfer (automatic),56.06,1615.7,No
CUST-04053,Male,0,No,Yes,11,Yes,No,No,No internet service,No internet service,No internet service,No internet service,No internet service,No internet service,Month-to-month,Yes,Mailed check,24.41,213.6,No
CUST-04054,Male,0,Yes,No,35,Yes,Yes,Fiber optic,No,Yes,No,No,No,No,Month-to-month,Yes,Electronic check,68.06,2367.33,Yes
CUST-04055,Female,0,No,No,23,Yes,No,No,No internet service,No internet service,No internet service,No internet service,No internet service,No internet service,Two year,No,Electronic check,25.99,636.46,No
CUST-04056,Male,1,Yes,No,72,Yes,Yes,Fiber optic,No,Yes,Yes,No,Yes,Yes,Month-to-month,No,Credit card (automatic),91.44,6551.85,No
CUST-04057,Female,0,No,Yes,21,Yes,Yes,DSL,Yes,No,No,No,No,No,Month-to-month,Yes,Electronic check,54.65,1098.18,Yes
CUST-04058,Male,0,No,No,37,Yes,No,No,No internet service,No internet service,No internet service,No internet service,No internet service,No internet service,Two year,Yes,Electronic check,24.95,883.75,No
CUST-04059,Male,0,Yes,No,28,Yes,No,DSL,No,No,Yes,Yes,No,No,Two year,Yes,Bank transfer (automatic),51.84,1473.25,No
CUST-04060,Male,0,Yes,No,58,Yes,Yes,No,No internet service,No internet service,No internet service,No internet service,No internet service,No internet service,Month-to-month,Yes,Bank transfer (automatic),34.36,1878.51,No
CUST-04061,Female,0,Yes,Yes,53,Yes,Yes,Fiber optic,No,No,No,No,No,Yes,Two year,No,Electronic check,72.12,3828.34,Yes
CUST-04062,Male,0,Yes,No,28,Yes,No,No,No internet service,No internet service,No internet service,No internet service,No internet service,No internet service,Month-to-month,Yes,Electronic check,27.51,871.85,No
CUST-04063,Female,0,No,No,42,Yes,No,DSL,No,No,No,No,Yes,No,Month-to-month,Yes,Electronic check,43.94,1830.9,No
CUST-04064,Male,0,Yes,No,61,Yes,No,No,No internet service,No internet service,No internet service,No internet service,No internet service,No internet service,Month-to-month,Yes,Electronic check,31.09,1874.49,No
CUST-04065,Male,0,No,Yes,33,Yes,Yes,Fiber optic,No,No,Yes,No,Yes,Yes,Month-to-month,No,Electronic check,81.99,2686.1,Yes
CUST-04066,Male,0,Yes,No,55,Yes,Yes,DSL,No,No,No,Yes,No,No,Month-to-month,Yes,Electronic check,42.03,2439.51,No
CUST-04067,Male,0,Yes,No,37,Yes,No,No,No internet service,No internet service,No internet service,No internet service,No internet service,No internet service,One year,No,Bank transfer (automatic),22.66,940.47,No
CUST-04068,Male,0,No,Yes,47,Yes,Yes,No,No internet service,No internet service,No internet service,No internet service,No internet service,No internet service,Month-to-month,Yes,Bank transfer (automatic),34.18,1603.35,No
CUST-04069,Female,0,No,Yes,36,Yes,Yes,Fiber optic,No,No,No,Yes,Yes,No,Month-to-month,No,Electronic check,78.76,2819.75,Yes
CUST-04070,Female,1,Yes,Yes,28,Yes,No,Fiber optic,Yes,Yes,No,Yes,No,Yes,Month-to-month,Yes,Electronic check,69.87,2001.95,Yes
CUST-04071,Male,0,No,Yes,10,Yes,Yes,Fiber optic,Yes,Yes,Yes,Yes,No,Yes,Month-to-month,Yes,Credit card (automatic),89.84,891.68,Yes
CUST-04072,Male,1,Yes,No,23,Yes,Yes,Fiber optic,No,No,No,No,No,Yes,Month-to-month,No,Mailed check,77.11,1783.99,No
CUST-04073,Male,1,No,No,5,Yes,Yes,No,No internet service,No internet service,No internet service,No internet service,No internet service,No internet service,One year,No,Electronic check,27.1,117.94,No
CUST-04074,Male,1,Yes,Yes,6,Yes,No,Fiber optic,No,Yes,Yes,Yes,Yes,Yes,Two year,No,Electronic check,84.83,561.49,No
CUST-04075,Female,0,Yes,No,42,Yes,No,DSL,No,No,No,No,No,No,Month-to-month,Yes,Electronic check,46.35,1958.02,No
CUST-04076,Male,0,No,No,47,No,No phone service,DSL,No,Yes,No,No,Yes,Yes,One year,Yes,Credit card (automatic),62.11,2914.28,No
CUST-04077,Female,0,Yes,Yes,28,Yes,No,Fiber optic,Yes,No,Yes,No,Yes,No,One year,Yes,Credit card (automatic),73.46,2029.27,No
CUST-04078,Male,0,Yes,No,13,Yes,No,Fiber optic,Yes,No,No,No,Yes,Yes,Two year,No,Electronic check,76.34,935.27,No
CUST-04079,Female,0,Yes,Yes,25,Yes,No,Fiber optic,No,No,Yes,No,Yes,Yes,One year,No,Electronic check,81.48,2046.11,Yes
CUST-04080,Male,0,No,No,7,Yes,Yes,DSL,No,No,No,No,No,No,Month-to-month,Yes,Bank transfer (automatic),47.07,343.12,Yes
CUST-04081,Male,0,No,Yes,66,Yes,No,DSL,Yes,No,No,Yes,No,No,Month-to-month,No,Electronic check,52.27,3384.08,No
CUST-04082,Female,0,No,No,58,Yes,Yes,Fiber optic,Yes,Yes,No,No,Yes,Yes,Two year,Yes,Mailed check,92.87,5334.72,No
CUST-04083,Male,1,No,Yes,66,Yes,No,Fiber optic,No,Yes,No,No,No,No,Two year,No,Credit card (automatic),56.13,3716.6,No
CUST-04084,Male,1,No,No,36,Yes,No,DSL,No,No,No,Yes,No,No,One year,No,Bank transfer (automatic),51.86,1808.56,No
CUST-04085,Male,1,Yes,No,2,Yes,Yes,No,No internet service,No internet service,No internet service,No internet service,No internet service,No internet service,Two year,No,Mailed check,36.43,68.97,No
CUST-04086,Female,0,Yes,No,38,Yes,No,Fiber optic,No,Yes,No,Yes,No,Yes,One year,Yes,Credit card (automatic),73.88,2729.39,No
CUST-04087,Male,1,No,No,14,Yes,No,Fiber optic,No,No,No,No,No,No,One year,No,Mailed check,46.57,682.74,No
CUST-04088,Male,0,Yes,Yes,27,Yes,Yes,Fiber optic,No,Yes,No,Yes,No,No,Two year,No,Bank transfer (automatic),68.2,1810.48,No
CUST-04089,Female,0,Yes,No,15,Yes,Yes,Fiber optic,No,No,No,No,No,No,Two year,Yes,Mailed check,59.73,897.74,No
CUST-04090,Female,0,No,No,12,Yes,Yes,DSL,No,No,No,No,Yes,No,Month-to-month,No,Bank transfer (automatic),58.62,738.7,Yes
CUST-04091,Female,1,No,No,43,Yes,No,No,No internet service,No internet service,No internet service,No internet service,No internet service,No internet service,Month-to-month,Yes,Electronic check,33.49,1571.48,No
CUST-04092,Male,1,Yes,Yes,57,Yes,No,DSL,No,No,No,No,Yes,No,One year,Yes,Electronic check,45.26,2582.39,No
CUST-04093,Male,0,Yes,Yes,48,Yes,No,Fiber optic,No,Yes,No,No,No,No,Month-to-month,No,Mailed check,58.18,2798.3,No
CUST-04094,Male,0,No,No,61,Yes,Yes,Fiber optic,No,No,Yes,No,No,Yes,One year,Yes,Bank transfer (automatic),72.97,4410.53,No
CUST-04095,Female,0,No,Yes,44,Yes,Yes,DSL,No,Yes,Yes,Yes,No,No,One year,Yes,Mailed check,58.89,2788.92,No
CUST-04096,Male,0,Yes,No,52,Yes,No,No,No internet service,No internet service,No internet service,No internet service,No internet service,No internet service,Month-to-month,Yes,Electronic check,22.84,1115.77,No
CUST-04097,Male,1,Yes,Yes,62,No,No phone service,DSL,No,Yes,No,No,Yes,Yes,Month-to-month,Yes,Electronic check,73.69,4580.64,Yes
CUST-04098,Female,1,No,No,2,Yes,No,Fiber optic,No,No,No,No,Yes,No,Two year,No,Credit card (automatic),70.45,157.13,Yes
CUST-04099,Female,0,Yes,No,71,Yes,Yes,Fiber optic,Yes,No,No,Yes,No,Yes,Month-to-month,Yes,Credit card (automatic),74.47,5217.5,No
CUST-04100,Female,0,No,Yes,31,Yes,Yes,No,No internet service,No internet service,No internet service,No internet service,No internet service,No internet service,Month-to-month,No,Electronic check,34.42,1052.68,No
CUST-04101,Female,0,Yes,No,72,Yes,No,DSL,Yes,No,Yes,No,No,No,Month-to-month,No,Credit card (automatic),53.27,3845.39,No
CUST-04102,Female,0,Yes,No,33,Yes,Yes,Fiber optic,Yes,Yes,No,No,Yes,No,One year,No,Bank transfer (automatic),76.98,2501.94,No
CUST-04103,Male,0,Yes,No,5,Yes,Yes,DSL,Yes,Yes,Yes,Yes,No,Yes,One year,Yes,Electronic check,82.08,439.44,No
CUST-04104,Female,0,No,No,58,Yes,Yes,Fiber optic,No,No,Yes,No,No,Yes,Two year,Yes,Electronic check,76.5,4401.33,Yes
CUST-04105,Male,0,No,Yes,11,Yes,No,Fiber optic,Yes,No,Yes,No,No,No,One year,No,Credit card (automatic),72.07,785.67,No
CUST-04106,Male,0,Yes,Yes,23,Yes,Yes,DSL,No,No,No,No,No,Yes,One year,No,Mailed check,54.31,1301.05,No
CUST-04107,Female,0,No,No,45,Yes,Yes,DSL,No,Yes,Yes,Yes,No,No,One year,Yes,Electronic check,61.74,2795.38,No
CUST-04108,Female,0,Yes,No,27,Yes,Yes,DSL,No,Yes,Yes,No,No,Yes,Two year,No,Bank transfer (automatic),58.36,1632.51,No
CUST-04109,Female,0,No,No,56,Yes,Yes,No,No internet service,No internet service,No internet service,No internet service,No internet service,No internet service,One year,Yes,Electronic check,30.07,1677.77,No
CUST-04110,Male,0,Yes,Yes,59,Yes,No,No,No internet service,No internet service,No internet service,No internet service,No internet service,No internet service,Month-to-month,No,Bank transfer (automatic),22.77,1395.92,No
CUST-04111,Female,0,No,No,40,Yes,No,Fiber optic,No,Yes,No,Yes,Yes,No,Two year,No,Bank transfer (automatic),80.54,3264.71,No
CUST-04112,Female,1,Yes,No,18,Yes,No,No,No internet service,No internet service,No internet service,No internet service,No internet service,No internet service,Two year,Yes,Bank transfer (automatic),26.55,406.13,No
CUST-04113,Female,0,No,Yes,51,Yes,Yes,Fiber optic,No,No,Yes,Yes,Yes,Yes,Month-to-month,Yes,Bank transfer (automatic),94.38,4754.1,No
CUST-04114,Female,1,No,No,61,Yes,Yes,Fiber optic,Yes,No,Yes,No,No,No,Month-to-month,Yes,Mailed check,68.4,4183.23,Yes
CUST-04115,Female,1,Yes,No,23,No,No phone service,Fiber optic,No,No,Yes,Yes,Yes,No,Month-to-month,No,Mailed check,75.02,1672.83,No
CUST-04116,Male,0,Yes,No,36,Yes,Yes,No,No internet service,No internet service,No internet service,No internet service,No internet service,No internet service,Two year,No,Electronic check,25.65,924.51,No
CUST-04117,Male,0,Yes,No,38,Yes,No,DSL,Yes,No,No,No,No,Yes,Two year,No,Mailed check,50.96,1951.32,No
CUST-04118,Male,0,No,No,72,No,No phone service,DSL,No,Yes,No,No,No,No,One year,No,Credit card (automatic),45.34,3154.5,No
CUST-04119,Female,1,Yes,Yes,56,Yes,Yes,No,No internet service,No internet service,No internet service,No internet service,No internet service,No internet service,Month-to-month,No,Electronic check,33.49,1908.76,No
CUST-04120,Female,1,No,No,39,Yes,Yes,No,No internet service,No internet service,No internet service,No internet service,No internet service,No internet service,Month-to-month,No,Bank transfer (automatic),31.9,1188.39,Yes
CUST-04121,Female,0,No,Yes,69,Yes,Yes,DSL,Yes,No,No,No,No,No,Two year,Yes,Electronic check,50.58,3478.27,No
CUST-04122,Male,0,Yes,No,28,Yes,No,Fiber optic,Yes,Yes,Yes,No,No,Yes,Two year,Yes,Credit card (automatic),79.02,2267.7,No
CUST-04123,Female,0,Yes,No,21,Yes,No,DSL,No,Yes,No,No,No,No,One year,No,Electronic check,48.91,981.88,No
CUST-04124,Female,0,No,No,62,Yes,No,DSL,Yes,No,Yes,Yes,No,No,Month-to-month,Yes,Electronic check,58.19,3511.23,No
CUST-04125,Female,0,No,No,23,Yes,No,DSL,No,Yes,Yes,Yes,No,No,Two year,Yes,Credit card (automatic),58.13,1323.56,No
CUST-04126,Male,0,No,No,21,Yes,No,Fiber optic,No,Yes,No,No,Yes,No,One year,Yes,Electronic check,63.65,1304.84,Yes
CUST-04127,Female,0,Yes,Yes,16,Yes,Yes,Fiber optic,Yes,Yes,No,No,No,No,Two year,Yes,Credit card (automatic),75.48,1194.42,No
CUST-04128,Male,0,Yes,Yes,62,Yes,No,DSL,No,No,Yes,No,No,No,One year,No,Bank transfer (automatic),37.92,2273.21,No
CUST-04129,Female,0,No,No,65,Yes,No,DSL,No,No,No,No,Yes,Yes,Two year,Yes,Bank transfer (automatic),63.26,4145.24,No
CUST-04130,Male,0,No,No,5,Yes,No,Fiber optic,No,No,No,No,No,No,Month-to-month,Yes,Electronic check,60.44,279.98,Yes
CUST-04131,Male,1,No,No,46,Yes,Yes,DSL,No,No,No,No,No,No,One year,Yes,Credit card (automatic),44.77,2042.43,Yes
CUST-04132,Male,0,Yes,No,64,Yes,Yes,DSL,No,No,No,No,No,No,Two year,No,Electronic check,46.7,2885.51,No
CUST-04133,Female,0,Yes,No,41,No,No phone service,No,No internet service,No internet service,No internet service,No internet service,No internet service,No internet service,One year,No,Credit card (automatic),21.72,825.09,No
CUST-04134,Female,0,Yes,Yes,44,Yes,Yes,Fiber optic,No,No,Yes,Yes,No,Yes,Month-to-month,No,Bank transfer (automatic),76.92,3360.98,No
CUST-04135,Male,0,No,No,15,No,No phone service,Fiber optic,No,No,No,No,No,No,Two year,Yes,Mailed check,54.78,896.41,No
CUST-04136,Male,0,Yes,No,68,Yes,No,Fiber optic,Yes,No,Yes,No,No,No,Two year,Yes,Electronic check,63.21,4294.57,No
CUST-04137,Female,0,No,No,51,Yes,No,DSL,No,No,No,No,No,No,One year,Yes,Mailed check,42.48,2199.6,No
CUST-04138,Female,0,No,No,54,Yes,No,Fiber optic,No,Yes,No,No,Yes,Yes,One year,Yes,Electronic check,80.25,4375.29,Yes
CUST-04139,Male,1,Yes,Yes,68,Yes,No,No,No internet service,No internet service,No internet service,No internet service,No internet service,No internet service,Month-to-month,No,Mailed check,29.12,1981.48,No
CUST-04140,Female,0,Yes,No,42,Yes,Yes,DSL,No,No,No,Yes,No,No,Month-to-month,No,Electronic check,54.11,2258.92,Yes
CUST-04141,Female,1,No,No,46,Yes,Yes,No,No internet service,No internet service,No internet service,No internet service,No internet service,No internet service,Month-to-month,No,Electronic check,36.8,1649.15,No
CUST-04142,Female,0,Yes,Yes,25,Yes,No,Fiber optic,Yes,No,No,No,No,No,One year,Yes,Mailed check,67.28,1689.78,No
CUST-04143,Female,0,Yes,No,67,Yes,Yes,No,No internet service,No internet service,No internet service,No internet service,No internet service,No internet service,Two year,Yes,Electronic check,31.0,2010.52,No
CUST-04144,Male,0,Yes,No,35,Yes,No,No,No internet service,No internet service,No internet service,No internet service,No internet service,No internet service,One year,Yes,Bank transfer (automatic),27.07,941.87,No
CUST-04145,Female,0,No,No,22,Yes,No,No,No internet service,No internet service,No internet service,No internet service,No internet service,No internet service,Month-to-month,Yes,Electronic check,21.99,463.11,No
CUST-04146,Female,0,No,No,9,Yes,No,DSL,No,No,Yes,Yes,Yes,Yes,Two year,No,Bank transfer (automatic),69.67,697.41,Yes
CUST-04147,Male,0,No,No,24,No,No phone service,DSL,Yes,No,Yes,No,Yes,Yes,Month-to-month,No,Bank transfer (automatic),68.33,1602.07,No
CUST-04148,Male,0,No,Yes,23,Yes,Yes,Fiber optic,Yes,No,Yes,No,No,Yes,Month-to-month,Yes,Electronic check,83.58,1897.54,Yes
CUST-04149,Female,0,No,Yes,61,Yes,No,Fiber optic,No,No,Yes,Yes,No,No,Two year,Yes,Bank transfer (automatic),59.62,3686.51,No
CUST-04150,Female,0,No,No,37,Yes,No,Fiber optic,No,No,Yes,Yes,Yes,No,Month-to-month,Yes,Electronic check,73.69,2683.59,Yes
CUST-04151,Female,0,No,Yes,45,Yes,No,DSL,Yes,No,No,No,No,No,One year,Yes,Credit card (automatic),39.3,1765.4,No
CUST-04152,Female,1,Yes,No,15,Yes,No,Fiber optic,Yes,No,No,No,Yes,No,Month-to-month,Yes,Electronic check,76.05,1152.17,No
CUST-04153,Male,1,Yes,No,57,Yes,Yes,DSL,Yes,Yes,No,No,Yes,Yes,One year,Yes,Electronic check,71.3,4043.34,No
CUST-04154,Male,0,No,No,14,Yes,Yes,Fiber optic,Yes,Yes,No,Yes,Yes,No,One year,Yes,Bank transfer (automatic),90.96,1246.18,No
CUST-04155,Male,1,No,No,52,Yes,No,Fiber optic,No,Yes,No,No,No,No,One year,No,Mailed check,58.05,3058.5,No
CUST-04156,Female,0,Yes,Yes,36,Yes,Yes,No,No internet service,No internet service,No internet service,No internet service,No internet service,No internet service,Month-to-month,No,Credit card (automatic),28.24,1086.62,No
CUST-04157,Female,0,No,No,27,Yes,Yes,Fiber optic,No,No,No,No,Yes,No,Two year,No,Bank transfer (automatic),67.3,1940.12,No
CUST-04158,Female,0,Yes,No,17,Yes,No,No,No internet service,No internet service,No internet service,No internet service,No internet service,No internet service,One year,Yes,Electronic check,25.27,356.39,Yes
CUST-04159,Female,1,Yes,No,41,Yes,No,No,No internet service,No internet service,No internet service,No internet service,No internet service,No internet service,Month-to-month,Yes,Bank transfer (automatic),24.55,1060.02,No
CUST-04160,Male,0,No,No,4,Yes,No,Fiber optic,No,Yes,No,Yes,No,No,One year,No,Mailed check,66.22,236.57,No
CUST-04161,Male,0,Yes,Yes,3,Yes,No,DSL,No,Yes,No,No,No,No,Month-to-month,No,Electronic check,43.88,153.19,Yes
CUST-04162,Female,0,No,No,19,Yes,No,DSL,Yes,Yes,No,Yes,No,No,Month-to-month,Yes,Electronic check,55.22,1085.88,No
CUST-04163,Male,0,Yes,No,41,Yes,No,No,No internet service,No internet service,No internet service,No internet service,No internet service,No internet service,Month-to-month,No,Credit card (automatic),27.23,1135.05,No
CUST-04164,Female,0,Yes,No,40,Yes,No,Fiber optic,Yes,No,Yes,No,No,No,One year,No,Electronic check,58.22,2344.67,No
CUST-04165,Female,0,No,No,58,Yes,Yes,Fiber optic,Yes,No,Yes,No,No,No,Two year,No,Bank transfer (automatic),72.53,4161.09,No
CUST-04166,Male,0,No,Yes,39,Yes,Yes,DSL,No,Yes,No,No,No,No,Two year,Yes,Credit card (automatic),47.42,1852.09,No
CUST-04167,Female,0,Yes,No,7,Yes,Yes,DSL,Yes,Yes,Yes,No,Yes,Yes,Two year,Yes,Mailed check,81.1,529.38,No
CUST-04168,Female,0,No,Yes,36,Yes,No,DSL,No,Yes,No,No,No,No,Two year,No,Electronic check,49.34,1708.73,No
CUST-04169,Male,0,No,No,20,Yes,Yes,DSL,No,No,No,No,Yes,No,Month-to-month,Yes,Bank transfer (automatic),56.77,1128.28,Yes
CUST-04170,Female,0,Yes,No,29,Yes,No,Fiber optic,No,No,No,No,No,Yes,One year,Yes,Electronic check,61.57,1741.19,Yes
CUST-04171,Female,0,Yes,No,68,Yes,No,Fiber optic,No,No,Yes,Yes,No,No,Two year,No,Bank transfer (automatic),63.51,4436.82,No
CUST-04172,Male,1,No,Yes,66,No,No phone service,No,No internet service,No internet service,No internet service,No internet service,No internet service,No internet service,One year,No,Credit card (automatic),32.06,2209.65,No
CUST-04173,Female,0,No,No,47,Yes,No,Fiber optic,No,No,No,No,Yes,No,One year,No,Mailed check,64.03,2958.29,Yes
CUST-04174,Male,0,Yes,No,23,Yes,No,No,No internet service,No internet service,No internet service,No internet service,No internet service,No internet service,Month-to-month,Yes,Bank transfer (automatic),25.43,645.6,No
CUST-04175,Female,0,Yes,No,6,Yes,Yes,DSL,No,No,No,No,No,No,Two year,No,Credit card (automatic),46.4,233.17,Yes
CUST-04176,Male,1,Yes,Yes,18,Yes,Yes,Fiber optic,Yes,No,No,No,No,No,Month-to-month,Yes,Mailed check,61.36,1076.49,Yes
CUST-04177,Male,1,Yes,No,53,Yes,Yes,DSL,No,No,Yes,No,No,No,Month-to-month,Yes,Credit card (automatic),45.06,2358.08,Yes
CUST-04178,Male,0,No,Yes,22,Yes,Yes,No,No internet service,No internet service,No internet service,No internet service,No internet service,No internet service,Month-to-month,Yes,Bank transfer (automatic),32.1,692.89,Yes
CUST-04179,Female,0,No,No,68,Yes,Yes,DSL,Yes,No,Yes,No,Yes,No,Month-to-month,No,Mailed check,57.48,3944.31,No
CUST-04180,Male,0,Yes,No,35,Yes,Yes,No,No internet service,No internet service,No internet service,No internet service,No internet service,No internet service,Month-to-month,Yes,Bank transfer (automatic),27.86,825.33,No
CUST-04181,Male,0,No,No,9,Yes,Yes,No,No internet service,No internet service,No internet service,No internet service,No internet service,No internet service,Month-to-month,Yes,Mailed check,33.17,287.04,No
CUST-04182,Male,0,No,Yes,31,Yes,No,Fiber optic,No,Yes,No,No,No,Yes,Month-to-month,Yes,Electronic check,61.25,1908.09,Yes
CUST-04183,Male,0,No,No,43,Yes,No,Fiber optic,No,Yes,Yes,No,Yes,No,Two year,Yes,Mailed check,71.43,3052.67,Yes
CUST-04184,Male,0,No,Yes,17,Yes,No,Fiber optic,No,Yes,No,Yes,No,Yes,Two year,Yes,Mailed check,73.77,1308.46,No
CUST-04185,Female,0,No,No,51,Yes,No,Fiber optic,No,No,Yes,Yes,No,Yes,Month-to-month,No,Electronic check,74.51,3767.33,Yes
CUST-04186,Female,0,No,No,66,Yes,Yes,Fiber optic,No,No,Yes,Yes,No,Yes,Month-to-month,Yes,Credit card (automatic),78.48,5138.09,Yes
CUST-04187,Female,0,Yes,No,24,Yes,Yes,DSL,No,No,No,No,No,No,Month-to-month,Yes,Bank transfer (automatic),40.16,909.82,Yes
CUST-04188,Female,0,No,Yes,15,Yes,Yes,No,No internet service,No internet service,No internet service,No internet service,No internet service,No internet service,Two year,Yes,Mailed check,29.38,430.49,No
CUST-04189,Female,0,No,Yes,28,Yes,No,DSL,Yes,Yes,No,No,No,No,Month-to-month,Yes,Bank transfer (automatic),53.01,1470.83,No
CUST-04190,Female,0,Yes,No,3,Yes,Yes,Fiber optic,No,No,No,No,No,No,Month-to-month,No,Bank transfer (automatic),63.89,198.21,Yes
CUST-04191,Female,0,Yes,No,29,Yes,No,DSL,No,No,No,No,No,No,Two year,No,Mailed check,44.85,1323.91,No
CUST-04192,Male,0,Yes,No,52,Yes,Yes,No,No internet service,No internet service,No internet service,No internet service,No internet service,No internet service,Two year,Yes,Mailed check,37.79,1952.48,No
CUST-04193,Female,0,No,Yes,54,Yes,No,Fiber optic,No,No,Yes,No,No,Yes,Month-to-month,Yes,Mailed check,68.07,3675.15,No
CUST-04194,Male,0,No,Yes,58,Yes,Yes,Fiber optic,Yes,No,No,No,No,Yes,Month-to-month,No,Electronic check,77.74,4526.51,No
CUST-04195,Male,0,No,No,45,Yes,No,DSL,No,No,No,Yes,Yes,No,One year,No,Bank transfer (automatic),52.71,2475.07,No
CUST-04196,Female,0,Yes,No,50,Yes,No,No,No internet service,No internet service,No internet service,No internet service,No internet service,No internet service,One year,Yes,Electronic check,24.2,1201.48,No
CUST-04197,Male,0,No,No,22,Yes,No,DSL,No,Yes,Yes,Yes,No,No,One year,No,Electronic check,57.46,1323.79,No
CUST-04198,Male,0,Yes,No,52,Yes,No,Fiber optic,Yes,No,No,Yes,Yes,No,Month-to-month,No,Bank transfer (automatic),80.23,4255.99,Yes
CUST-04199,Male,0,No,No,53,Yes,Yes,No,No internet service,No internet service,No internet service,No internet service,No internet service,No internet service,Two year,Yes,Electronic check,38.19,2088.93,No
CUST-04200,Male,0,Yes,No,31,Yes,No,DSL,No,No,No,No,No,Yes,Month-to-month,Yes,Credit card (automatic),45.98,1523.25,Yes
CUST-04201,Female,0,No,Yes,71,Yes,No,Fiber optic,Yes,No,Yes,No,No,No,Month-to-month,Yes,Electronic check,60.65,4297.09,Yes
CUST-04202,Female,0,No,No,48,Yes,Yes,DSL,No,Yes,Yes,Yes,No,No,Month-to-month,No,Electronic check,57.49,2859.44,No
CUST-04203,Female,0,No,No,31,Yes,No,Fiber optic,No,Yes,No,No,No,Yes,Month-to-month,No,Mailed check,71.76,2136.55,Yes
CUST-04204,Female,1,No,No,4,Yes,Yes,Fiber optic,No,No,No,No,No,Yes,Month-to-month,Yes,Mailed check,66.01,368.6,Yes
CUST-04205,Female,0,No,No,35,No,No phone service,No,No internet service,No internet service,No internet service,No internet service,No internet service,No internet service,Month-to-month,Yes,Electronic check,28.61,983.98,No
CUST-04206,Female,0,Yes,No,67,Yes,No,DSL,No,No,No,No,No,No,Two year,No,Credit card (automatic),44.71,3010.5,No
CUST-04207,Female,0,No,No,64,No,No phone service,Fiber optic,Yes,Yes,Yes,No,No,Yes,Month-to-month,No,Electronic check,85.18,5410.63,Yes
CUST-04208,Female,0,No,No,9,No,No phone service,No,No internet service,No internet service,No internet service,No internet service,No internet service,No internet service,Month-to-month,Yes,Mailed check,23.7,175.2,No
CUST-04209,Female,0,Yes,No,46,Yes,Yes,No,No internet service,No internet service,No internet service,No internet service,No internet service,No internet service,Two year,Yes,Bank transfer (automatic),27.74,1282.77,No
CUST-04210,Female,0,No,No,56,Yes,No,DSL,No,No,No,Yes,No,Yes,Month-to-month,Yes,Bank transfer (automatic),57.77,3190.88,No
CUST-04211,Male,1,No,No,56,Yes,No,DSL,No,No,No,No,No,Yes,Two year,Yes,Mailed check,43.82,2412.98,No
CUST-04212,Female,0,No,Yes,26,Yes,Yes,Fiber optic,Yes,Yes,Yes,Yes,No,Yes,Month-to-month,Yes,Electronic check,87.92,2278.72,No
CUST-04213,Male,0,No,Yes,60,Yes,No,Fiber optic,No,No,Yes,No,Yes,Yes,Two year,Yes,Electronic check,82.94,4986.78,Yes
CUST-04214,Male,1,No,No,72,No,No phone service,DSL,No,Yes,No,No,Yes,No,One year,Yes,Credit card (automatic),56.73,4062.93,No
CUST-04215,Male,0,No,No,48,Yes,No,No,No internet service,No internet service,No internet service,No internet service,No internet service,No internet service,Two year,Yes,Credit card (automatic),20.62,910.69,No
CUST-04216,Male,0,No,No,58,No,No phone service,Fiber optic,Yes,No,Yes,No,Yes,No,One year,Yes,Electronic check,71.1,4113.28,No
CUST-04217,Female,0,No,No,63,Yes,No,DSL,Yes,No,No,No,No,No,Two year,No,Electronic check,49.04,3052.65,No
CUST-04218,Male,0,No,No,58,Yes,No,Fiber optic,No,Yes,No,No,Yes,Yes,Two year,No,Credit card (automatic),82.27,4715.13,No
CUST-04219,Female,0,Yes,Yes,3,Yes,No,Fiber optic,Yes,Yes,Yes,No,Yes,No,Month-to-month,No,Credit card (automatic),75.9,242.51,No
CUST-04220,Female,0,Yes,No,7,Yes,No,Fiber optic,No,Yes,No,No,Yes,No,Two year,No,Bank transfer (automatic),74.02,508.32,No
CUST-04221,Male,0,Yes,Yes,52,No,No phone service,Fiber optic,No,Yes,Yes,No,No,Yes,Two year,No,Mailed check,78.5,4105.74,No
CUST-04222,Female,0,No,No,62,Yes,Yes,DSL,No,No,No,Yes,Yes,No,One year,Yes,Electronic check,60.99,3748.73,No
CUST-04223,Male,1,No,No,2,Yes,No,Fiber optic,No,No,No,No,No,Yes,Month-to-month,Yes,Mailed check,59.61,22.61,Yes
CUST-04224,Male,0,No,No,33,Yes,Yes,No,No internet service,No internet service,No internet service,No internet service,No internet service,No internet service,Month-to-month,No,Credit card (automatic),34.11,1170.85,No
CUST-04225,Female,0,No,Yes,12,Yes,No,Fiber optic,No,No,No,No,No,No,One year,Yes,Bank transfer (automatic),57.8,636.63,No
CUST-04226,Female,0,Yes,No,48,Yes,No,Fiber optic,Yes,No,Yes,No,No,No,One year,No,Credit card (automatic),61.86,2898.21,No
CUST-04227,Male,0,Yes,No,53,Yes,Yes,No,No internet service,No internet service,No internet service,No internet service,No internet service,No internet service,Two year,Yes,Credit card (automatic),33.43,1729.17,No
CUST-04228,Female,1,No,No,41,Yes,No,DSL,No,No,Yes,No,No,Yes,Month-to-month,Yes,Mailed check,50.88,2099.44,Yes
CUST-04229,Female,0,Yes,Yes,58,Yes,No,Fiber optic,No,No,No,Yes,Yes,No,One year,Yes,Electronic check,70.79,4079.38,Yes
CUST-04230,Female,0,Yes,No,68,Yes,Yes,No,No internet service,No internet service,No internet service,No internet service,No internet service,No internet service,Two year,Yes,Credit card (automatic),23.54,1629.07,No
CUST-04231,Male,0,No,No,23,Yes,No,Fiber optic,No,No,No,No,No,No,Two year,Yes,Credit card (automatic),56.67,1305.89,No
CUST-04232,Male,1,Yes,No,36,Yes,No,No,No internet service,No internet service,No internet service,No internet service,No internet service,No internet service,Month-to-month,Yes,Mailed check,30.46,1070.59,No
CUST-04233,Female,0,No,Yes,21,Yes,Yes,DSL,Yes,No,No,No,Yes,No,Month-to-month,Yes,Credit card (automatic),53.45,1087.25,No
CUST-04234,Female,0,Yes,Yes,72,Yes,No,Fiber optic,No,No,No,No,No,Yes,Month-to-month,Yes,Mailed check,60.85,4394.61,No
CUST-04235,Female,0,No,No,55,Yes,Yes,No,No internet service,No internet service,No internet service,No internet service,No internet service,No internet service,One year,Yes,Bank transfer (automatic),30.05,1709.43,No
CUST-04236,Female,1,Yes,No,56,Yes,No,DSL,No,Yes,Yes,No,Yes,Yes,Month-to-month,Yes,Electronic check,71.02,4014.75,Yes
CUST-04237,Female,0,Yes,No,13,Yes,No,No,No internet service,No internet service,No internet service,No internet service,No internet service,No internet service,Month-to-month,No,Credit card (automatic),24.54,354.66,Yes
CUST-04238,Male,0,No,No,22,No,No phone service,DSL,No,No,No,No,Yes,Yes,Two year,Yes,Electronic check,56.93,1329.73,No
CUST-04239,Female,0,No,Yes,7,Yes,Yes,No,No internet service,No internet service,No internet service,No internet service,No internet service,No internet service,Month-to-month,Yes,Bank transfer (automatic),27.75,128.18,Yes
CUST-04240,Male,0,No,Yes,24,Yes,Yes,No,No internet service,No internet service,No internet service,No internet service,No internet service,No internet service,Month-to-month,Yes,Electronic check,29.63,703.84,No
CUST-04241,Female,0,Yes,Yes,61,Yes,Yes,Fiber optic,No,Yes,No,Yes,No,No,Two year,Yes,Electronic check,64.17,3945.41,No
CUST-04242,Male,1,Yes,No,5,No,No phone service,Fiber optic,No,No,No,No,Yes,Yes,Month-to-month,Yes,Bank transfer (automatic),75.67,422.69,Yes
CUST-04243,Female,1,No,No,50,Yes,No,Fiber optic,Yes,No,No,No,No,No,Two year,Yes,Bank transfer (automatic),62.61,3090.62,No
CUST-04244,Male,1,Yes,Yes,62,Yes,No,No,No internet service,No internet service,No internet service,No internet service,No internet service,No internet service,Two year,Yes,Credit card (automatic),29.06,1806.97,No
CUST-04245,Female,0,Yes,Yes,55,No,No phone service,Fiber optic,Yes,Yes,Yes,No,No,No,One year,No,Electronic check,66.95,3715.56,Yes
CUST-04246,Male,0,No,No,26,No,No phone service,No,No internet service,No internet service,No internet service,No internet service,No internet service,No internet service,One year,Yes,Electronic check,28.95,681.67,No
CUST-04247,Male,1,Yes,No,10,Yes,No,DSL,Yes,No,No,Yes,No,No,Month-to-month,No,Credit card (automatic),58.98,637.92,No
CUST-04248,Male,0,Yes,No,11,Yes,No,Fiber optic,Yes,Yes,No,No,Yes,No,Month-to-month,No,Electronic check,66.64,783.1,Yes
CUST-04249,Male,0,Yes,No,40,Yes,No,DSL,No,Yes,Yes,No,Yes,Yes,Month-to-month,Yes,Bank transfer (automatic),72.04,2771.29,No
CUST-04250,Male,0,No,No,11,Yes,No,DSL,Yes,Yes,No,Yes,No,No,Month-to-month,Yes,Bank transfer (automatic),54.58,642.29,Yes
CUST-04251,Male,1,Yes,Yes,4,Yes,No,Fiber optic,No,Yes,Yes,No,No,No,Month-to-month,Yes,Credit card (automatic),66.94,365.85,Yes
CUST-04252,Female,0,No,Yes,2,Yes,No,Fiber optic,No,Yes,No,Yes,No,No,Month-to-month,No,Mailed check,67.97,118.31,Yes
CUST-04253,Male,1,Yes,Yes,39,Yes,No,DSL,No,Yes,No,No,No,No,Two year,Yes,Electronic check,39.15,1528.82,Yes
CUST-04254,Female,0,No,Yes,23,Yes,Yes,Fiber optic,No,No,Yes,Yes,No,Yes,Two year,No,Electronic check,79.6,1768.55,Yes
CUST-04255,Female,0,Yes,No,45,Yes,No,No,No internet service,No internet service,No internet service,No internet service,No internet service,No internet service,Two year,No,Electronic check,19.67,918.72,No
CUST-04256,Female,0,No,No,42,Yes,No,Fiber optic,No,No,No,No,No,No,One year,Yes,Mailed check,49.39,2089.75,Yes
CUST-04257,Female,0,No,Yes,42,Yes,No,DSL,No,Yes,Yes,Yes,No,No,One year,Yes,Mailed check,60.69,2540.64,No
CUST-04258,Female,0,No,No,29,Yes,No,No,No internet service,No internet service,No internet service,No internet service,No internet service,No internet service,One year,Yes,Credit card (automatic),38.57,1072.46,No
CUST-04259,Male,1,No,No,16,Yes,Yes,Fiber optic,No,No,No,No,Yes,No,Two year,Yes,Mailed check,72.7,1163.47,No
CUST-04260,Male,0,No,No,67,Yes,No,DSL,Yes,No,No,No,Yes,No,Month-to-month,No,Mailed check,60.98,4069.16,No
CUST-04261,Male,0,Yes,No,60,Yes,No,No,No internet service,No internet service,No internet service,No internet service,No internet service,No internet service,Month-to-month,No,Credit card (automatic),23.97,1421.36,No
CUST-04262,Female,0,No,No,4,Yes,No,DSL,Yes,No,Yes,No,No,No,Month-to-month,Yes,Mailed check,48.7,147.2,Yes
CUST-04263,Male,0,No,Yes,16,Yes,No,DSL,No,No,No,No,No,Yes,Two year,No,Credit card (automatic),49.54,719.81,No
CUST-04264,Male,0,No,No,41,No,No phone service,DSL,No,No,No,No,No,No,One year,No,Bank transfer (automatic),38.86,1713.81,Yes
CUST-04265,Male,0,Yes,No,6,Yes,No,Fiber optic,No,No,No,Yes,No,No,Month-to-month,No,Electronic check,60.46,309.24,No
CUST-04266,Male,1,No,No,42,Yes,Yes,Fiber optic,No,Yes,No,No,Yes,Yes,Two year,Yes,Mailed check,87.41,3636.62,Yes
CUST-04267,Male,0,Yes,No,57,Yes,No,Fiber optic,No,No,No,No,No,No,Month-to-month,No,Electronic check,54.09,3125.76,No
CUST-04268,Female,0,No,No,28,Yes,No,Fiber optic,No,No,No,No,No,No,Two year,No,Electronic check,54.98,1597.48,No
CUST-04269,Male,0,Yes,No,23,Yes,Yes,Fiber optic,Yes,No,No,No,Yes,Yes,Month-to-month,Yes,Credit card (automatic),85.8,1938.1,Yes
CUST-04270,Female,0,Yes,No,42,No,No phone service,DSL,No,No,Yes,No,Yes,No,One year,No,Electronic check,57.75,2508.95,Yes
CUST-04271,Female,1,No,No,12,Yes,Yes,DSL,No,Yes,No,No,No,No,Two year,No,Credit card (automatic),52.46,656.5,Yes
CUST-04272,Female,0,No,No,64,Yes,No,DSL,Yes,No,No,No,Yes,Yes,Month-to-month,No,Bank transfer (automatic),62.93,3976.69,No
CUST-04273,Female,1,No,No,58,Yes,Yes,Fiber optic,No,No,No,No,Yes,No,Two year,Yes,Credit card (automatic),71.4,4168.21,No
CUST-04274,Female,0,No,No,51,Yes,No,No,No internet service,No internet service,No internet service,No internet service,No internet service,No internet service,Two year,Yes,Electronic check,25.53,1359.16,No
CUST-04275,Male,0,No,Yes,29,Yes,Yes,DSL,Yes,No,No,No,No,No,Month-to-month,Yes,Mailed check,47.51,1391.94,No
CUST-04276,Male,1,No,No,19,Yes,No,No,No internet service,No internet service,No internet service,No internet service,No internet service,No internet service,Month-to-month,No,Credit card (automatic),18.0,368.14,Yes
CUST-04277,Male,0,No,No,45,No,No phone service,DSL,No,No,Yes,No,Yes,Yes,Month-to-month,Yes,Bank transfer (automatic),66.17,2927.3,No
CUST-04278,Female,0,No,Yes,54,Yes,Yes,No,No internet service,No internet service,No internet service,No internet service,No internet service,No internet service,One year,Yes,Bank transfer (automatic),23.57,1379.8,No
CUST-04279,Male,0,Yes,No,66,Yes,Yes,No,No internet service,No internet service,No internet service,No internet service,No internet service,No internet service,Month-to-month,Yes,Electronic check,34.4,2187.42,No
CUST-04280,Male,0,Yes,No,72,No,No phone service,Fiber optic,Yes,No,No,No,No,Yes,Month-to-month,No,Mailed check,73.92,5315.36,No
CUST-04281,Female,0,No,No,13,Yes,No,DSL,No,Yes,No,Yes,No,No,Month-to-month,Yes,Mailed check,44.24,535.5,Yes
CUST-04282,Female,0,No,Yes,65,Yes,Yes,Fiber optic,Yes,No,Yes,No,No,No,Month-to-month,No,Credit card (automatic),77.15,5045.05,No
CUST-04283,Female,0,Yes,No,12,No,No phone service,DSL,Yes,No,No,No,Yes,No,Two year,No,Bank transfer (automatic),55.5,617.0,Yes
CUST-04284,Female,0,Yes,Yes,71,Yes,No,Fiber optic,No,No,No,No,No,No,Month-to-month,Yes,Mailed check,58.36,4234.3,Yes
CUST-04285,Male,1,No,No,14,Yes,No,Fiber optic,No,No,No,No,No,Yes,One year,Yes,Mailed check,66.66,887.89,Yes
CUST-04286,Female,0,Yes,No,42,Yes,Yes,Fiber optic,Yes,No,No,Yes,No,No,Month-to-month,No,Credit card (automatic),66.22,2827.11,No
CUST-04287,Female,0,No,No,48,Yes,No,Fiber optic,Yes,No,No,No,No,No,One year,Yes,Bank transfer (automatic),57.21,2756.17,No
CUST-04288,Male,1,No,No,24,Yes,No,Fiber optic,Yes,Yes,No,No,Yes,Yes,Two year,Yes,Bank transfer (automatic),80.4,1968.13,No
CUST-04289,Male,0,Yes,Yes,65,Yes,Yes,No,No internet service,No internet service,No internet service,No internet service,No internet service,No internet service,Month-to-month,Yes,Mailed check,31.81,2098.71,No
CUST-04290,Female,0,No,No,17,No,No phone service,DSL,Yes,Yes,No,No,No,No,Month-to-month,No,Mailed check,51.28,873.87,Yes
CUST-04291,Male,0,No,No,38,Yes,No,No,No internet service,No internet service,No internet service,No internet service,No internet service,No internet service,Month-to-month,Yes,Mailed check,19.38,665.15,No
CUST-04292,Female,0,No,Yes,28,Yes,No,Fiber optic,Yes,No,No,No,No,No,Two year,Yes,Credit card (automatic),55.26,1542.75,No
CUST-04293,Female,0,Yes,No,33,Yes,Yes,DSL,No,No,No,No,No,Yes,Month-to-month,Yes,Electronic check,60.16,1924.2,Yes
CUST-04294,Male,0,Yes,No,24,Yes,Yes,DSL,No,No,Yes,No,No,Yes,Month-to-month,No,Electronic check,57.23,1343.61,Yes
CUST-04295,Male,0,No,No,70,Yes,Yes,DSL,Yes,No,Yes,No,Yes,No,Month-to-month,Yes,Bank transfer (automatic),61.11,4265.91,Yes
CUST-04296,Female,0,Yes,Yes,4,Yes,No,DSL,No,No,Yes,Yes,No,No,Month-to-month,Yes,Credit card (automatic),49.9,232.8,Yes
CUST-04297,Female,0,Yes,No,33,No,No phone service,Fiber optic,No,No,No,No,No,No,One year,No,Credit card (automatic),64.36,2109.17,Yes
CUST-04298,Female,0,Yes,No,10,Yes,Yes,Fiber optic,No,No,No,No,No,No,One year,No,Credit card (automatic),58.01,665.14,No
CUST-04299,Male,0,Yes,Yes,36,No,No phone service,Fiber optic,No,Yes,No,No,No,Yes,Two year,Yes,Mailed check,65.23,2334.76,No
CUST-04300,Female,1,Yes,Yes,31,Yes,Yes,DSL,No,Yes,No,Yes,No,No,Month-to-month,No,Credit card (automatic),57.25,1764.29,No
CUST-04301,Female,0,Yes,Yes,4,No,No phone service,Fiber optic,No,No,Yes,No,Yes,No,Month-to-month,Yes,Mailed check,65.56,182.54,Yes
CUST-04302,Female,0,No,No,8,Yes,No,Fiber optic,No,No,No,No,No,No,Month-to-month,Yes,Mailed check,57.53,438.72,Yes
CUST-04303,Female,0,No,No,27,Yes,No,No,No internet service,No internet service,No internet service,No internet service,No internet service,No internet service,Month-to-month,No,Credit card (automatic),28.26,717.11,No
CUST-04304,Female,1,Yes,No,36,Yes,No,DSL,No,No,No,Yes,Yes,Yes,Two year,Yes,Bank transfer (automatic),64.29,2250.72,No
CUST-04305,Male,1,No,Yes,9,Yes,No,No,No internet service,No internet service,No internet service,No internet service,No internet service,No internet service,Month-to-month,Yes,Bank transfer (automatic),29.22,214.22,Yes
CUST-04306,Female,0,Yes,No,43,Yes,No,DSL,No,Yes,Yes,Yes,Yes,No,Month-to-month,No,Electronic check,64.59,2729.76,Yes
CUST-04307,Female,0,No,No,24,Yes,No,DSL,No,Yes,Yes,No,No,No,One year,Yes,Mailed check,51.05,1104.21,Yes
CUST-04308,Female,0,Yes,Yes,37,Yes,No,Fiber optic,No,Yes,No,No,No,No,Two year,No,Electronic check,54.81,1998.58,No
CUST-04309,Female,0,Yes,No,41,No,No phone service,Fiber optic,No,No,No,No,No,Yes,One year,Yes,Electronic check,63.32,2597.98,No
CUST-04310,Male,0,No,Yes,26,Yes,No,DSL,No,No,No,Yes,No,Yes,One year,Yes,Bank transfer (automatic),57.44,1527.3,No
CUST-04311,Male,0,Yes,No,4,Yes,Yes,DSL,No,Yes,No,Yes,No,Yes,Month-to-month,No,Electronic check,61.71,184.89,Yes
CUST-04312,Male,0,No,No,1,Yes,No,Fiber optic,No,No,No,No,No,Yes,Two year,No,Mailed check,73.0,126.0,No
CUST-04313,Female,0,Yes,No,20,No,No phone service,Fiber optic,No,No,No,No,No,No,Two year,Yes,Mailed check,65.8,1396.91,Yes
CUST-04314,Female,0,Yes,No,45,Yes,Yes,DSL,No,No,No,Yes,No,Yes,One year,Yes,Bank transfer (automatic),57.84,2583.87,No
CUST-04315,Male,0,No,No,69,Yes,Yes,No,No internet service,No internet service,No internet service,No internet service,No internet service,No internet service,Month-to-month,Yes,Mailed check,32.25,2157.68,No
CUST-04316,Male,1,No,Yes,52,Yes,No,Fiber optic,No,No,No,No,No,Yes,Month-to-month,Yes,Bank transfer (automatic),62.64,3192.5,No
CUST-04317,Male,0,Yes,No,64,Yes,Yes,DSL,No,No,No,No,No,No,Month-to-month,Yes,Electronic check,41.85,2683.37,No
CUST-04318,Female,0,Yes,No,21,Yes,Yes,Fiber optic,No,No,No,Yes,No,No,Month-to-month,Yes,Bank transfer (automatic),63.03,1326.52,Yes
CUST-04319,Female,0,Yes,No,72,Yes,Yes,DSL,Yes,No,No,No,No,No,One year,Yes,Bank transfer (automatic),53.99,3917.27,No
CUST-04320,Male,0,No,Yes,25,Yes,Yes,DSL,No,No,No,No,No,Yes,Two year,No,Mailed check,55.71,1395.15,No
CUST-04321,Male,0,No,Yes,67,Yes,No,No,No internet service,No internet service,No internet service,No internet service,No internet service,No internet service,One year,Yes,Electronic check,30.54,2022.51,No
CUST-04322,Male,0,Yes,No,26,Yes,No,DSL,No,No,No,No,No,Yes,Two year,Yes,Bank transfer (automatic),45.89,1222.53,Yes
CUST-04323,Female,0,No,Yes,27,Yes,No,Fiber optic,No,No,Yes,No,No,Yes,Two year,No,Mailed check,65.17,1761.91,No
CUST-04324,Female,1,Yes,Yes,52,Yes,No,DSL,No,Yes,No,Yes,No,No,Month-to-month,Yes,Mailed check,47.33,2466.4,No
CUST-04325,Female,0,Yes,No,63,Yes,No,DSL,Yes,Yes,Yes,Yes,Yes,Yes,Month-to-month,Yes,Credit card (automatic),81.84,5115.7,No
CUST-04326,Male,1,Yes,No,45,Yes,No,DSL,No,No,No,No,Yes,Yes,One year,Yes,Electronic check,57.61,2713.08,No
CUST-04327,Male,0,No,No,58,Yes,Yes,Fiber optic,Yes,Yes,No,No,No,No,One year,No,Mailed check,68.3,3970.48,No
CUST-04328,Female,1,Yes,No,38,Yes,No,Fiber optic,Yes,No,No,No,Yes,No,Month-to-month,Yes,Bank transfer (automatic),73.88,2803.72,No
CUST-04329,Male,0,No,No,35,Yes,No,DSL,Yes,Yes,No,No,Yes,No,Two year,No,Credit card (automatic),51.55,1856.37,No
CUST-04330,Female,0,No,Yes,46,Yes,No,Fiber optic,No,Yes,No,Yes,No,No,Two year,Yes,Credit card (automatic),59.02,2808.14,Yes
CUST-04331,Male,0,Yes,No,71,Yes,No,Fiber optic,No,No,Yes,No,No,No,Month-to-month,Yes,Bank transfer (automatic),58.8,4259.03,No
CUST-04332,Male,0,Yes,No,3,Yes,No,Fiber optic,Yes,No,Yes,No,No,No,Month-to-month,Yes,Credit card (automatic),65.52,175.78,Yes
CUST-04333,Male,0,Yes,No,6,Yes,No,DSL,Yes,No,No,No,No,No,Month-to-month,No,Electronic check,42.53,225.18,Yes
CUST-04334,Male,0,No,No,13,Yes,Yes,DSL,No,No,Yes,Yes,Yes,No,One year,No,Mailed check,64.11,799.61,No
CUST-04335,Female,0,No,Yes,46,Yes,No,No,No internet service,No internet service,No internet service,No internet service,No internet service,No internet service,One year,Yes,Credit card (automatic),20.12,871.14,No
CUST-04336,Male,0,Yes,Yes,33,Yes,Yes,Fiber optic,No,No,No,No,No,No,Month-to-month,Yes,Electronic check,54.32,1757.66,Yes
CUST-04337,Female,0,Yes,No,62,Yes,No,DSL,Yes,Yes,No,No,No,Yes,Month-to-month,No,Credit card (automatic),58.53,3569.67,No
CUST-04338,Female,1,Yes,No,63,Yes,No,Fiber optic,No,Yes,Yes,Yes,No,Yes,Month-to-month,Yes,Electronic check,77.65,4829.88,Yes
CUST-04339,Female,0,Yes,Yes,56,Yes,No,DSL,Yes,Yes,No,No,No,No,Two year,No,Credit card (automatic),51.69,2945.67,No
CUST-04340,Male,0,No,Yes,39,Yes,Yes,DSL,No,Yes,No,Yes,No,No,One year,Yes,Mailed check,55.21,2199.3,No
CUST-04341,Female,0,Yes,No,60,Yes,Yes,DSL,No,Yes,No,Yes,No,No,One year,No,Electronic check,52.49,3148.11,No
CUST-04342,Female,0,Yes,No,24,Yes,No,Fiber optic,No,Yes,No,No,No,Yes,Two year,Yes,Credit card (automatic),67.46,1703.03,No
CUST-04343,Female,0,No,No,50,No,No phone service,Fiber optic,No,Yes,No,No,No,No,Two year,No,Bank transfer (automatic),55.92,2761.2,Yes
CUST-04344,Male,0,Yes,Yes,33,Yes,Yes,DSL,No,No,Yes,No,Yes,Yes,Month-to-month,No,Credit card (automatic),68.51,2312.81,No
CUST-04345,Male,0,No,No,7,Yes,Yes,No,No internet service,No internet service,No internet service,No internet service,No internet service,No internet service,Two year,No,Mailed check,28.06,152.47,No
CUST-04346,Female,0,Yes,No,46,Yes,No,Fiber optic,Yes,No,Yes,No,Yes,Yes,Month-to-month,No,Bank transfer (automatic),86.13,3966.02,No
CUST-04347,Male,1,No,No,62,No,No phone service,No,No internet service,No internet service,No internet service,No internet service,No internet service,No internet service,Month-to-month,No,Mailed check,23.81,1401.84,No
CUST-04348,Female,0,Yes,Yes,1,Yes,No,DSL,No,No,No,No,No,Yes,Month-to-month,No,Credit card (automatic),53.11,69.39,Yes
CUST-04349,Female,0,No,No,65,Yes,No,No,No internet service,No internet service,No internet service,No internet service,No internet service,No internet service,Two year,Yes,Mailed check,22.6,1487.44,No
CUST-04350,Male,0,Yes,No,45,Yes,No,Fiber optic,Yes,No,Yes,Yes,Yes,Yes,One year,Yes,Bank transfer (automatic),86.14,3903.84,No
CUST-04351,Female,0,No,Yes,55,Yes,No,Fiber optic,No,Yes,No,No,Yes,No,Two year,Yes,Electronic check,72.18,3959.55,No
CUST-04352,Male,0,Yes,Yes,66,Yes,No,No,No internet service,No internet service,No internet service,No internet service,No internet service,No internet service,One year,Yes,Bank transfer (automatic),20.53,1320.83,No
CUST-04353,Male,0,No,No,67,Yes,Yes,Fiber optic,Yes,No,Yes,Yes,Yes,Yes,Month-to-month,Yes,Mailed check,90.79,6116.87,Yes
CUST-04354,Female,1,Yes,No,54,Yes,Yes,Fiber optic,No,No,No,No,No,Yes,One year,No,Credit card (automatic),68.81,3716.73,No
CUST-04355,Male,0,No,No,63,Yes,Yes,No,No internet service,No internet service,No internet service,No internet service,No internet service,No internet service,Two year,Yes,Mailed check,27.77,1759.54,No
CUST-04356,Male,0,No,No,54,Yes,Yes,DSL,No,No,No,No,No,No,Two year,No,Mailed check,40.84,2196.19,No
CUST-04357,Female,0,No,No,52,Yes,No,DSL,No,No,No,No,Yes,Yes,Month-to-month,Yes,Credit card (automatic),60.91,3269.22,No
CUST-04358,Female,0,No,Yes,54,No,No phone service,No,No internet service,No internet service,No internet service,No internet service,No internet service,No internet service,Month-to-month,Yes,Bank transfer (automatic),36.36,1940.58,No
CUST-04359,Male,0,Yes,No,67,Yes,No,Fiber optic,No,Yes,No,No,No,No,Month-to-month,No,Bank transfer (automatic),59.26,4002.8,Yes
CUST-04360,Male,0,Yes,No,37,Yes,No,Fiber optic,Yes,No,Yes,No,No,No,Month-to-month,Yes,Bank transfer (automatic),61.27,2280.7,Yes
CUST-04361,Female,0,No,No,12,Yes,Yes,DSL,No,No,Yes,Yes,No,Yes,Month-to-month,Yes,Mailed check,63.38,717.49,Yes
CUST-04362,Male,0,Yes,Yes,59,Yes,No,DSL,No,No,No,No,No,Yes,One year,Yes,Bank transfer (automatic),47.62,2801.88,No
CUST-04363,Male,0,Yes,Yes,20,Yes,No,DSL,No,No,No,Yes,No,No,Two year,Yes,Bank transfer (automatic),51.07,985.59,No
CUST-04364,Male,0,Yes,No,32,Yes,No,DSL,Yes,No,Yes,No,No,No,One year,No,Bank transfer (automatic),47.03,1570.15,Yes
CUST-04365,Male,0,Yes,Yes,71,Yes,Yes,DSL,No,No,No,No,Yes,No,Month-to-month,Yes,Electronic check,54.78,3792.53,No
CUST-04366,Male,0,No,Yes,44,Yes,No,Fiber optic,Yes,No,Yes,No,Yes,Yes,Month-to-month,Yes,Mailed check,86.15,3753.56,Yes
CUST-04367,Male,1,No,Yes,66,Yes,No,DSL,No,No,No,No,No,Yes,Month-to-month,No,Credit card (automatic),42.91,2764.35,No
CUST-04368,Male,0,No,Yes,55,Yes,No,Fiber optic,No,No,Yes,Yes,No,Yes,Month-to-month,Yes,Electronic check,81.84,4455.36,Yes
CUST-04369,Female,0,Yes,No,16,Yes,Yes,Fiber optic,Yes,Yes,No,Yes,No,Yes,Two year,Yes,Credit card (automatic),89.79,1476.24,No
CUST-04370,Female,0,No,No,71,Yes,No,No,No internet service,No internet service,No internet service,No internet service,No internet service,No internet service,Month-to-month,No,Electronic check,23.42,1714.82,No
CUST-04371,Female,0,No,Yes,68,Yes,Yes,Fiber optic,No,No,Yes,No,Yes,No,One year,Yes,Mailed check,75.79,5139.59,No
CUST-04372,Female,0,No,No,52,Yes,Yes,DSL,Yes,No,No,No,No,Yes,Month-to-month,No,Electronic check,69.87,3672.56,Yes
CUST-04373,Female,0,No,No,37,Yes,No,DSL,No,No,No,Yes,Yes,No,Two year,Yes,Bank transfer (automatic),57.99,2213.21,No
CUST-04374,Male,0,No,No,46,Yes,No,Fiber optic,No,Yes,Yes,No,Yes,No,Month-to-month,Yes,Credit card (automatic),82.88,3877.12,Yes
CUST-04375,Male,1,Yes,No,41,Yes,Yes,DSL,No,Yes,Yes,No,Yes,Yes,Two year,No,Bank transfer (automatic),71.55,2880.69,No
CUST-04376,Male,1,Yes,No,5,Yes,No,No,No internet service,No internet service,No internet service,No internet service,No internet service,No internet service,One year,Yes,Electronic check,21.74,195.12,No
CUST-04377,Male,0,Yes,Yes,66,Yes,No,Fiber optic,No,No,No,No,No,Yes,Month-to-month,Yes,Bank transfer (automatic),64.47,4289.5,Yes
CUST-04378,Female,0,No,No,5,No,No phone service,Fiber optic,No,Yes,No,Yes,Yes,Yes,Month-to-month,Yes,Electronic check,89.57,474.87,Yes
CUST-04379,Male,0,No,No,63,Yes,No,Fiber optic,No,Yes,No,Yes,Yes,Yes,Two year,No,Bank transfer (automatic),86.11,5422.41,No
CUST-04380,Male,0,No,No,3,Yes,No,DSL,No,No,Yes,No,Yes,Yes,Month-to-month,No,Credit card (automatic),60.77,208.93,No
CUST-04381,Female,0,No,No,8,Yes,Yes,Fiber optic,Yes,Yes,Yes,Yes,No,Yes,Two year,Yes,Mailed check,93.17,685.97,No
CUST-04382,Male,0,No,No,26,Yes,No,DSL,Yes,No,Yes,No,Yes,No,One year,Yes,Bank transfer (automatic),59.18,1504.05,No
CUST-04383,Male,0,No,No,53,Yes,Yes,No,No internet service,No internet service,No internet service,No internet service,No internet service,No internet service,Month-to-month,No,Bank transfer (automatic),31.27,1642.45,No
CUST-04384,Female,0,No,No,29,Yes,No,Fiber optic,Yes,Yes,No,No,No,Yes,One year,Yes,Electronic check,70.44,2042.56,No
CUST-04385,Male,0,Yes,No,14,Yes,Yes,Fiber optic,Yes,No,Yes,Yes,Yes,Yes,Month-to-month,Yes,Electronic check,91.18,1298.65,No
CUST-04386,Male,0,Yes,Yes,5,Yes,No,No,No internet service,No internet service,No internet service,No internet service,No internet service,No internet service,Month-to-month,No,Bank transfer (automatic),20.56,47.52,No
CUST-04387,Male,0,Yes,Yes,27,Yes,No,Fiber optic,No,No,No,Yes,Yes,No,One year,No,Electronic check,63.01,1688.4,No
CUST-04388,Male,0,Yes,No,68,Yes,Yes,Fiber optic,Yes,No,Yes,No,No,Yes,Month-to-month,No,Mailed check,88.58,5989.78,Yes
CUST-04389,Male,0,No,Yes,29,Yes,No,Fiber optic,Yes,No,No,No,No,No,Two year,No,Mailed check,61.27,1810.92,Yes
CUST-04390,Female,0,Yes,No,3,Yes,Yes,Fiber optic,Yes,No,No,No,No,Yes,One year,Yes,Bank transfer (automatic),80.04,180.24,Yes
CUST-04391,Female,0,No,No,30,Yes,No,Fiber optic,Yes,Yes,Yes,Yes,No,No,Month-to-month,Yes,Credit card (automatic),75.19,2129.03,Yes
CUST-04392,Female,0,Yes,No,9,No,No phone service,Fiber optic,No,No,Yes,Yes,No,No,Two year,Yes,Electronic check,64.19,602.36,No
CUST-04393,Female,0,Yes,No,1,Yes,Yes,DSL,Yes,No,No,No,No,No,Month-to-month,Yes,Electronic check,37.54,18.0,Yes
CUST-04394,Female,0,No,No,23,Yes,No,No,No internet service,No internet service,No internet service,No internet service,No internet service,No internet service,Month-to-month,Yes,Electronic check,32.34,618.36,No
CUST-04395,Female,0,No,Yes,67,No,No phone service,Fiber optic,No,No,No,Yes,No,Yes,Month-to-month,Yes,Bank transfer (automatic),70.96,4755.87,No
CUST-04396,Male,0,Yes,No,32,Yes,No,DSL,No,Yes,No,Yes,Yes,Yes,One year,Yes,Electronic check,71.54,2315.25,No
CUST-04397,Female,0,No,No,6,Yes,No,No,No internet service,No internet service,No internet service,No internet service,No internet service,No internet service,Two year,Yes,Electronic check,29.56,169.09,No
CUST-04398,Female,0,Yes,No,49,Yes,No,No,No internet service,No internet service,No internet service,No internet service,No internet service,No internet service,Month-to-month,No,Electronic check,22.22,1093.5,No
CUST-04399,Male,0,No,No,15,Yes,No,Fiber optic,No,Yes,No,No,No,No,One year,Yes,Bank transfer (automatic),64.19,1043.74,No
CUST-04400,Male,0,No,No,58,No,No phone service,No,No internet service,No internet service,No internet service,No internet service,No internet service,No internet service,Month-to-month,No,Bank transfer (automatic),19.68,1119.18,No
CUST-04401,Female,1,Yes,No,53,Yes,No,No,No internet service,No internet service,No internet service,No internet service,No internet service,No internet service,Month-to-month,No,Electronic check,31.47,1752.7,No
CUST-04402,Male,0,No,No,30,Yes,Yes,No,No internet service,No internet service,No internet service,No internet service,No internet service,No internet service,Two year,Yes,Credit card (automatic),30.32,880.99,No
CUST-04403,Female,0,No,No,40,Yes,No,DSL,No,No,No,Yes,Yes,No,Month-to-month,No,Bank transfer (automatic),51.51,1998.34,No
CUST-04404,Male,0,No,No,59,Yes,Yes,DSL,No,Yes,No,No,Yes,Yes,Month-to-month,No,Electronic check,67.59,4002.88,No
CUST-04405,Female,0,No,Yes,63,Yes,Yes,Fiber optic,No,No,No,No,No,No,One year,Yes,Bank transfer (automatic),59.51,3857.68,No
CUST-04406,Male,0,Yes,No,48,Yes,No,No,No internet service,No internet service,No internet service,No internet service,No internet service,No internet service,One year,Yes,Mailed check,20.29,1036.33,No
CUST-04407,Male,0,No,No,68,No,No phone service,No,No internet service,No internet service,No internet service,No internet service,No internet service,No internet service,Two year,No,Bank transfer (automatic),21.27,1443.72,No
CUST-04408,Female,0,No,No,7,Yes,Yes,Fiber optic,No,Yes,No,No,Yes,Yes,Month-to-month,Yes,Mailed check,87.8,622.73,Yes
CUST-04409,Female,0,No,Yes,47,Yes,Yes,Fiber optic,Yes,Yes,No,No,No,Yes,One year,Yes,Mailed check,75.97,3653.2,No
CUST-04410,Female,0,Yes,No,43,Yes,No,DSL,No,No,No,No,Yes,Yes,One year,Yes,Electronic check,66.86,2914.41,No
CUST-04411,Female,0,No,No,16,Yes,Yes,DSL,Yes,No,Yes,No,Yes,No,Two year,No,Credit card (automatic),58.18,894.54,No
CUST-04412,Female,1,No,No,22,Yes,Yes,Fiber optic,No,No,No,No,Yes,No,One year,Yes,Credit card (automatic),63.0,1425.78,Yes
CUST-04413,Male,0,No,No,63,Yes,No,No,No internet service,No internet service,No internet service,No internet service,No internet service,No internet service,Two year,No,Mailed check,27.48,1725.41,No
CUST-04414,Female,0,Yes,Yes,46,Yes,No,Fiber optic,No,Yes,Yes,No,No,No,Month-to-month,Yes,Mailed check,64.41,2913.06,Yes
CUST-04415,Female,0,Yes,No,45,Yes,No,Fiber optic,No,No,No,No,No,Yes,Month-to-month,No,Electronic check,71.38,3228.01,Yes
CUST-04416,Male,0,Yes,No,41,Yes,No,No,No internet service,No internet service,No internet service,No internet service,No internet service,No internet service,Month-to-month,Yes,Electronic check,21.65,836.35,No
CUST-04417,Male,1,Yes,No,25,Yes,No,DSL,Yes,No,Yes,Yes,Yes,No,Two year,Yes,Credit card (automatic),66.24,1656.85,No
CUST-04418,Female,1,No,No,50,Yes,No,No,No internet service,No internet service,No internet service,No internet service,No internet service,No internet service,Month-to-month,Yes,Mailed check,25.24,1344.55,No
CUST-04419,Male,0,No,Yes,67,Yes,Yes,Fiber optic,No,Yes,No,No,No,Yes,One year,Yes,Bank transfer (automatic),75.64,5021.13,No
CUST-04420,Male,0,No,No,52,Yes,No,Fiber optic,No,Yes,Yes,No,Yes,No,Month-to-month,No,Credit card (automatic),70.61,3660.66,Yes
CUST-04421,Female,0,No,No,31,Yes,No,Fiber optic,No,No,No,No,Yes,No,Month-to-month,Yes,Mailed check,69.71,2260.46,Yes
CUST-04422,Male,0,Yes,Yes,37,Yes,Yes,DSL,No,Yes,No,No,No,No,Month-to-month,Yes,Credit card (automatic),54.92,2046.52,Yes
CUST-04423,Male,0,Yes,No,22,Yes,No,Fiber optic,Yes,No,Yes,No,Yes,Yes,Month-to-month,No,Bank transfer (automatic),80.57,1833.63,Yes
CUST-04424,Female,1,No,No,27,Yes,No,DSL,Yes,Yes,No,No,No,Yes,Month-to-month,Yes,Electronic check,63.38,1652.07,Yes
CUST-04425,Female,1,No,No,2,Yes,No,DSL,No,No,No,No,Yes,Yes,One year,No,Electronic check,61.02,140.5,No
CUST-04426,Male,1,No,No,22,Yes,No,Fiber optic,No,No,No,Yes,No,Yes,Month-to-month,Yes,Electronic check,64.74,1392.67,Yes
CUST-04427,Male,0,Yes,No,53,Yes,Yes,DSL,Yes,No,Yes,Yes,Yes,Yes,Month-to-month,Yes,Electronic check,77.52,4106.36,No
CUST-04428,Female,0,No,No,17,Yes,No,Fiber optic,No,No,Yes,No,Yes,No,Month-to-month,Yes,Bank transfer (automatic),76.65,1262.92,Yes
CUST-04429,Male,0,Yes,No,56,Yes,No,Fiber optic,No,No,No,No,No,No,One year,No,Electronic check,48.83,2701.43,Yes
CUST-04430,Male,0,No,Yes,31,Yes,No,Fiber optic,Yes,No,Yes,No,No,Yes,One year,No,Mailed check,75.24,2307.48,Yes
CUST-04431,Male,0,No,No,43,Yes,No,No,No internet service,No internet service,No internet service,No internet service,No internet service,No internet service,Two year,Yes,Electronic check,23.15,881.75,No
CUST-04432,Female,0,No,No,72,Yes,Yes,DSL,No,No,No,Yes,Yes,Yes,Month-to-month,No,Bank transfer (automatic),71.08,5080.64,No
CUST-04433,Male,0,Yes,Yes,53,Yes,No,DSL,No,No,No,No,Yes,No,One year,Yes,Mailed check,50.59,2667.1,No
CUST-04434,Male,0,No,No,5,Yes,Yes,Fiber optic,No,No,No,Yes,No,No,Two year,Yes,Electronic check,66.3,345.93,No
CUST-04435,Female,1,Yes,No,2,Yes,No,Fiber optic,No,No,Yes,No,No,Yes,One year,No,Bank transfer (automatic),71.37,125.71,No
CUST-04436,Male,1,Yes,No,59,Yes,No,No,No internet service,No internet service,No internet service,No internet service,No internet service,No internet service,Month-to-month,No,Mailed check,25.86,1435.91,No
CUST-04437,Male,1,No,Yes,4,Yes,Yes,DSL,Yes,No,Yes,No,Yes,Yes,One year,No,Bank transfer (automatic),79.3,267.84,Yes
CUST-04438,Female,0,Yes,No,34,Yes,Yes,No,No internet service,No internet service,No internet service,No internet service,No internet service,No internet service,One year,Yes,Electronic check,35.95,1214.54,No
CUST-04439,Female,0,No,No,67,Yes,Yes,DSL,No,Yes,Yes,Yes,No,No,Two year,Yes,Credit card (automatic),64.88,4314.54,No
CUST-04440,Female,0,Yes,No,6,Yes,No,Fiber optic,No,No,No,No,No,Yes,Two year,Yes,Mailed check,61.3,272.34,Yes
CUST-04441,Female,0,No,No,58,No,No phone service,Fiber optic,Yes,No,No,Yes,No,No,Month-to-month,No,Bank transfer (automatic),64.69,3785.0,No
CUST-04442,Male,1,No,No,47,Yes,No,DSL,No,No,No,No,No,No,Month-to-month,No,Credit card (automatic),40.32,1967.4,Yes
CUST-04443,Male,1,Yes,Yes,5,Yes,No,DSL,Yes,Yes,No,Yes,No,No,Month-to-month,Yes,Bank transfer (automatic),52.66,162.78,No
CUST-04444,Female,0,No,No,61,Yes,No,Fiber optic,Yes,No,No,No,Yes,Yes,Month-to-month,Yes,Mailed check,79.5,4877.92,No
CUST-04445,Female,0,No,Yes,56,Yes,Yes,No,No internet service,No internet service,No internet service,No internet service,No internet service,No internet service,Month-to-month,Yes,Electronic check,22.93,1236.56,No
CUST-04446,Male,0,No,No,35,Yes,No,DSL,No,No,No,No,No,No,One year,Yes,Mailed check,44.6,1627.12,No
CUST-04447,Female,0,No,Yes,13,Yes,No,DSL,No,Yes,No,No,Yes,Yes,Month-to-month,No,Electronic check,67.04,836.09,Yes
CUST-04448,Male,1,No,No,26,Yes,Yes,No,No internet service,No internet service,No internet service,No internet service,No internet service,No internet service,Month-to-month,No,Electronic check,26.63,721.43,No
CUST-04449,Female,0,Yes,No,64,Yes,No,Fiber optic,No,Yes,Yes,No,Yes,No,One year,Yes,Electronic check,71.86,4616.41,No
CUST-04450,Male,0,Yes,No,11,Yes,No,DSL,No,No,Yes,No,No,Yes,One year,Yes,Credit card (automatic),54.77,548.14,No
CUST-04451,Female,0,Yes,No,62,Yes,No,Fiber optic,No,Yes,No,No,Yes,No,Two year,Yes,Electronic check,65.67,4090.72,No
CUST-04452,Female,0,No,Yes,47,Yes,No,Fiber optic,No,Yes,No,Yes,No,No,Month-to-month,Yes,Mailed check,69.28,3223.08,No
CUST-04453,Male,0,No,No,70,Yes,No,No,No internet service,No internet service,No internet service,No internet service,No internet service,No internet service,Month-to-month,Yes,Mailed check,19.12,1280.32,No
CUST-04454,Female,1,No,No,58,Yes,Yes,DSL,Yes,Yes,Yes,No,No,No,Two year,Yes,Credit card (automatic),61.7,3548.6,No
CUST-04455,Male,0,No,No,10,Yes,No,No,No internet service,No internet service,No internet service,No internet service,No internet service,No internet service,Month-to-month,Yes,Mailed check,26.58,248.55,No
CUST-04456,Male,0,No,Yes,16,Yes,Yes,DSL,No,No,No,No,No,No,Two year,Yes,Credit card (automatic),40.46,711.75,Yes
CUST-04457,Male,0,Yes,Yes,12,Yes,Yes,Fiber optic,Yes,No,Yes,No,No,Yes,Month-to-month,Yes,Mailed check,76.85,928.15,Yes
CUST-04458,Male,0,Yes,No,71,Yes,Yes,Fiber optic,No,Yes,No,No,No,No,One year,No,Bank transfer (automatic),61.51,4276.21,No
CUST-04459,Male,0,No,No,50,Yes,No,Fiber optic,Yes,No,No,No,No,No,Month-to-month,No,Electronic check,63.61,3218.08,Yes
CUST-04460,Female,0,Yes,No,15,Yes,Yes,DSL,No,Yes,No,No,Yes,No,Month-to-month,Yes,Bank transfer (automatic),51.89,768.31,Yes
CUST-04461,Female,0,No,Yes,59,No,No phone service,No,No internet service,No internet service,No internet service,No internet service,No internet service,No internet service,Month-to-month,Yes,Electronic check,18.54,1103.9,No
CUST-04462,Male,0,Yes,No,70,Yes,Yes,Fiber optic,No,No,No,No,Yes,No,Month-to-month,No,Mailed check,72.99,5129.73,No
CUST-04463,Female,0,Yes,No,62,Yes,No,DSL,Yes,No,No,No,Yes,No,Month-to-month,Yes,Electronic check,52.08,3285.98,Yes
CUST-04464,Male,0,No,Yes,72,Yes,No,Fiber optic,Yes,Yes,No,No,No,Yes,Month-to-month,Yes,Electronic check,76.05,5446.11,No
CUST-04465,Female,0,Yes,No,62,Yes,No,DSL,No,Yes,No,Yes,Yes,Yes,Two year,Yes,Electronic check,67.45,4151.66,No
CUST-04466,Female,0,No,No,50,Yes,No,DSL,No,No,No,Yes,Yes,No,Month-to-month,No,Bank transfer (automatic),65.2,3160.3,Yes
CUST-04467,Female,0,Yes,No,54,Yes,Yes,DSL,No,No,No,No,No,No,Month-to-month,Yes,Mailed check,49.19,2653.41,No
CUST-04468,Female,0,No,Yes,54,Yes,Yes,Fiber optic,No,No,No,Yes,No,No,Two year,Yes,Mailed check,60.34,3207.76,No
CUST-04469,Male,0,No,No,28,Yes,Yes,DSL,No,Yes,No,No,Yes,Yes,One year,Yes,Credit card (automatic),64.7,1692.04,No
CUST-04470,Male,0,No,Yes,51,Yes,Yes,No,No internet service,No internet service,No internet service,No internet service,No internet service,No internet service,One year,No,Electronic check,25.45,1331.43,No
CUST-04471,Female,1,No,No,33,Yes,No,Fiber optic,No,No,Yes,No,No,Yes,One year,Yes,Bank transfer (automatic),73.51,2471.01,Yes
CUST-04472,Female,0,Yes,No,1,Yes,No,No,No internet service,No internet service,No internet service,No internet service,No internet service,No internet service,Two year,Yes,Mailed check,18.0,18.0,No
CUST-04473,Male,0,Yes,No,69,Yes,Yes,No,No internet service,No internet service,No internet service,No internet service,No internet service,No internet service,Two year,Yes,Credit card (automatic),28.89,2028.9,No
CUST-04474,Female,1,Yes,Yes,1,Yes,Yes,DSL,No,No,No,Yes,No,No,Month-to-month,No,Bank transfer (automatic),44.64,18.0,Yes
CUST-04475,Male,0,No,No,55,Yes,Yes,DSL,No,Yes,Yes,No,Yes,No,Two year,No,Electronic check,70.69,3831.06,No
CUST-04476,Male,0,No,Yes,45,Yes,No,DSL,No,Yes,No,No,No,Yes,Month-to-month,Yes,Mailed check,55.45,2467.08,Yes
CUST-04477,Male,0,Yes,No,40,Yes,Yes,No,No internet service,No internet service,No internet service,No internet service,No internet service,No internet service,Month-to-month,No,Bank transfer (automatic),30.16,1224.14,No
CUST-04478,Female,0,No,Yes,61,Yes,No,Fiber optic,No,No,Yes,No,No,No,One year,No,Mailed check,64.71,3912.91,Yes
CUST-04479,Male,0,Yes,No,36,Yes,Yes,DSL,No,No,No,No,Yes,Yes,Month-to-month,No,Bank transfer (automatic),68.93,2372.9,Yes
CUST-04480,Female,0,Yes,No,24,Yes,No,No,No internet service,No internet service,No internet service,No internet service,No internet service,No internet service,Month-to-month,No,Credit card (automatic),18.55,456.85,No
CUST-04481,Male,0,No,Yes,14,Yes,No,Fiber optic,No,Yes,No,No,Yes,No,Month-to-month,No,Bank transfer (automatic),73.18,1037.71,Yes
CUST-04482,Female,1,Yes,No,1,Yes,Yes,Fiber optic,No,Yes,No,No,No,Yes,Month-to-month,Yes,Mailed check,75.34,33.78,Yes
CUST-04483,Female,0,Yes,No,47,Yes,No,DSL,Yes,Yes,No,No,Yes,No,Two year,No,Credit card (automatic),68.21,3178.67,No
CUST-04484,Female,0,No,No,21,Yes,No,DSL,No,No,No,No,No,Yes,One year,Yes,Credit card (automatic),50.17,959.96,No
CUST-04485,Male,0,No,Yes,39,Yes,No,Fiber optic,No,No,No,No,Yes,Yes,Two year,Yes,Mailed check,82.49,3256.68,No
CUST-04486,Male,0,Yes,No,3,Yes,No,Fiber optic,No,No,No,No,No,No,Month-to-month,Yes,Credit card (automatic),62.69,140.66,Yes
CUST-04487,Female,0,No,Yes,16,Yes,No,Fiber optic,No,No,No,No,No,No,Two year,Yes,Credit card (automatic),54.27,911.47,Yes
CUST-04488,Female,0,No,No,68,Yes,No,No,No internet service,No internet service,No internet service,No internet service,No internet service,No internet service,Month-to-month,Yes,Mailed check,22.55,1516.79,No
CUST-04489,Female,0,Yes,No,26,Yes,No,DSL,No,Yes,No,No,Yes,Yes,Two year,Yes,Electronic check,56.74,1551.87,No
CUST-04490,Male,0,No,No,54,No,No phone service,DSL,Yes,Yes,Yes,No,No,No,Month-to-month,Yes,Credit card (automatic),58.83,3255.16,No
CUST-04491,Male,1,Yes,No,13,Yes,Yes,Fiber optic,No,No,No,No,Yes,No,One year,No,Electronic check,68.83,898.5,Yes
CUST-04492,Male,0,Yes,No,61,Yes,No,Fiber optic,No,Yes,No,No,Yes,No,One year,Yes,Credit card (automatic),71.6,4437.9,No
CUST-04493,Male,0,Yes,Yes,20,Yes,No,Fiber optic,No,No,Yes,No,Yes,No,Month-to-month,No,Bank transfer (automatic),64.4,1333.72,Yes
CUST-04494,Female,0,No,No,27,Yes,No,No,No internet service,No internet service,No internet service,No internet service,No internet service,No internet service,Month-to-month,Yes,Credit card (automatic),24.44,701.69,No
CUST-04495,Female,0,Yes,No,2,Yes,Yes,Fiber optic,No,Yes,No,No,No,No,Month-to-month,No,Electronic check,68.45,147.82,Yes
CUST-04496,Male,0,Yes,No,10,Yes,Yes,Fiber optic,Yes,No,Yes,No,Yes,No,One year,No,Electronic check,84.59,804.27,Yes
CUST-04497,Male,0,Yes,Yes,60,Yes,No,Fiber optic,Yes,No,No,No,Yes,No,One year,Yes,Electronic check,75.01,4453.42,Yes
CUST-04498,Female,0,Yes,No,19,Yes,No,Fiber optic,No,No,No,Yes,No,No,Month-to-month,No,Credit card (automatic),60.39,1174.36,Yes
CUST-04499,Male,0,No,No,15,Yes,Yes,No,No internet service,No internet service,No internet service,No internet service,No internet service,No internet service,Month-to-month,Yes,Bank transfer (automatic),29.74,434.15,Yes
CUST-04500,Male,0,Yes,No,47,Yes,Yes,Fiber optic,No,No,No,No,Yes,No,Month-to-month,Yes,Electronic check,65.93,3125.57,No
CUST-04501,Male,0,No,No,24,Yes,No,No,No internet service,No internet service,No internet service,No internet service,No internet service,No internet service,Month-to-month,Yes,Mailed check,28.18,666.21,Yes
CUST-04502,Male,0,No,No,16,Yes,Yes,Fiber optic,Yes,No,No,Yes,Yes,Yes,Two year,No,Credit card (automatic),86.21,1395.77,No
CUST-04503,Male,0,No,No,60,Yes,No,DSL,No,No,Yes,No,No,Yes,Month-to-month,Yes,Mailed check,51.45,3104.08,Yes
CUST-04504,Male,0,No,No,49,Yes,Yes,DSL,No,Yes,No,No,Yes,No,Month-to-month,No,Credit card (automatic),57.03,2816.65,Yes
CUST-04505,Female,0,Yes,No,4,Yes,Yes,Fiber optic,No,Yes,Yes,Yes,Yes,Yes,One year,Yes,Electronic check,92.92,409.3,No
CUST-04506,Male,0,Yes,Yes,66,Yes,Yes,Fiber optic,No,No,Yes,Yes,No,No,Two year,Yes,Bank transfer (automatic),80.58,5243.19,No
CUST-04507,Male,0,No,No,49,Yes,Yes,DSL,Yes,Yes,No,Yes,Yes,No,Month-to-month,Yes,Mailed check,65.24,3139.73,No
CUST-04508,Female,0,Yes,No,31,Yes,No,Fiber optic,Yes,No,Yes,No,No,No,One year,No,Electronic check,60.75,1887.14,No
CUST-04509,Female,0,No,No,66,No,No phone service,DSL,No,No,Yes,Yes,No,No,Month-to-month,Yes,Credit card (automatic),49.67,3238.77,No
CUST-04510,Female,0,Yes,No,54,Yes,Yes,Fiber optic,Yes,No,No,No,No,Yes,One year,Yes,Mailed check,67.9,3780.46,Yes
CUST-04511,Male,0,Yes,Yes,2,Yes,No,No,No internet service,No internet service,No internet service,No internet service,No internet service,No internet service,Two year,Yes,Mailed check,32.97,79.33,No
CUST-04512,Female,0,Yes,No,61,Yes,Yes,DSL,No,Yes,No,No,Yes,No,Two year,Yes,Mailed check,63.43,3831.82,No
CUST-04513,Male,1,Yes,No,15,No,No phone service,DSL,No,Yes,No,No,Yes,Yes,One year,Yes,Electronic check,68.88,1093.03,Yes
CUST-04514,Male,1,No,No,60,No,No phone service,Fiber optic,No,No,Yes,No,No,No,Two year,No,Mailed check,58.97,3411.19,No
CUST-04515,Male,0,Yes,No,43,Yes,Yes,Fiber optic,No,No,No,Yes,No,Yes,Two year,Yes,Bank transfer (automatic),70.96,3057.39,Yes
CUST-04516,Female,0,No,Yes,40,Yes,No,Fiber optic,Yes,No,No,No,No,Yes,Two year,No,Credit card (automatic),66.18,2649.94,No
CUST-04517,Female,0,No,Yes,30,Yes,No,Fiber optic,No,No,No,Yes,Yes,Yes,Month-to-month,Yes,Credit card (automatic),76.31,2349.29,No
CUST-04518,Female,0,No,No,63,Yes,No,No,No internet service,No internet service,No internet service,No internet service,No internet service,No internet service,Two year,No,Credit card (automatic),26.29,1734.08,No
CUST-04519,Female,0,Yes,Yes,24,Yes,No,No,No internet service,No internet service,No internet service,No internet service,No internet service,No internet service,Month-to-month,Yes,Credit card (automatic),28.2,730.24,Yes
CUST-04520,Female,0,No,Yes,44,Yes,No,Fiber optic,No,No,No,Yes,Yes,No,Month-to-month,Yes,Mailed check,67.91,2981.23,No
CUST-04521,Male,1,Yes,No,14,Yes,No,Fiber optic,Yes,Yes,No,Yes,No,No,Two year,Yes,Mailed check,66.6,979.49,No
CUST-04522,Male,1,No,No,28,Yes,Yes,DSL,No,No,No,No,Yes,No,Month-to-month,Yes,Electronic check,53.44,1539.87,Yes
CUST-04523,Male,0,Yes,Yes,14,Yes,No,DSL,No,Yes,No,Yes,No,Yes,Two year,Yes,Electronic check,57.96,847.06,Yes
CUST-04524,Male,0,Yes,Yes,56,Yes,No,DSL,No,No,No,No,Yes,No,One year,Yes,Electronic check,52.38,2935.88,No
CUST-04525,Female,0,No,No,34,Yes,Yes,DSL,No,Yes,No,No,No,Yes,Month-to-month,Yes,Bank transfer (automatic),58.94,2033.03,No
CUST-04526,Female,0,No,Yes,12,Yes,Yes,No,No internet service,No internet service,No internet service,No internet service,No internet service,No internet service,Month-to-month,Yes,Electronic check,31.36,364.43,Yes
CUST-04527,Male,0,Yes,No,56,Yes,No,No,No internet service,No internet service,No internet service,No internet service,No internet service,No internet service,One year,No,Mailed check,24.24,1357.62,No
CUST-04528,Female,0,Yes,No,61,Yes,Yes,No,No internet service,No internet service,No internet service,No internet service,No internet service,No internet service,Month-to-month,Yes,Mailed check,36.78,2263.15,No
CUST-04529,Female,0,No,No,61,Yes,No,Fiber optic,No,No,No,No,No,No,One year,Yes,Credit card (automatic),51.31,3050.48,No
CUST-04530,Male,0,No,No,40,Yes,Yes,Fiber optic,No,Yes,No,No,No,No,Month-to-month,Yes,Mailed check,70.23,2804.79,Yes
CUST-04531,Male,0,Yes,Yes,20,Yes,No,Fiber optic,No,No,No,No,Yes,No,One year,No,Credit card (automatic),63.61,1291.42,Yes
CUST-04532,Female,1,No,Yes,42,No,No phone service,No,No internet service,No internet service,No internet service,No internet service,No internet service,No internet service,One year,No,Electronic check,20.23,746.01,No
CUST-04533,Female,0,No,No,7,Yes,Yes,Fiber optic,Yes,Yes,No,No,Yes,No,One year,No,Electronic check,78.46,541.14,Yes
CUST-04534,Male,0,No,No,68,Yes,No,DSL,No,Yes,No,Yes,No,Yes,Month-to-month,Yes,Bank transfer (automatic),58.24,4004.6,No
CUST-04535,Male,0,No,No,31,No,No phone service,Fiber optic,Yes,Yes,No,Yes,Yes,No,One year,No,Bank transfer (automatic),85.3,2670.5,No
CUST-04536,Male,0,Yes,Yes,70,Yes,No,Fiber optic,Yes,Yes,No,No,Yes,No,One year,Yes,Electronic check,79.54,5621.34,No
CUST-04537,Female,0,No,No,47,Yes,No,Fiber optic,Yes,No,No,No,Yes,Yes,Month-to-month,Yes,Mailed check,80.26,3897.91,No
CUST-04538,Male,0,Yes,No,51,No,No phone service,Fiber optic,No,No,Yes,Yes,Yes,No,One year,Yes,Electronic check,71.01,3578.6,No
CUST-04539,Male,1,Yes,No,58,Yes,Yes,Fiber optic,No,No,No,No,No,Yes,Month-to-month,No,Electronic check,66.85,3885.41,Yes
CUST-04540,Female,0,No,Yes,22,No,No phone service,DSL,Yes,Yes,No,No,No,No,Month-to-month,No,Credit card (automatic),56.2,1228.49,Yes
CUST-04541,Female,0,Yes,No,24,Yes,Yes,DSL,No,Yes,No,No,No,No,Two year,Yes,Mailed check,43.07,1051.59,Yes
CUST-04542,Female,0,No,Yes,34,Yes,Yes,Fiber optic,No,No,Yes,No,No,No,Month-to-month,No,Mailed check,75.01,2566.42,Yes
CUST-04543,Female,1,Yes,No,63,Yes,No,DSL,No,No,Yes,Yes,No,Yes,Month-to-month,Yes,Bank transfer (automatic),56.84,3545.4,No
CUST-04544,Female,0,Yes,No,60,Yes,No,DSL,No,No,No,No,Yes,No,Month-to-month,No,Credit card (automatic),43.28,2621.45,No
CUST-04545,Male,0,No,No,19,Yes,No,No,No internet service,No internet service,No internet service,No internet service,No internet service,No internet service,One year,Yes,Electronic check,23.79,439.98,No
CUST-04546,Male,0,Yes,No,24,Yes,No,No,No internet service,No internet service,No internet service,No internet service,No internet service,No internet service,Two year,No,Electronic check,22.99,553.48,No
CUST-04547,Female,0,Yes,No,64,Yes,No,DSL,Yes,No,No,No,Yes,Yes,Month-to-month,Yes,Mailed check,58.71,3690.43,Yes
CUST-04548,Female,0,No,Yes,20,No,No phone service,DSL,No,No,No,No,Yes,No,Month-to-month,No,Bank transfer (automatic),48.12,972.33,No
CUST-04549,Female,0,Yes,Yes,27,Yes,No,Fiber optic,No,No,Yes,No,No,No,Month-to-month,Yes,Mailed check,62.49,1714.23,No
CUST-04550,Female,0,Yes,Yes,58,Yes,Yes,No,No internet service,No internet service,No internet service,No internet service,No internet service,No internet service,One year,No,Bank transfer (automatic),28.9,1627.25,No
CUST-04551,Female,0,No,Yes,44,Yes,No,Fiber optic,Yes,No,No,Yes,No,No,Month-to-month,Yes,Electronic check,71.22,3201.37,Yes
CUST-04552,Male,0,Yes,Yes,65,Yes,No,Fiber optic,No,No,Yes,No,No,No,Month-to-month,Yes,Electronic check,63.55,4069.22,Yes
CUST-04553,Male,0,No,No,46,Yes,No,DSL,No,No,No,Yes,Yes,No,Month-to-month,Yes,Credit card (automatic),57.84,2789.32,No
CUST-04554,Male,0,Yes,No,54,No,No phone service,Fiber optic,No,No,No,Yes,Yes,No,Two year,Yes,Bank transfer (automatic),68.63,3725.67,No
CUST-04555,Male,0,Yes,Yes,39,Yes,Yes,Fiber optic,No,Yes,No,No,No,No,One year,Yes,Bank transfer (automatic),63.28,2533.13,Yes
CUST-04556,Female,0,Yes,Yes,7,Yes,No,DSL,No,No,No,No,Yes,No,Two year,Yes,Mailed check,48.09,313.81,No
CUST-04557,Male,0,Yes,No,54,Yes,No,Fiber optic,No,No,No,No,Yes,No,One year,No,Electronic check,62.62,3352.08,Yes
CUST-04558,Female,1,Yes,No,43,Yes,Yes,Fiber optic,No,Yes,No,No,No,Yes,Two year,No,Electronic check,72.29,3106.53,No
CUST-04559,Female,1,Yes,Yes,20,Yes,Yes,No,No internet service,No internet service,No internet service,No internet service,No internet service,No internet service,One year,No,Credit card (automatic),29.36,652.33,No
CUST-04560,Female,0,Yes,No,25,Yes,Yes,Fiber optic,No,No,No,Yes,Yes,No,Month-to-month,Yes,Electronic check,77.61,1967.22,No
CUST-04561,Male,0,Yes,No,43,Yes,No,Fiber optic,Yes,Yes,No,Yes,No,No,Month-to-month,No,Mailed check,71.46,3097.85,Yes
CUST-04562,Female,0,No,No,27,Yes,No,DSL,No,No,No,No,Yes,No,Month-to-month,No,Electronic check,46.24,1233.67,Yes
CUST-04563,Male,1,No,No,25,Yes,Yes,DSL,No,No,No,No,No,No,Month-to-month,No,Mailed check,48.27,1240.64,Yes
CUST-04564,Male,0,Yes,No,36,No,No phone service,No,No internet service,No internet service,No internet service,No internet service,No internet service,No internet service,Two year,No,Electronic check,29.9,1045.8,No
CUST-04565,Female,0,No,Yes,66,Yes,Yes,Fiber optic,No,No,Yes,No,No,Yes,One year,Yes,Electronic check,67.2,4407.17,No
CUST-04566,Female,0,No,Yes,9,Yes,Yes,Fiber optic,Yes,No,Yes,No,No,No,Month-to-month,No,Electronic check,70.27,580.6,Yes
CUST-04567,Female,1,No,No,53,Yes,Yes,Fiber optic,No,No,No,Yes,No,Yes,One year,Yes,Credit card (automatic),76.19,4076.81,No
CUST-04568,Male,0,No,No,21,Yes,No,No,No internet service,No internet service,No internet service,No internet service,No internet service,No internet service,Two year,Yes,Electronic check,19.45,457.17,No
CUST-04569,Female,0,No,No,50,Yes,No,DSL,No,No,No,Yes,Yes,No,Month-to-month,Yes,Mailed check,49.69,2490.1,No
CUST-04570,Male,0,Yes,Yes,16,Yes,No,Fiber optic,No,Yes,No,Yes,No,Yes,Two year,No,Bank transfer (automatic),69.75,1151.55,No
CUST-04571,Female,0,No,No,66,Yes,No,Fiber optic,Yes,No,No,No,Yes,Yes,Two year,Yes,Mailed check,84.22,5552.35,No
CUST-04572,Female,0,No,No,26,Yes,Yes,DSL,Yes,No,No,No,No,No,One year,No,Mailed check,44.39,1149.54,No
CUST-04573,Male,0,Yes,No,44,Yes,Yes,No,No internet service,No internet service,No internet service,No internet service,No internet service,No internet service,Two year,Yes,Mailed check,30.81,1184.58,No
CUST-04574,Male,0,Yes,No,29,Yes,Yes,No,No internet service,No internet service,No internet service,No internet service,No internet service,No internet service,Two year,Yes,Credit card (automatic),31.46,916.76,No
CUST-04575,Male,1,No,No,46,Yes,Yes,DSL,No,Yes,No,Yes,Yes,Yes,Two year,Yes,Mailed check,78.34,3573.45,No
CUST-04576,Male,0,No,No,71,Yes,No,Fiber optic,No,No,No,No,No,No,Month-to-month,Yes,Electronic check,56.53,3990.33,No
CUST-04577,Male,0,Yes,No,49,Yes,No,DSL,No,No,No,No,Yes,No,Month-to-month,Yes,Electronic check,55.05,2724.78,No
CUST-04578,Male,0,Yes,No,15,Yes,Yes,Fiber optic,Yes,Yes,No,Yes,Yes,No,Month-to-month,No,Mailed check,85.52,1404.21,Yes
CUST-04579,Female,0,No,Yes,17,Yes,Yes,Fiber optic,No,No,Yes,Yes,No,Yes,Month-to-month,No,Electronic check,73.7,1209.86,Yes
CUST-04580,Female,0,Yes,No,9,Yes,Yes,Fiber optic,No,Yes,No,Yes,Yes,No,Month-to-month,No,Credit card (automatic),85.85,803.01,Yes
CUST-04581,Male,0,No,Yes,32,Yes,No,DSL,Yes,Yes,No,No,Yes,No,Month-to-month,Yes,Credit card (automatic),54.86,1848.28,No
CUST-04582,Female,0,Yes,No,66,Yes,No,Fiber optic,Yes,No,No,No,Yes,No,Month-to-month,Yes,Electronic check,71.96,4673.89,Yes
CUST-04583,Male,1,Yes,No,59,Yes,No,DSL,No,No,No,Yes,Yes,No,Month-to-month,Yes,Mailed check,51.52,3062.01,No
CUST-04584,Female,1,Yes,Yes,32,Yes,No,Fiber optic,No,No,Yes,Yes,Yes,No,Two year,Yes,Bank transfer (automatic),73.23,2317.52,No
CUST-04585,Female,1,Yes,Yes,43,Yes,Yes,DSL,No,No,Yes,No,No,Yes,Two year,No,Electronic check,52.29,2220.52,No
CUST-04586,Male,0,Yes,No,59,Yes,No,Fiber optic,No,No,Yes,No,Yes,Yes,Two year,Yes,Bank transfer (automatic),79.89,4666.92,No
CUST-04587,Male,0,No,No,30,Yes,No,No,No internet service,No internet service,No internet service,No internet service,No internet service,No internet service,Two year,Yes,Mailed check,32.56,941.52,No
CUST-04588,Male,0,No,Yes,11,Yes,No,DSL,No,Yes,No,No,No,Yes,Two year,Yes,Bank transfer (automatic),51.67,629.71,No
CUST-04589,Female,0,Yes,Yes,26,Yes,Yes,Fiber optic,No,Yes,No,Yes,Yes,No,Two year,Yes,Credit card (automatic),80.97,2032.26,No
CUST-04590,Male,0,No,No,2,Yes,No,Fiber optic,No,Yes,No,No,No,Yes,Month-to-month,Yes,Mailed check,70.32,130.85,Yes
CUST-04591,Female,0,No,No,34,Yes,No,No,No internet service,No internet service,No internet service,No internet service,No internet service,No internet service,Month-to-month,Yes,Electronic check,22.61,858.89,No
CUST-04592,Male,0,Yes,No,41,Yes,No,Fiber optic,No,Yes,No,No,No,No,One year,Yes,Electronic check,59.16,2450.68,No
CUST-04593,Female,0,Yes,No,31,Yes,Yes,DSL,No,Yes,No,No,No,Yes,One year,No,Credit card (automatic),53.54,1602.34,Yes
CUST-04594,Female,0,Yes,No,63,Yes,Yes,DSL,No,Yes,No,No,No,No,Month-to-month,Yes,Electronic check,39.55,2508.48,No
CUST-04595,Male,0,No,Yes,55,Yes,No,No,No internet service,No internet service,No internet service,No internet service,No internet service,No internet service,Two year,No,Credit card (automatic),26.47,1484.16,No
CUST-04596,Female,0,No,No,61,Yes,No,No,No internet service,No internet service,No internet service,No internet service,No internet service,No internet service,Month-to-month,No,Bank transfer (automatic),23.33,1514.66,No
CUST-04597,Female,0,Yes,No,36,Yes,No,Fiber optic,No,No,No,No,Yes,No,Month-to-month,No,Electronic check,68.37,2495.43,Yes
CUST-04598,Male,0,No,Yes,40,Yes,No,Fiber optic,No,No,Yes,No,No,No,One year,No,Mailed check,61.41,2412.42,No
CUST-04599,Female,0,Yes,No,23,Yes,Yes,Fiber optic,No,No,No,Yes,No,Yes,Two year,No,Bank transfer (automatic),73.79,1664.24,No
CUST-04600,Male,1,Yes,No,26,No,No phone service,Fiber optic,Yes,No,Yes,No,No,No,Two year,No,Bank transfer (automatic),62.49,1564.21,No
CUST-04601,Male,0,Yes,No,18,Yes,Yes,DSL,No,No,Yes,No,Yes,Yes,Two year,No,Electronic check,67.85,1200.38,No
CUST-04602,Male,1,No,No,34,Yes,No,No,No internet service,No internet service,No internet service,No internet service,No internet service,No internet service,Month-to-month,Yes,Bank transfer (automatic),25.9,840.54,Yes
CUST-04603,Male,0,Yes,No,28,No,No phone service,DSL,Yes,Yes,Yes,No,No,No,Two year,No,Credit card (automatic),59.38,1663.29,No
CUST-04604,Female,0,No,No,49,Yes,No,Fiber optic,Yes,Yes,No,No,Yes,No,Two year,No,Bank transfer (automatic),77.97,3854.37,No
CUST-04605,Female,0,Yes,No,64,Yes,Yes,Fiber optic,No,Yes,No,No,No,No,Month-to-month,No,Mailed check,64.32,4156.53,No
CUST-04606,Female,0,Yes,No,71,Yes,No,Fiber optic,No,Yes,Yes,No,Yes,No,Month-to-month,Yes,Bank transfer (automatic),77.63,5542.02,No
CUST-04607,Male,0,No,No,63,Yes,Yes,DSL,Yes,Yes,No,No,No,No,Two year,No,Mailed check,58.2,3624.43,No
CUST-04608,Female,0,No,No,62,Yes,No,Fiber optic,No,Yes,No,No,No,Yes,Month-to-month,Yes,Bank transfer (automatic),77.69,4789.8,Yes
CUST-04609,Female,0,No,No,42,Yes,Yes,Fiber optic,No,No,Yes,Yes,Yes,Yes,Month-to-month,Yes,Electronic check,89.25,3626.03,Yes
CUST-04610,Male,0,No,Yes,24,Yes,No,DSL,No,No,No,No,No,No,Two year,Yes,Credit card (automatic),36.96,924.59,No
CUST-04611,Male,0,No,Yes,35,Yes,No,No,No internet service,No internet service,No internet service,No internet service,No internet service,No internet service,Two year,Yes,Mailed check,23.98,827.99,No
CUST-04612,Female,0,Yes,No,55,No,No phone service,No,No internet service,No internet service,No internet service,No internet service,No internet service,No internet service,One year,No,Mailed check,26.95,1417.91,No
CUST-04613,Male,0,Yes,No,49,Yes,Yes,Fiber optic,No,No,No,Yes,Yes,No,Month-to-month,Yes,Bank transfer (automatic),77.12,3833.16,Yes
CUST-04614,Male,0,No,Yes,59,Yes,No,Fiber optic,No,Yes,Yes,Yes,Yes,Yes,One year,No,Bank transfer (automatic),92.78,5441.97,No
CUST-04615,Male,0,No,Yes,22,Yes,Yes,Fiber optic,No,No,No,Yes,No,Yes,One year,Yes,Electronic check,71.63,1639.39,Yes
CUST-04616,Male,0,No,No,61,Yes,Yes,Fiber optic,No,No,No,No,Yes,No,Month-to-month,No,Electronic check,75.83,4615.43,Yes
CUST-04617,Female,0,Yes,No,30,No,No phone service,No,No internet service,No internet service,No internet service,No internet service,No internet service,No internet service,Month-to-month,Yes,Bank transfer (automatic),29.04,843.89,No
CUST-04618,Male,0,Yes,No,69,Yes,No,Fiber optic,No,No,No,No,No,Yes,Two year,Yes,Mailed check,73.72,5080.41,No
CUST-04619,Male,1,No,Yes,60,Yes,Yes,Fiber optic,No,No,Yes,Yes,No,No,Month-to-month,Yes,Mailed check,70.47,4202.89,No
CUST-04620,Male,0,Yes,No,6,Yes,No,DSL,No,Yes,Yes,Yes,No,Yes,Month-to-month,Yes,Bank transfer (automatic),69.22,370.9,No
CUST-04621,Male,0,Yes,No,11,Yes,No,Fiber optic,No,No,No,No,Yes,No,One year,No,Bank transfer (automatic),67.2,705.83,Yes
CUST-04622,Male,0,Yes,Yes,24,Yes,No,Fiber optic,No,Yes,Yes,No,No,No,Two year,No,Electronic check,68.77,1680.0,No
CUST-04623,Male,0,Yes,No,51,Yes,No,Fiber optic,No,No,Yes,Yes,Yes,No,One year,No,Credit card (automatic),78.65,4085.21,No
CUST-04624,Male,0,No,No,19,Yes,No,Fiber optic,No,No,No,No,No,Yes,Month-to-month,Yes,Electronic check,66.91,1295.87,Yes
CUST-04625,Male,0,No,Yes,50,Yes,No,DSL,Yes,No,Yes,No,Yes,No,Month-to-month,No,Bank transfer (automatic),58.43,2867.66,No
CUST-04626,Female,0,Yes,No,3,Yes,No,Fiber optic,Yes,No,No,No,Yes,Yes,Month-to-month,Yes,Credit card (automatic),82.14,208.59,Yes
CUST-04627,Male,0,Yes,No,3,Yes,Yes,No,No internet service,No internet service,No internet service,No internet service,No internet service,No internet service,Two year,Yes,Mailed check,30.44,67.84,No
CUST-04628,Female,0,No,Yes,31,Yes,Yes,Fiber optic,No,No,Yes,No,No,Yes,One year,Yes,Mailed check,72.01,2263.69,No
CUST-04629,Male,0,Yes,Yes,47,Yes,No,Fiber optic,Yes,No,No,No,Yes,Yes,Month-to-month,Yes,Bank transfer (automatic),80.51,3773.21,No
CUST-04630,Male,0,No,Yes,8,Yes,No,Fiber optic,No,Yes,Yes,Yes,No,No,Month-to-month,Yes,Electronic check,68.04,597.17,Yes
CUST-04631,Male,0,No,No,17,Yes,No,Fiber optic,No,Yes,Yes,Yes,No,Yes,Month-to-month,Yes,Mailed check,77.95,1427.6,No
CUST-04632,Male,1,No,Yes,45,No,No phone service,DSL,No,No,No,Yes,Yes,Yes,Month-to-month,No,Bank transfer (automatic),70.1,3126.63,No
CUST-04633,Female,0,No,No,60,No,No phone service,DSL,Yes,No,No,No,No,No,Month-to-month,Yes,Electronic check,47.3,2917.9,No
CUST-04634,Male,0,Yes,No,21,Yes,Yes,Fiber optic,No,No,No,No,No,No,Two year,Yes,Electronic check,57.33,1126.28,No
CUST-04635,Male,0,No,No,70,Yes,Yes,DSL,No,No,Yes,Yes,Yes,Yes,Month-to-month,Yes,Credit card (automatic),73.34,5157.49,Yes
CUST-04636,Female,1,Yes,No,21,No,No phone service,Fiber optic,No,No,No,No,No,No,Two year,No,Electronic check,55.05,1233.08,No
CUST-04637,Female,0,Yes,No,58,Yes,No,Fiber optic,No,No,No,No,Yes,No,Two year,Yes,Electronic check,63.01,3648.43,No
CUST-04638,Male,0,Yes,No,55,Yes,Yes,DSL,No,Yes,No,No,Yes,Yes,Two year,Yes,Electronic check,67.6,3760.45,No
CUST-04639,Female,0,Yes,No,28,Yes,No,DSL,No,No,No,No,Yes,Yes,Month-to-month,Yes,Bank transfer (automatic),58.22,1661.72,No
CUST-04640,Female,0,Yes,No,46,Yes,No,No,No internet service,No internet service,No internet service,No internet service,No internet service,No internet service,Month-to-month,No,Electronic check,29.59,1417.89,Yes
CUST-04641,Female,0,Yes,No,44,Yes,No,No,No internet service,No internet service,No internet service,No internet service,No internet service,No internet service,Two year,Yes,Bank transfer (automatic),26.62,1185.65,No
CUST-04642,Male,0,No,No,25,Yes,Yes,Fiber optic,No,No,No,Yes,Yes,No,Month-to-month,No,Electronic check,72.39,1827.37,Yes
CUST-04643,Male,1,No,No,71,Yes,No,Fiber optic,No,Yes,Yes,No,No,Yes,Month-to-month,No,Electronic check,69.76,4910.43,Yes
CUST-04644,Male,0,Yes,No,49,Yes,Yes,DSL,No,Yes,Yes,No,Yes,No,Month-to-month,Yes,Bank transfer (automatic),67.48,3377.71,Yes
CUST-04645,Female,0,No,No,46,Yes,Yes,DSL,No,Yes,Yes,Yes,No,No,Two year,No,Mailed check,56.52,2639.37,No
CUST-04646,Male,0,Yes,No,63,No,No phone service,No,No internet service,No internet service,No internet service,No internet service,No internet service,No internet service,Two year,Yes,Bank transfer (automatic),31.14,2008.8,No
CUST-04647,Female,0,No,No,12,Yes,Yes,No,No internet service,No internet service,No internet service,No internet service,No internet service,No internet service,Month-to-month,No,Electronic check,28.97,283.72,Yes
CUST-04648,Male,1,Yes,Yes,57,Yes,No,Fiber optic,Yes,No,No,No,No,No,One year,Yes,Bank transfer (automatic),66.16,3763.48,Yes
CUST-04649,Male,0,No,No,64,Yes,No,DSL,No,No,No,No,Yes,Yes,Month-to-month,Yes,Credit card (automatic),57.1,3631.76,No
CUST-04650,Female,0,Yes,Yes,31,Yes,No,Fiber optic,No,Yes,No,No,No,Yes,Month-to-month,Yes,Electronic check,68.8,2108.79,Yes
CUST-04651,Male,0,No,Yes,4,Yes,No,Fiber optic,No,Yes,No,No,No,Yes,Two year,Yes,Electronic check,69.57,374.35,Yes
CUST-04652,Female,0,Yes,No,54,Yes,Yes,No,No internet service,No internet service,No internet service,No internet service,No internet service,No internet service,Month-to-month,No,Credit card (automatic),29.13,1572.78,No
CUST-04653,Female,0,Yes,No,65,No,No phone service,Fiber optic,Yes,Yes,No,No,No,No,Month-to-month,No,Bank transfer (automatic),69.45,4522.0,Yes
CUST-04654,Male,1,Yes,No,6,Yes,No,DSL,No,No,Yes,No,Yes,No,Month-to-month,Yes,Electronic check,51.84,363.84,Yes
CUST-04655,Female,1,Yes,No,65,Yes,No,DSL,No,Yes,No,No,No,No,Two year,Yes,Electronic check,47.47,3116.37,No
CUST-04656,Male,0,No,Yes,22,Yes,Yes,DSL,No,Yes,No,No,Yes,Yes,Month-to-month,Yes,Credit card (automatic),62.41,1383.12,Yes
CUST-04657,Male,0,No,No,17,Yes,Yes,DSL,No,No,No,No,No,No,Month-to-month,No,Mailed check,43.38,787.85,Yes
CUST-04658,Female,0,Yes,No,59,Yes,No,DSL,Yes,No,Yes,Yes,No,Yes,Month-to-month,No,Electronic check,64.86,3857.42,Yes
CUST-04659,Male,1,No,Yes,29,Yes,No,Fiber optic,No,Yes,No,No,Yes,No,Two year,Yes,Bank transfer (automatic),63.14,1853.49,No
CUST-04660,Female,0,Yes,No,67,Yes,Yes,DSL,No,No,No,No,No,No,Month-to-month,Yes,Mailed check,51.21,3408.2,No
CUST-04661,Male,0,No,No,17,Yes,Yes,No,No internet service,No internet service,No internet service,No internet service,No internet service,No internet service,Month-to-month,Yes,Bank transfer (automatic),21.93,340.6,No
CUST-04662,Male,0,Yes,No,2,No,No phone service,Fiber optic,No,No,Yes,Yes,No,No,One year,No,Electronic check,62.96,128.32,Yes
CUST-04663,Male,0,No,No,32,Yes,No,No,No internet service,No internet service,No internet service,No internet service,No internet service,No internet service,Month-to-month,Yes,Electronic check,26.88,851.74,Yes
CUST-04664,Male,1,Yes,No,22,Yes,No,DSL,Yes,Yes,Yes,No,Yes,No,One year,No,Mailed check,72.35,1651.7,No
CUST-04665,Male,0,No,No,58,Yes,Yes,No,No internet service,No internet service,No internet service,No internet service,No internet service,No internet service,Month-to-month,No,Bank transfer (automatic),27.23,1593.53,No
CUST-04666,Female,0,Yes,No,53,Yes,Yes,Fiber optic,No,No,No,Yes,No,No,Two year,No,Electronic check,66.68,3653.33,No
CUST-04667,Female,0,No,No,47,Yes,Yes,DSL,Yes,No,No,Yes,No,Yes,One year,Yes,Electronic check,63.77,2951.74,No
CUST-04668,Female,0,No,No,4,Yes,Yes,Fiber optic,No,No,Yes,No,Yes,Yes,Two year,No,Bank transfer (automatic),84.65,322.45,Yes
CUST-04669,Female,0,Yes,No,38,Yes,Yes,DSL,No,No,Yes,Yes,No,Yes,Month-to-month,Yes,Electronic check,63.08,2364.72,Yes
CUST-04670,Female,0,No,Yes,13,Yes,No,DSL,No,No,No,No,No,No,Month-to-month,Yes,Mailed check,40.67,496.8,No
CUST-04671,Female,0,No,No,61,Yes,Yes,Fiber optic,No,No,No,No,Yes,No,One year,Yes,Mailed check,69.4,4207.25,Yes
CUST-04672,Male,0,No,No,64,Yes,No,Fiber optic,Yes,Yes,No,Yes,No,Yes,Two year,Yes,Electronic check,72.02,4669.4,No
CUST-04673,Male,0,No,No,33,Yes,Yes,No,No internet service,No internet service,No internet service,No internet service,No internet service,No internet service,Two year,Yes,Credit card (automatic),24.21,858.97,No
CUST-04674,Female,0,No,No,38,Yes,Yes,No,No internet service,No internet service,No internet service,No internet service,No internet service,No internet service,Two year,Yes,Mailed check,35.17,1439.69,No
CUST-04675,Female,0,No,No,29,Yes,Yes,Fiber optic,No,No,Yes,No,Yes,No,Month-to-month,Yes,Mailed check,74.95,2157.36,Yes
CUST-04676,Male,0,No,No,61,Yes,No,No,No internet service,No internet service,No internet service,No internet service,No internet service,No internet service,Month-to-month,Yes,Bank transfer (automatic),18.94,1149.92,No
CUST-04677,Male,0,Yes,No,32,Yes,Yes,DSL,No,Yes,No,No,Yes,Yes,One year,Yes,Electronic check,70.05,2292.13,No
CUST-04678,Male,0,No,No,11,Yes,No,DSL,No,Yes,No,No,No,Yes,Month-to-month,No,Credit card (automatic),50.88,489.4,Yes
CUST-04679,Female,0,No,No,18,Yes,Yes,DSL,No,No,No,No,Yes,No,Two year,No,Credit card (automatic),53.68,983.16,No
CUST-04680,Female,0,No,No,45,Yes,No,DSL,Yes,No,No,Yes,Yes,Yes,Month-to-month,Yes,Electronic check,68.41,3179.09,No
CUST-04681,Female,1,Yes,No,21,Yes,No,Fiber optic,No,No,No,Yes,Yes,No,One year,Yes,Credit card (automatic),75.2,1616.96,No
CUST-04682,Male,0,Yes,No,12,Yes,No,No,No internet service,No internet service,No internet service,No internet service,No internet service,No internet service,Two year,Yes,Electronic check,24.88,303.56,No
CUST-04683,Male,0,No,No,20,Yes,No,DSL,No,Yes,Yes,Yes,No,No,Month-to-month,No,Electronic check,52.73,1003.65,Yes
CUST-04684,Female,0,No,Yes,7,Yes,Yes,Fiber optic,No,No,No,No,No,No,One year,Yes,Bank transfer (automatic),65.61,489.95,No
CUST-04685,Female,0,Yes,Yes,71,Yes,No,DSL,No,No,No,No,No,Yes,Month-to-month,No,Credit card (automatic),50.36,3538.17,Yes
CUST-04686,Male,1,Yes,No,2,Yes,No,Fiber optic,No,Yes,No,Yes,No,No,Month-to-month,Yes,Electronic check,65.32,133.42,Yes
CUST-04687,Male,0,Yes,No,43,Yes,Yes,DSL,No,No,No,No,No,No,Month-to-month,No,Credit card (automatic),47.18,2003.41,No
CUST-04688,Male,1,No,No,21,No,No phone service,Fiber optic,No,No,Yes,No,No,No,Month-to-month,No,Electronic check,52.68,1156.06,Yes
CUST-04689,Male,0,Yes,No,29,No,No phone service,DSL,No,Yes,No,No,No,No,Two year,Yes,Mailed check,42.12,1231.38,No
CUST-04690,Female,1,No,No,32,Yes,Yes,No,No internet service,No internet service,No internet service,No internet service,No internet service,No internet service,Month-to-month,No,Bank transfer (automatic),28.87,875.66,Yes
CUST-04691,Male,1,No,No,45,Yes,No,DSL,Yes,Yes,No,Yes,Yes,No,One year,Yes,Mailed check,60.88,2748.22,No
CUST-04692,Male,1,No,Yes,59,Yes,Yes,DSL,Yes,Yes,No,No,No,No,Month-to-month,Yes,Credit card (automatic),50.62,2935.28,Yes
CUST-04693,Male,0,Yes,No,3,Yes,No,No,No internet service,No internet service,No internet service,No internet service,No internet service,No internet service,Two year,No,Credit card (automatic),26.91,156.21,No
CUST-04694,Female,0,No,No,39,Yes,Yes,Fiber optic,Yes,No,Yes,No,No,No,Month-to-month,No,Mailed check,69.67,2795.98,Yes
CUST-04695,Female,0,No,No,51,No,No phone service,Fiber optic,No,No,Yes,No,Yes,Yes,Month-to-month,Yes,Electronic check,80.71,4112.4,Yes
CUST-04696,Male,0,Yes,No,8,Yes,Yes,No,No internet service,No internet service,No internet service,No internet service,No internet service,No internet service,Month-to-month,Yes,Credit card (automatic),33.0,274.01,No
CUST-04697,Male,1,No,Yes,46,Yes,No,Fiber optic,Yes,No,Yes,No,No,Yes,Two year,No,Mailed check,71.42,3355.73,No
CUST-04698,Male,0,No,No,66,Yes,No,DSL,No,No,No,Yes,No,Yes,Month-to-month,No,Bank transfer (automatic),51.1,3303.98,No
CUST-04699,Female,1,No,Yes,6,Yes,No,Fiber optic,No,No,No,No,Yes,Yes,One year,No,Mailed check,73.42,454.72,No
CUST-04700,Female,0,No,No,58,No,No phone service,Fiber optic,Yes,Yes,No,No,No,Yes,Month-to-month,Yes,Electronic check,79.87,4594.29,Yes
CUST-04701,Female,0,Yes,No,41,Yes,No,Fiber optic,No,Yes,Yes,No,No,No,One year,Yes,Credit card (automatic),69.78,2787.79,Yes
CUST-04702,Male,0,Yes,No,54,Yes,No,Fiber optic,Yes,No,Yes,No,Yes,Yes,Month-to-month,Yes,Mailed check,86.41,4679.99,No
CUST-04703,Female,0,Yes,No,41,Yes,No,No,No internet service,No internet service,No internet service,No internet service,No internet service,No internet service,One year,No,Electronic check,18.06,802.11,No
CUST-04704,Male,0,No,No,48,Yes,No,DSL,Yes,No,Yes,No,Yes,Yes,Two year,No,Electronic check,73.86,3499.33,No
CUST-04705,Male,0,No,Yes,70,Yes,Yes,DSL,No,Yes,No,No,No,Yes,Month-to-month,No,Bank transfer (automatic),59.48,4238.11,No
CUST-04706,Male,1,Yes,No,27,Yes,Yes,Fiber optic,No,No,No,Yes,Yes,No,Two year,No,Credit card (automatic),71.47,1928.17,No
CUST-04707,Female,0,Yes,No,47,Yes,No,DSL,No,No,No,No,No,No,Month-to-month,No,Electronic check,45.13,2131.58,Yes
CUST-04708,Male,0,No,Yes,23,No,No phone service,Fiber optic,No,No,No,No,No,Yes,Month-to-month,Yes,Electronic check,62.7,1417.53,Yes
CUST-04709,Female,0,No,No,14,Yes,No,Fiber optic,Yes,Yes,No,No,Yes,No,One year,Yes,Electronic check,79.49,1158.52,Yes
CUST-04710,Female,0,Yes,No,61,Yes,No,No,No internet service,No internet service,No internet service,No internet service,No internet service,No internet service,Month-to-month,No,Mailed check,22.84,1379.61,No
CUST-04711,Male,0,No,No,67,Yes,No,Fiber optic,No,No,Yes,No,Yes,No,Two year,Yes,Credit card (automatic),68.23,4580.58,No
CUST-04712,Male,0,No,No,25,Yes,Yes,Fiber optic,No,No,No,No,Yes,No,Month-to-month,Yes,Electronic check,68.56,1672.99,Yes
CUST-04713,Female,0,Yes,No,65,Yes,No,DSL,No,No,Yes,No,Yes,Yes,One year,Yes,Bank transfer (automatic),64.54,4145.34,No
CUST-04714,Male,0,Yes,Yes,24,Yes,Yes,DSL,No,No,No,No,No,No,Month-to-month,Yes,Electronic check,42.25,962.77,Yes
CUST-04715,Female,0,Yes,Yes,53,Yes,No,DSL,No,No,No,Yes,Yes,No,Month-to-month,Yes,Electronic check,52.38,2694.38,Yes
CUST-04716,Male,1,Yes,No,50,Yes,Yes,DSL,No,No,Yes,Yes,No,No,Month-to-month,No,Electronic check,54.86,2693.55,No
CUST-04717,Female,0,No,No,1,Yes,Yes,No,No internet service,No internet service,No internet service,No internet service,No internet service,No internet service,Month-to-month,Yes,Bank transfer (automatic),28.42,18.0,Yes
CUST-04718,Female,0,Yes,Yes,39,Yes,Yes,DSL,No,No,No,No,No,No,Month-to-month,Yes,Mailed check,43.48,1680.27,No
CUST-04719,Female,0,Yes,Yes,44,Yes,Yes,No,No internet service,No internet service,No internet service,No internet service,No internet service,No internet service,Month-to-month,No,Credit card (automatic),37.44,1681.53,No
CUST-04720,Female,0,No,No,5,Yes,No,No,No internet service,No internet service,No internet service,No internet service,No internet service,No internet service,One year,Yes,Electronic check,27.44,66.19,No
CUST-04721,Male,0,Yes,No,68,Yes,No,Fiber optic,Yes,Yes,No,No,No,No,One year,No,Electronic check,59.39,3974.49,Yes
CUST-04722,Male,0,No,No,72,Yes,No,No,No internet service,No internet service,No internet service,No internet service,No internet service,No internet service,Two year,Yes,Electronic check,33.27,2359.38,No
CUST-04723,Female,0,Yes,Yes,65,No,No phone service,No,No internet service,No internet service,No internet service,No internet service,No internet service,No internet service,Two year,Yes,Mailed check,28.54,1875.02,No
CUST-04724,Female,0,No,No,15,Yes,Yes,Fiber optic,No,Yes,No,No,Yes,Yes,Month-to-month,No,Bank transfer (automatic),78.57,1139.09,Yes
CUST-04725,Male,0,No,No,50,Yes,No,Fiber optic,No,Yes,No,Yes,No,Yes,One year,Yes,Electronic check,76.03,3753.47,Yes
CUST-04726,Male,0,Yes,No,6,Yes,No,No,No internet service,No internet service,No internet service,No internet service,No internet service,No internet service,Month-to-month,Yes,Electronic check,28.44,165.21,No
CUST-04727,Male,0,No,No,66,Yes,No,No,No internet service,No internet service,No internet service,No internet service,No internet service,No internet service,One year,Yes,Bank transfer (automatic),26.59,1861.5,No
CUST-04728,Male,0,Yes,Yes,69,No,No phone service,DSL,No,Yes,Yes,No,No,No,Month-to-month,No,Mailed check,48.52,3349.72,Yes
CUST-04729,Male,0,No,No,39,No,No phone service,Fiber optic,Yes,No,No,No,No,Yes,Month-to-month,No,Bank transfer (automatic),63.37,2422.6,No
CUST-04730,Male,0,No,No,29,Yes,No,Fiber optic,No,Yes,No,No,Yes,Yes,One year,No,Electronic check,87.5,2553.43,Yes
CUST-04731,Female,0,Yes,No,46,Yes,No,Fiber optic,Yes,Yes,No,No,No,Yes,Month-to-month,No,Credit card (automatic),74.98,3383.63,No
CUST-04732,Male,0,No,Yes,31,No,No phone service,Fiber optic,No,No,Yes,No,Yes,No,One year,Yes,Credit card (automatic),73.06,2365.94,Yes
CUST-04733,Male,0,Yes,No,24,Yes,Yes,Fiber optic,Yes,No,Yes,No,No,Yes,One year,Yes,Bank transfer (automatic),83.09,2058.83,Yes
CUST-04734,Female,1,No,No,15,Yes,Yes,DSL,No,No,Yes,Yes,Yes,Yes,Two year,Yes,Credit card (automatic),84.49,1270.92,No
CUST-04735,Male,0,Yes,Yes,20,Yes,No,Fiber optic,Yes,No,No,Yes,No,No,Month-to-month,No,Mailed check,66.33,1350.58,No
CUST-04736,Male,0,No,No,4,Yes,No,Fiber optic,No,Yes,No,No,No,Yes,One year,Yes,Credit card (automatic),76.28,366.86,Yes
CUST-04737,Male,0,Yes,No,58,Yes,No,No,No internet service,No internet service,No internet service,No internet service,No internet service,No internet service,One year,Yes,Credit card (automatic),20.25,1161.66,No
CUST-04738,Male,0,No,No,61,No,No phone service,Fiber optic,No,No,Yes,No,Yes,Yes,Two year,No,Credit card (automatic),85.27,5219.76,No
CUST-04739,Male,0,No,Yes,10,Yes,No,DSL,No,No,Yes,Yes,Yes,No,Month-to-month,Yes,Credit card (automatic),65.45,641.22,Yes
CUST-04740,Female,0,No,No,41,Yes,No,Fiber optic,Yes,No,Yes,No,Yes,No,One year,No,Credit card (automatic),72.66,2970.47,No
CUST-04741,Male,0,Yes,Yes,53,Yes,Yes,Fiber optic,Yes,No,No,No,No,No,One year,No,Mailed check,64.07,3268.34,No
CUST-04742,Female,1,No,Yes,71,Yes,Yes,DSL,Yes,Yes,No,No,Yes,Yes,Two year,No,Credit card (automatic),77.71,5619.48,No
CUST-04743,Female,0,Yes,No,48,Yes,Yes,Fiber optic,No,No,Yes,Yes,No,Yes,Month-to-month,Yes,Bank transfer (automatic),81.21,3911.76,Yes
CUST-04744,Male,0,Yes,No,15,Yes,Yes,No,No internet service,No internet service,No internet service,No internet service,No internet service,No internet service,Month-to-month,Yes,Credit card (automatic),27.58,483.1,No
CUST-04745,Female,0,Yes,Yes,7,Yes,No,DSL,No,Yes,No,No,No,No,One year,No,Credit card (automatic),48.5,275.22,No
CUST-04746,Male,0,Yes,No,72,Yes,Yes,DSL,Yes,No,Yes,Yes,Yes,No,Month-to-month,Yes,Bank transfer (automatic),68.35,4911.59,No
CUST-04747,Female,0,No,Yes,71,Yes,No,Fiber optic,No,No,Yes,Yes,No,No,Month-to-month,No,Mailed check,61.94,4437.89,No
CUST-04748,Female,0,Yes,No,43,Yes,No,Fiber optic,No,No,No,No,No,No,Month-to-month,Yes,Mailed check,57.91,2484.58,Yes
CUST-04749,Male,0,No,Yes,4,Yes,No,DSL,No,Yes,Yes,Yes,No,No,One year,No,Electronic check,50.74,315.82,No
CUST-04750,Male,0,Yes,No,51,Yes,Yes,DSL,No,No,No,No,No,Yes,Month-to-month,Yes,Bank transfer (automatic),51.96,2668.9,Yes
CUST-04751,Male,0,Yes,No,71,Yes,Yes,DSL,No,No,Yes,Yes,No,No,One year,Yes,Electronic check,52.44,3757.96,No
CUST-04752,Male,0,No,No,59,Yes,No,Fiber optic,No,No,Yes,No,Yes,No,One year,Yes,Electronic check,64.44,3775.58,Yes
CUST-04753,Male,1,Yes,No,41,Yes,No,No,No internet service,No internet service,No internet service,No internet service,No internet service,No internet service,Month-to-month,No,Electronic check,25.19,1007.66,Yes
CUST-04754,Female,0,Yes,No,61,Yes,Yes,No,No internet service,No internet service,No internet service,No internet service,No internet service,No internet service,Month-to-month,No,Mailed check,27.89,1675.05,No
CUST-04755,Female,0,Yes,No,30,Yes,Yes,Fiber optic,Yes,No,Yes,Yes,No,No,One year,Yes,Electronic check,72.89,2265.77,Yes
CUST-04756,Female,0,No,Yes,18,No,No phone service,Fiber optic,Yes,Yes,No,No,No,No,Month-to-month,Yes,Mailed check,66.7,1236.66,Yes
CUST-04757,Female,0,No,Yes,30,Yes,No,DSL,Yes,No,No,No,No,No,One year,Yes,Bank transfer (automatic),41.3,1242.92,No
CUST-04758,Female,0,Yes,No,7,Yes,No,No,No internet service,No internet service,No internet service,No internet service,No internet service,No internet service,Month-to-month,Yes,Electronic check,27.63,222.82,Yes
CUST-04759,Female,0,Yes,Yes,52,Yes,Yes,Fiber optic,Yes,No,Yes,Yes,Yes,No,Month-to-month,Yes,Electronic check,85.13,4397.71,Yes
CUST-04760,Female,0,No,No,48,Yes,No,Fiber optic,Yes,No,No,No,Yes,No,Month-to-month,No,Electronic check,65.93,3062.76,Yes
CUST-04761,Male,0,No,No,23,Yes,Yes,Fiber optic,No,No,Yes,Yes,No,No,Month-to-month,Yes,Electronic check,69.11,1622.66,Yes
CUST-04762,Male,0,Yes,No,37,Yes,No,DSL,Yes,No,No,No,No,No,Two year,No,Electronic check,40.47,1390.16,No
CUST-04763,Female,0,No,No,71,No,No phone service,Fiber optic,Yes,No,Yes,No,No,No,Month-to-month,No,Credit card (automatic),60.7,4323.57,Yes
CUST-04764,Female,0,Yes,Yes,53,Yes,No,No,No internet service,No internet service,No internet service,No internet service,No internet service,No internet service,Two year,Yes,Electronic check,28.3,1503.8,No
CUST-04765,Male,0,Yes,Yes,45,No,No phone service,Fiber optic,Yes,Yes,Yes,No,No,No,Two year,Yes,Bank transfer (automatic),68.89,3076.16,No
CUST-04766,Male,1,Yes,Yes,49,No,No phone service,Fiber optic,No,No,Yes,Yes,No,Yes,Month-to-month,No,Electronic check,79.35,3810.7,Yes
CUST-04767,Male,0,No,Yes,49,Yes,No,DSL,No,No,No,No,Yes,No,Two year,No,Mailed check,47.4,2381.52,No
CUST-04768,Male,1,Yes,No,47,Yes,No,No,No internet service,No internet service,No internet service,No internet service,No internet service,No internet service,One year,Yes,Electronic check,25.19,1137.47,No
CUST-04769,Female,0,No,No,25,Yes,No,No,No internet service,No internet service,No internet service,No internet service,No internet service,No internet service,Month-to-month,No,Credit card (automatic),18.0,410.63,No
CUST-04770,Male,0,Yes,No,27,Yes,Yes,Fiber optic,No,No,Yes,No,No,No,Month-to-month,Yes,Mailed check,58.55,1611.11,Yes
CUST-04771,Female,0,Yes,No,12,Yes,Yes,Fiber optic,Yes,No,No,No,No,No,Month-to-month,Yes,Mailed check,55.66,650.86,Yes
CUST-04772,Female,0,No,Yes,23,Yes,Yes,DSL,Yes,No,Yes,No,Yes,No,Month-to-month,No,Credit card (automatic),60.29,1412.63,No
CUST-04773,Female,0,Yes,Yes,17,Yes,Yes,DSL,No,No,No,No,No,No,One year,No,Electronic check,44.85,718.25,Yes
CUST-04774,Male,0,Yes,No,44,Yes,Yes,Fiber optic,No,No,No,No,Yes,No,Month-to-month,No,Electronic check,69.6,3127.54,Yes
CUST-04775,Male,0,Yes,Yes,71,Yes,Yes,Fiber optic,Yes,No,Yes,No,No,Yes,Month-to-month,No,Mailed check,79.26,5581.39,No
CUST-04776,Female,1,Yes,No,24,Yes,No,Fiber optic,Yes,Yes,Yes,Yes,No,No,Month-to-month,Yes,Mailed check,74.82,1817.27,No
CUST-04777,Female,0,Yes,No,71,Yes,No,Fiber optic,No,No,No,Yes,No,No,Month-to-month,Yes,Credit card (automatic),54.76,3847.07,Yes
CUST-04778,Female,0,Yes,No,60,No,No phone service,Fiber optic,No,Yes,No,No,No,No,One year,Yes,Mailed check,53.31,3220.32,No
CUST-04779,Male,0,Yes,No,53,Yes,Yes,No,No internet service,No internet service,No internet service,No internet service,No internet service,No internet service,Month-to-month,No,Electronic check,36.02,1911.95,Yes
CUST-04780,Female,0,Yes,Yes,16,Yes,No,DSL,No,No,Yes,Yes,No,No,Month-to-month,No,Electronic check,52.64,806.24,No
CUST-04781,Male,0,No,No,25,No,No phone service,Fiber optic,No,No,Yes,No,No,No,Two year,No,Electronic check,69.31,1696.68,No
CUST-04782,Female,0,Yes,No,66,Yes,No,DSL,Yes,No,No,No,No,No,Two year,Yes,Electronic check,48.24,3194.89,No
CUST-04783,Female,0,Yes,Yes,50,Yes,No,Fiber optic,No,No,No,No,No,No,Month-to-month,Yes,Electronic check,60.82,3087.71,Yes
CUST-04784,Female,0,No,No,69,Yes,Yes,Fiber optic,Yes,No,No,Yes,No,No,Month-to-month,No,Electronic check,70.31,4790.46,Yes
CUST-04785,Male,0,No,Yes,40,Yes,No,DSL,No,No,Yes,Yes,No,Yes,Month-to-month,No,Electronic check,57.83,2378.74,Yes
CUST-04786,Male,1,Yes,No,6,No,No phone service,DSL,Yes,No,Yes,No,No,No,Month-to-month,Yes,Electronic check,52.01,317.8,No
CUST-04787,Female,0,Yes,No,64,Yes,No,Fiber optic,Yes,Yes,No,No,Yes,Yes,Month-to-month,No,Mailed check,85.87,5443.96,No
CUST-04788,Male,0,No,Yes,28,Yes,No,DSL,No,Yes,Yes,Yes,Yes,No,Two year,No,Credit card (automatic),68.89,1992.25,No
CUST-04789,Female,0,Yes,Yes,9,Yes,No,DSL,No,No,Yes,No,Yes,No,Month-to-month,No,Mailed check,61.76,565.8,No
CUST-04790,Male,1,No,Yes,6,Yes,No,DSL,No,No,No,No,No,No,Two year,Yes,Mailed check,36.87,219.34,No
CUST-04791,Male,0,No,Yes,17,Yes,No,DSL,No,No,No,Yes,No,No,Two year,Yes,Electronic check,39.89,730.4,No
CUST-04792,Male,1,No,Yes,40,Yes,No,Fiber optic,No,No,No,No,No,No,One year,Yes,Electronic check,53.86,2192.06,No
CUST-04793,Female,1,Yes,Yes,45,Yes,No,Fiber optic,Yes,No,Yes,Yes,Yes,No,Two year,No,Bank transfer (automatic),86.22,3826.39,No
CUST-04794,Male,1,No,Yes,43,Yes,No,No,No internet service,No internet service,No internet service,No internet service,No internet service,No internet service,Two year,No,Electronic check,21.36,954.87,No
CUST-04795,Male,0,No,No,46,Yes,No,DSL,No,Yes,No,No,Yes,Yes,Month-to-month,No,Electronic check,67.81,3218.69,Yes
CUST-04796,Female,0,No,No,63,Yes,Yes,No,No internet service,No internet service,No internet service,No internet service,No internet service,No internet service,One year,Yes,Bank transfer (automatic),29.4,1783.47,No
CUST-04797,Female,0,Yes,No,1,Yes,No,DSL,No,No,Yes,No,Yes,Yes,Two year,Yes,Bank transfer (automatic),68.96,67.52,Yes
CUST-04798,Female,0,No,Yes,59,Yes,Yes,DSL,Yes,No,Yes,Yes,No,Yes,Month-to-month,No,Credit card (automatic),72.57,4346.96,No
CUST-04799,Female,0,No,Yes,63,Yes,Yes,No,No internet service,No internet service,No internet service,No internet service,No internet service,No internet service,Two year,Yes,Electronic check,25.93,1610.55,No
CUST-04800,Male,0,No,No,18,Yes,Yes,Fiber optic,No,Yes,Yes,No,No,Yes,One year,Yes,Bank transfer (automatic),83.09,1369.5,No
CUST-04801,Male,0,No,No,65,Yes,Yes,Fiber optic,Yes,No,No,Yes,Yes,No,One year,No,Electronic check,78.51,5136.98,No
CUST-04802,Male,0,Yes,No,20,Yes,Yes,No,No internet service,No internet service,No internet service,No internet service,No internet service,No internet service,Month-to-month,No,Electronic check,20.32,451.26,Yes
CUST-04803,Male,0,No,Yes,56,Yes,Yes,Fiber optic,No,No,Yes,No,Yes,Yes,Two year,Yes,Credit card (automatic),84.64,4734.72,No
CUST-04804,Male,0,Yes,No,54,Yes,No,No,No internet service,No internet service,No internet service,No internet service,No internet service,No internet service,Month-to-month,No,Electronic check,28.11,1447.9,No
CUST-04805,Female,0,No,No,48,Yes,Yes,DSL,No,No,No,No,No,Yes,Month-to-month,No,Electronic check,53.18,2604.87,Yes
CUST-04806,Male,0,Yes,No,54,Yes,Yes,No,No internet service,No internet service,No internet service,No internet service,No internet service,No internet service,Month-to-month,Yes,Mailed check,30.94,1698.15,No
CUST-04807,Male,0,Yes,No,16,No,No phone service,Fiber optic,No,Yes,Yes,Yes,No,Yes,Month-to-month,No,Electronic check,83.74,1307.51,Yes
CUST-04808,Male,1,No,No,20,Yes,No,Fiber optic,Yes,Yes,Yes,No,No,No,One year,Yes,Credit card (automatic),70.79,1413.18,Yes
CUST-04809,Female,0,Yes,No,47,Yes,Yes,DSL,No,No,Yes,No,Yes,No,Month-to-month,Yes,Credit card (automatic),62.89,3051.99,Yes
CUST-04810,Female,0,No,No,7,Yes,No,DSL,No,No,Yes,No,Yes,Yes,One year,No,Electronic check,60.86,338.42,Yes
CUST-04811,Male,0,No,Yes,23,Yes,No,Fiber optic,Yes,No,Yes,No,Yes,Yes,Month-to-month,No,Electronic check,90.16,2115.59,Yes
CUST-04812,Female,0,Yes,Yes,33,Yes,Yes,Fiber optic,Yes,Yes,Yes,Yes,No,No,Month-to-month,Yes,Mailed check,79.26,2594.69,Yes
CUST-04813,Female,0,Yes,No,40,Yes,No,Fiber optic,Yes,No,Yes,Yes,Yes,Yes,Month-to-month,Yes,Bank transfer (automatic),89.87,3579.42,Yes
CUST-04814,Female,0,No,Yes,5,Yes,No,Fiber optic,Yes,Yes,Yes,No,No,No,One year,No,Mailed check,66.33,288.72,Yes
CUST-04815,Female,0,Yes,No,45,Yes,No,Fiber optic,Yes,No,Yes,No,No,No,One year,No,Bank transfer (automatic),65.08,2901.48,No
CUST-04816,Female,0,No,No,41,Yes,Yes,Fiber optic,Yes,No,No,No,No,No,Month-to-month,Yes,Credit card (automatic),60.48,2500.27,Yes
CUST-04817,Female,0,No,No,8,Yes,Yes,Fiber optic,No,Yes,No,No,No,Yes,Month-to-month,Yes,Electronic check,76.26,609.21,Yes
CUST-04818,Female,0,No,No,50,Yes,Yes,DSL,No,Yes,No,No,No,No,One year,Yes,Credit card (automatic),50.32,2511.78,No
CUST-04819,Male,0,No,No,31,Yes,Yes,Fiber optic,No,No,No,No,No,No,Two year,Yes,Mailed check,57.64,1786.5,Yes
CUST-04820,Male,0,No,No,4,Yes,Yes,Fiber optic,No,Yes,Yes,No,Yes,Yes,Month-to-month,Yes,Bank transfer (automatic),86.76,337.86,No
CUST-04821,Female,0,No,No,66,Yes,No,No,No internet service,No internet service,No internet service,No internet service,No internet service,No internet service,One year,Yes,Credit card (automatic),28.04,1889.13,No
CUST-04822,Male,0,No,No,56,Yes,No,Fiber optic,No,Yes,Yes,Yes,No,No,Month-to-month,No,Electronic check,65.09,3637.81,Yes
CUST-04823,Male,0,No,No,5,Yes,No,No,No internet service,No internet service,No internet service,No internet service,No internet service,No internet service,Two year,Yes,Mailed check,28.66,94.24,Yes
CUST-04824,Female,1,Yes,No,54,Yes,Yes,DSL,No,No,No,No,No,No,One year,Yes,Electronic check,57.17,3039.78,Yes
CUST-04825,Male,0,Yes,No,1,Yes,Yes,DSL,No,No,No,No,No,No,Two year,Yes,Bank transfer (automatic),45.64,106.87,No
CUST-04826,Female,0,No,No,61,Yes,Yes,Fiber optic,No,No,Yes,No,No,No,Month-to-month,Yes,Electronic check,68.82,4147.53,Yes
CUST-04827,Female,1,No,No,7,Yes,No,Fiber optic,No,Yes,No,Yes,Yes,Yes,Month-to-month,No,Mailed check,84.26,603.55,Yes
CUST-04828,Female,0,Yes,No,30,Yes,No,Fiber optic,No,No,Yes,No,No,Yes,Month-to-month,Yes,Credit card (automatic),70.37,2111.89,Yes
CUST-04829,Male,0,Yes,No,15,Yes,No,Fiber optic,Yes,Yes,No,No,Yes,No,One year,No,Electronic check,80.65,1222.32,Yes
CUST-04830,Male,1,No,Yes,4,Yes,Yes,Fiber optic,Yes,Yes,No,No,No,No,Two year,No,Credit card (automatic),64.66,236.79,Yes
CUST-04831,Male,0,Yes,No,63,Yes,Yes,DSL,No,No,Yes,Yes,No,No,Month-to-month,Yes,Mailed check,59.31,3740.97,No
CUST-04832,Male,0,Yes,No,70,Yes,No,DSL,No,No,No,No,Yes,No,Month-to-month,Yes,Electronic check,50.43,3542.3,No
CUST-04833,Female,0,Yes,No,38,Yes,No,No,No internet service,No internet service,No internet service,No internet service,No internet service,No internet service,Month-to-month,Yes,Electronic check,20.53,724.84,No
CUST-04834,Female,0,No,No,47,Yes,Yes,No,No internet service,No internet service,No internet service,No internet service,No internet service,No internet service,One year,Yes,Electronic check,28.6,1298.13,No
CUST-04835,Male,0,No,No,60,Yes,Yes,No,No internet service,No internet service,No internet service,No internet service,No internet service,No internet service,Month-to-month,Yes,Electronic check,30.49,1818.01,No
CUST-04836,Female,1,Yes,No,2,Yes,Yes,Fiber optic,Yes,Yes,Yes,No,No,No,Two year,Yes,Mailed check,78.62,186.86,No
CUST-04837,Female,0,Yes,No,69,Yes,Yes,Fiber optic,No,No,Yes,No,No,Yes,One year,No,Mailed check,71.76,4904.14,Yes
CUST-04838,Male,0,No,Yes,8,No,No phone service,No,No internet service,No internet service,No internet service,No internet service,No internet service,No internet service,Month-to-month,Yes,Electronic check,29.03,211.46,No
CUST-04839,Female,1,No,No,51,Yes,Yes,No,No internet service,No internet service,No internet service,No internet service,No internet service,No internet service,Two year,No,Bank transfer (automatic),34.34,1765.21,No
CUST-04840,Male,1,No,Yes,19,Yes,No,No,No internet service,No internet service,No internet service,No internet service,No internet service,No internet service,Month-to-month,Yes,Mailed check,29.86,585.78,Yes
CUST-04841,Female,0,Yes,No,31,Yes,No,Fiber optic,No,Yes,Yes,Yes,Yes,No,Two year,Yes,Bank transfer (automatic),77.05,2333.12,No
CUST-04842,Male,0,Yes,Yes,22,Yes,Yes,DSL,Yes,No,Yes,No,No,No,Month-to-month,No,Credit card (automatic),54.94,1170.31,Yes
CUST-04843,Female,0,No,No,33,Yes,No,Fiber optic,No,No,Yes,No,No,No,Month-to-month,Yes,Electronic check,55.57,1820.23,Yes
CUST-04844,Female,0,Yes,Yes,72,Yes,Yes,Fiber optic,No,No,Yes,No,No,No,One year,Yes,Mailed check,63.84,4679.59,No
CUST-04845,Male,0,No,No,37,Yes,No,No,No internet service,No internet service,No internet service,No internet service,No internet service,No internet service,One year,Yes,Credit card (automatic),25.53,994.69,No
CUST-04846,Male,1,Yes,No,12,Yes,Yes,DSL,No,Yes,No,Yes,Yes,Yes,One year,Yes,Bank transfer (automatic),70.53,814.24,No
CUST-04847,Male,1,Yes,No,69,Yes,Yes,DSL,No,No,No,No,No,No,Month-to-month,Yes,Electronic check,46.94,3336.06,No
CUST-04848,Male,0,Yes,No,64,Yes,No,DSL,Yes,No,No,Yes,No,Yes,Month-to-month,Yes,Bank transfer (automatic),64.3,4106.06,No
CUST-04849,Female,0,No,No,25,No,No phone service,DSL,Yes,Yes,No,Yes,No,No,Two year,No,Mailed check,54.91,1413.05,No
CUST-04850,Female,0,Yes,Yes,54,Yes,Yes,Fiber optic,Yes,Yes,No,No,No,Yes,Month-to-month,Yes,Credit card (automatic),82.66,4416.29,No
CUST-04851,Male,0,Yes,Yes,29,Yes,No,No,No internet service,No internet service,No internet service,No internet service,No internet service,No internet service,Month-to-month,No,Electronic check,31.04,818.75,No
CUST-04852,Female,0,Yes,Yes,13,No,No phone service,Fiber optic,Yes,No,No,No,Yes,No,Month-to-month,No,Electronic check,74.08,993.09,Yes
CUST-04853,Male,0,Yes,No,26,Yes,No,DSL,Yes,Yes,No,No,No,No,Month-to-month,No,Credit card (automatic),46.16,1276.04,No
CUST-04854,Male,0,Yes,Yes,22,Yes,No,Fiber optic,No,No,No,No,No,Yes,Month-to-month,Yes,Mailed check,59.89,1326.67,Yes
CUST-04855,Female,0,Yes,Yes,10,Yes,Yes,Fiber optic,Yes,No,No,Yes,Yes,No,Month-to-month,No,Bank transfer (automatic),82.41,720.91,Yes
CUST-04856,Female,0,Yes,No,48,Yes,Yes,Fiber optic,No,Yes,Yes,No,No,No,Month-to-month,Yes,Credit card (automatic),71.77,3463.58,Yes
CUST-04857,Male,0,No,Yes,42,Yes,No,Fiber optic,No,No,No,No,Yes,No,Month-to-month,No,Electronic check,66.11,2772.74,Yes
CUST-04858,Male,0,No,Yes,59,Yes,No,DSL,Yes,No,No,No,Yes,No,Month-to-month,No,Electronic check,57.57,3338.06,No
CUST-04859,Male,0,Yes,No,53,Yes,Yes,No,No internet service,No internet service,No internet service,No internet service,No internet service,No internet service,One year,Yes,Electronic check,28.41,1509.4,No
CUST-04860,Female,0,Yes,No,40,Yes,No,Fiber optic,No,Yes,No,No,Yes,No,Month-to-month,Yes,Electronic check,75.35,2935.43,Yes
CUST-04861,Female,0,No,No,62,Yes,No,Fiber optic,No,Yes,No,No,No,No,Two year,Yes,Credit card (automatic),58.67,3621.1,No
CUST-04862,Female,0,Yes,Yes,6,Yes,No,No,No internet service,No internet service,No internet service,No internet service,No internet service,No internet service,Month-to-month,Yes,Bank transfer (automatic),23.53,75.12,No
CUST-04863,Female,0,Yes,No,4,Yes,No,No,No internet service,No internet service,No internet service,No internet service,No internet service,No internet service,Month-to-month,No,Bank transfer (automatic),19.68,61.17,Yes
CUST-04864,Male,0,No,Yes,55,No,No phone service,No,No internet service,No internet service,No internet service,No internet service,No internet service,No internet service,Month-to-month,No,Credit card (automatic),21.79,1241.99,No
CUST-04865,Male,0,No,No,69,Yes,No,DSL,Yes,Yes,No,No,Yes,Yes,Month-to-month,No,Credit card (automatic),68.89,4735.93,No
CUST-04866,Male,0,Yes,No,3,No,No phone service,No,No internet service,No internet service,No internet service,No internet service,No internet service,No internet service,Two year,Yes,Credit card (automatic),23.62,106.72,No
CUST-04867,Male,0,Yes,No,7,Yes,No,Fiber optic,No,No,No,No,No,No,One year,Yes,Bank transfer (automatic),50.4,291.61,No
CUST-04868,Male,0,No,No,12,Yes,No,DSL,Yes,Yes,No,Yes,No,No,Two year,Yes,Mailed check,57.89,716.08,No
CUST-04869,Male,1,Yes,No,17,Yes,No,No,No internet service,No internet service,No internet service,No internet service,No internet service,No internet service,Month-to-month,No,Electronic check,28.17,477.35,No
CUST-04870,Female,0,No,No,67,Yes,Yes,DSL,No,No,No,No,Yes,No,One year,Yes,Credit card (automatic),53.74,3597.27,No
CUST-04871,Female,1,Yes,No,70,Yes,Yes,No,No internet service,No internet service,No internet service,No internet service,No internet service,No internet service,Month-to-month,Yes,Electronic check,24.59,1704.68,No
CUST-04872,Male,0,Yes,No,36,Yes,No,DSL,No,No,No,No,No,Yes,One year,Yes,Electronic check,45.52,1544.9,Yes
CUST-04873,Male,0,No,Yes,17,Yes,Yes,Fiber optic,No,No,Yes,No,No,No,Two year,No,Bank transfer (automatic),62.94,1088.19,Yes
CUST-04874,Female,0,No,No,1,Yes,Yes,DSL,No,No,No,No,No,No,Month-to-month,Yes,Credit card (automatic),52.85,18.0,Yes
CUST-04875,Female,0,No,Yes,67,No,No phone service,No,No internet service,No internet service,No internet service,No internet service,No internet service,No internet service,Month-to-month,No,Bank transfer (automatic),28.15,1852.45,No
CUST-04876,Female,0,Yes,No,49,Yes,No,DSL,No,No,Yes,No,No,No,One year,Yes,Mailed check,50.11,2489.18,No
CUST-04877,Female,0,No,No,51,Yes,No,Fiber optic,No,No,Yes,No,No,No,Two year,Yes,Credit card (automatic),49.1,2443.52,No
CUST-04878,Male,0,No,No,71,Yes,Yes,Fiber optic,Yes,No,No,No,Yes,Yes,Month-to-month,Yes,Electronic check,87.49,6181.7,No
CUST-04879,Male,0,No,No,43,Yes,Yes,Fiber optic,No,No,No,No,Yes,No,One year,Yes,Electronic check,69.62,2991.18,Yes
CUST-04880,Male,0,No,No,31,No,No phone service,Fiber optic,No,No,No,No,Yes,No,Month-to-month,Yes,Mailed check,59.91,1836.96,Yes
CUST-04881,Male,1,Yes,Yes,24,Yes,No,DSL,No,Yes,No,Yes,Yes,No,Month-to-month,Yes,Credit card (automatic),54.59,1281.0,No
CUST-04882,Male,1,Yes,No,37,Yes,No,Fiber optic,Yes,No,Yes,No,No,No,Month-to-month,No,Electronic check,68.55,2537.29,No
CUST-04883,Female,0,No,No,65,Yes,Yes,DSL,No,Yes,Yes,No,No,No,Two year,No,Mailed check,51.81,3385.9,No
CUST-04884,Male,0,No,No,63,Yes,Yes,No,No internet service,No internet service,No internet service,No internet service,No internet service,No internet service,Two year,No,Electronic check,33.93,2221.11,No
CUST-04885,Female,1,Yes,No,56,Yes,Yes,Fiber optic,Yes,No,No,Yes,No,No,One year,No,Electronic check,67.95,3857.86,No
CUST-04886,Male,0,Yes,Yes,18,No,No phone service,Fiber optic,No,No,Yes,Yes,No,No,Month-to-month,Yes,Credit card (automatic),65.29,1246.74,Yes
CUST-04887,Male,0,No,No,65,Yes,Yes,Fiber optic,Yes,No,No,No,No,Yes,Month-to-month,No,Electronic check,73.05,4743.63,Yes
CUST-04888,Male,0,No,No,29,No,No phone service,No,No internet service,No internet service,No internet service,No internet service,No internet service,No internet service,One year,No,Electronic check,24.57,698.29,No
CUST-04889,Male,0,No,Yes,4,Yes,Yes,DSL,No,No,No,Yes,Yes,Yes,Month-to-month,Yes,Electronic check,73.33,304.82,No
CUST-04890,Male,0,Yes,No,12,Yes,No,DSL,No,Yes,Yes,No,No,No,Month-to-month,No,Mailed check,44.45,555.26,No
CUST-04891,Female,1,No,No,56,Yes,Yes,Fiber optic,No,Yes,Yes,Yes,No,No,Month-to-month,No,Mailed check,75.14,4184.32,No
CUST-04892,Female,0,Yes,Yes,48,Yes,Yes,Fiber optic,No,No,Yes,No,No,No,Month-to-month,No,Electronic check,62.25,2945.63,Yes
CUST-04893,Female,0,Yes,No,19,Yes,Yes,Fiber optic,Yes,No,No,Yes,No,Yes,Month-to-month,Yes,Credit card (automatic),86.79,1567.51,No
CUST-04894,Male,1,Yes,Yes,26,Yes,Yes,Fiber optic,Yes,No,Yes,No,No,Yes,Month-to-month,No,Credit card (automatic),83.49,2225.77,Yes
CUST-04895,Male,1,No,Yes,38,Yes,No,DSL,No,No,No,No,No,No,Month-to-month,Yes,Mailed check,39.25,1514.25,Yes
CUST-04896,Female,0,No,No,25,Yes,Yes,DSL,No,No,Yes,No,No,Yes,Month-to-month,No,Electronic check,58.64,1543.76,No
CUST-04897,Male,0,No,No,56,Yes,No,DSL,No,No,Yes,No,No,No,Month-to-month,Yes,Electronic check,41.12,2312.46,No
CUST-04898,Male,0,Yes,Yes,28,Yes,No,Fiber optic,Yes,No,Yes,No,Yes,Yes,Month-to-month,Yes,Mailed check,90.14,2422.98,Yes
CUST-04899,Female,0,No,No,61,Yes,No,No,No internet service,No internet service,No internet service,No internet service,No internet service,No internet service,Two year,Yes,Credit card (automatic),25.34,1590.26,No
CUST-04900,Male,0,No,Yes,51,Yes,Yes,Fiber optic,No,Yes,Yes,No,No,Yes,Month-to-month,No,Mailed check,73.31,3764.46,Yes
CUST-04901,Female,0,No,No,12,Yes,Yes,No,No internet service,No internet service,No internet service,No internet service,No internet service,No internet service,Month-to-month,Yes,Mailed check,33.8,418.34,No
CUST-04902,Male,1,No,No,8,Yes,No,DSL,No,Yes,Yes,Yes,No,No,Month-to-month,Yes,Credit card (automatic),53.7,452.75,Yes
CUST-04903,Female,0,Yes,No,58,Yes,No,DSL,No,No,Yes,No,Yes,No,Month-to-month,Yes,Credit card (automatic),57.61,3268.93,No
CUST-04904,Male,0,No,Yes,23,Yes,No,DSL,No,Yes,No,Yes,Yes,Yes,One year,No,Mailed check,75.73,1791.07,No
CUST-04905,Male,0,No,No,37,Yes,No,Fiber optic,Yes,Yes,No,No,No,No,Month-to-month,No,Credit card (automatic),65.07,2332.75,Yes
CUST-04906,Female,0,No,Yes,11,Yes,No,DSL,No,Yes,Yes,No,Yes,No,One year,No,Electronic check,60.34,695.0,No
CUST-04907,Male,0,No,No,17,Yes,Yes,No,No internet service,No internet service,No internet service,No internet service,No internet service,No internet service,One year,Yes,Electronic check,24.6,429.69,No
CUST-04908,Male,1,Yes,No,56,Yes,Yes,DSL,No,No,Yes,No,Yes,No,Month-to-month,Yes,Mailed check,55.73,3010.0,Yes
CUST-04909,Female,0,No,Yes,53,Yes,No,Fiber optic,No,No,No,Yes,No,No,Two year,Yes,Mailed check,65.1,3352.46,No
CUST-04910,Male,0,No,No,67,Yes,No,Fiber optic,No,No,No,No,No,No,Month-to-month,No,Electronic check,60.25,4049.71,Yes
CUST-04911,Female,0,Yes,Yes,2,Yes,No,DSL,No,Yes,No,Yes,Yes,No,Month-to-month,No,Mailed check,64.67,32.31,No
CUST-04912,Male,0,No,No,29,Yes,No,Fiber optic,Yes,Yes,Yes,No,Yes,No,One year,No,Bank transfer (automatic),83.32,2453.25,Yes
CUST-04913,Male,0,Yes,Yes,57,Yes,No,Fiber optic,Yes,No,Yes,Yes,No,No,Two year,Yes,Electronic check,70.05,3903.56,No
CUST-04914,Male,0,Yes,No,34,Yes,No,DSL,Yes,Yes,No,No,No,No,Month-to-month,Yes,Mailed check,50.16,1671.59,No
CUST-04915,Male,0,No,No,2,Yes,Yes,No,No internet service,No internet service,No internet service,No internet service,No internet service,No internet service,One year,No,Electronic check,31.84,98.94,No
CUST-04916,Female,0,No,No,31,Yes,No,Fiber optic,No,No,No,No,Yes,Yes,Month-to-month,Yes,Credit card (automatic),70.79,2149.5,Yes
CUST-04917,Male,0,Yes,Yes,44,Yes,Yes,DSL,Yes,No,Yes,Yes,Yes,No,Month-to-month,Yes,Bank transfer (automatic),74.51,3243.44,Yes
CUST-04918,Female,0,Yes,Yes,56,Yes,No,Fiber optic,No,No,Yes,No,No,Yes,Month-to-month,No,Electronic check,68.42,3789.42,Yes
CUST-04919,Male,0,Yes,Yes,54,Yes,Yes,DSL,No,No,No,No,Yes,No,Month-to-month,Yes,Electronic check,49.49,2682.2,No
CUST-04920,Male,0,Yes,Yes,53,Yes,No,No,No internet service,No internet service,No internet service,No internet service,No internet service,No internet service,Month-to-month,No,Mailed check,22.58,1268.4,No
CUST-04921,Male,0,Yes,Yes,46,Yes,No,Fiber optic,Yes,No,No,No,No,No,Two year,No,Electronic check,66.29,3087.25,No
CUST-04922,Male,0,Yes,No,54,No,No phone service,Fiber optic,No,No,No,No,Yes,Yes,Two year,Yes,Mailed check,75.06,3996.32,No
CUST-04923,Female,0,Yes,No,31,Yes,Yes,DSL,Yes,Yes,Yes,Yes,No,No,Month-to-month,Yes,Mailed check,64.64,2014.29,No
CUST-04924,Female,0,No,No,24,Yes,Yes,No,No internet service,No internet service,No internet service,No internet service,No internet service,No internet service,One year,No,Mailed check,34.59,788.92,No
CUST-04925,Female,0,No,No,25,Yes,Yes,DSL,Yes,Yes,No,No,No,Yes,Month-to-month,No,Mailed check,59.6,1598.37,No
CUST-04926,Female,1,No,No,35,Yes,No,Fiber optic,No,No,Yes,No,Yes,No,One year,No,Electronic check,75.04,2674.91,No
CUST-04927,Male,0,No,No,57,Yes,No,Fiber optic,No,Yes,Yes,Yes,No,Yes,Two year,No,Bank transfer (automatic),79.36,4466.22,No
CUST-04928,Female,0,Yes,No,72,Yes,No,Fiber optic,No,Yes,No,No,No,No,Month-to-month,Yes,Bank transfer (automatic),68.84,4978.36,Yes
CUST-04929,Female,0,No,No,69,Yes,Yes,No,No internet service,No internet service,No internet service,No internet service,No internet service,No internet service,Month-to-month,Yes,Bank transfer (automatic),26.18,1890.41,No
CUST-04930,Male,1,No,No,28,No,No phone service,No,No internet service,No internet service,No internet service,No internet service,No internet service,No internet service,Month-to-month,Yes,Electronic check,29.21,878.8,No
CUST-04931,Male,0,Yes,No,33,Yes,Yes,DSL,No,Yes,No,No,No,No,Month-to-month,Yes,Credit card (automatic),57.68,1998.45,No
CUST-04932,Male,0,Yes,No,53,Yes,Yes,Fiber optic,Yes,No,No,Yes,No,Yes,Month-to-month,No,Mailed check,75.78,4089.12,Yes
CUST-04933,Male,1,Yes,No,16,Yes,Yes,DSL,No,No,No,No,No,No,Month-to-month,No,Electronic check,54.0,904.05,Yes
CUST-04934,Female,1,No,No,26,Yes,Yes,Fiber optic,No,No,No,Yes,Yes,No,Month-to-month,Yes,Electronic check,73.02,1909.45,Yes
CUST-04935,Female,0,Yes,No,12,Yes,Yes,Fiber optic,No,No,No,No,No,Yes,Month-to-month,Yes,Bank transfer (automatic),69.81,806.85,Yes
CUST-04936,Male,0,No,No,31,Yes,No,Fiber optic,No,No,No,No,No,No,Two year,Yes,Credit card (automatic),52.9,1679.49,No
CUST-04937,Male,1,Yes,No,27,Yes,Yes,No,No internet service,No internet service,No internet service,No internet service,No internet service,No internet service,Two year,No,Electronic check,39.36,1090.67,No
CUST-04938,Male,0,Yes,No,36,Yes,Yes,Fiber optic,No,No,Yes,No,No,No,Two year,No,Bank transfer (automatic),62.7,2203.04,No
CUST-04939,Female,0,No,No,59,Yes,Yes,Fiber optic,No,No,Yes,Yes,No,No,Two year,Yes,Electronic check,73.07,4384.13,No
CUST-04940,Female,0,No,Yes,3,Yes,No,Fiber optic,No,Yes,Yes,No,No,No,Month-to-month,Yes,Bank transfer (automatic),65.65,157.44,Yes
CUST-04941,Male,0,Yes,No,32,Yes,Yes,DSL,No,No,Yes,Yes,No,No,Two year,Yes,Electronic check,52.71,1723.5,No
CUST-04942,Male,0,No,No,15,Yes,No,Fiber optic,No,No,No,No,No,No,Month-to-month,Yes,Credit card (automatic),57.42,859.39,No
CUST-04943,Female,0,Yes,Yes,66,No,No phone service,DSL,No,No,No,No,Yes,No,Month-to-month,Yes,Electronic check,45.21,2932.24,No
CUST-04944,Male,1,No,No,63,Yes,No,Fiber optic,No,No,No,No,No,Yes,Month-to-month,Yes,Mailed check,65.64,4231.15,Yes
CUST-04945,Male,0,No,No,1,Yes,No,Fiber optic,No,No,No,No,No,No,One year,Yes,Mailed check,53.37,18.0,No
CUST-04946,Female,0,No,No,5,Yes,No,DSL,Yes,Yes,Yes,Yes,Yes,Yes,Two year,Yes,Bank transfer (automatic),73.91,338.09,No
CUST-04947,Male,0,Yes,No,6,Yes,No,DSL,No,No,Yes,No,Yes,No,Month-to-month,Yes,Electronic check,53.84,331.26,Yes
CUST-04948,Female,1,Yes,No,5,Yes,No,Fiber optic,Yes,No,No,No,Yes,Yes,Month-to-month,Yes,Credit card (automatic),76.16,310.77,No
CUST-04949,Male,0,No,No,28,Yes,No,Fiber optic,No,Yes,No,Yes,No,No,Month-to-month,Yes,Electronic check,60.17,1731.38,Yes
CUST-04950,Male,0,Yes,No,69,Yes,No,No,No internet service,No internet service,No internet service,No internet service,No internet service,No internet service,Month-to-month,Yes,Mailed check,31.5,2164.94,No
CUST-04951,Female,0,No,No,44,Yes,No,DSL,No,Yes,Yes,Yes,No,No,Month-to-month,Yes,Mailed check,54.33,2476.14,No
CUST-04952,Female,0,No,Yes,16,Yes,No,Fiber optic,No,No,No,Yes,Yes,No,Month-to-month,No,Electronic check,73.83,1259.69,Yes
CUST-04953,Male,1,Yes,No,71,Yes,No,Fiber optic,Yes,Yes,No,Yes,Yes,No,One year,Yes,Credit card (automatic),80.15,5766.06,No
CUST-04954,Female,0,No,No,22,Yes,Yes,Fiber optic,No,No,No,Yes,No,No,One year,No,Bank transfer (automatic),69.87,1548.13,No
CUST-04955,Male,0,Yes,No,23,Yes,No,Fiber optic,No,No,No,Yes,No,Yes,Month-to-month,Yes,Mailed check,69.23,1471.85,Yes
CUST-04956,Male,0,No,Yes,43,Yes,No,Fiber optic,No,No,Yes,No,No,Yes,Month-to-month,Yes,Bank transfer (automatic),61.4,2726.29,No
CUST-04957,Female,0,No,Yes,68,Yes,No,Fiber optic,No,No,No,Yes,Yes,No,Month-to-month,No,Mailed check,74.64,5078.74,No
CUST-04958,Male,0,No,No,43,Yes,No,Fiber optic,No,No,No,No,No,Yes,Month-to-month,Yes,Bank transfer (automatic),70.51,3091.56,No
CUST-04959,Male,0,Yes,No,26,Yes,No,Fiber optic,No,No,No,No,No,No,Month-to-month,No,Electronic check,56.93,1375.0,Yes
CUST-04960,Female,0,No,No,41,Yes,No,Fiber optic,No,No,No,No,Yes,No,One year,Yes,Credit card (automatic),65.29,2583.58,Yes
CUST-04961,Female,0,No,No,70,Yes,No,Fiber optic,No,Yes,Yes,No,No,Yes,Month-to-month,No,Electronic check,74.15,5207.48,No
CUST-04962,Male,0,Yes,Yes,31,Yes,No,DSL,Yes,Yes,No,Yes,Yes,No,Month-to-month,Yes,Mailed check,65.93,2060.81,No
CUST-04963,Female,0,Yes,No,17,Yes,No,Fiber optic,No,No,Yes,Yes,No,No,Month-to-month,Yes,Credit card (automatic),66.54,1126.02,Yes
CUST-04964,Female,0,Yes,No,9,Yes,No,Fiber optic,No,No,No,No,Yes,Yes,Two year,Yes,Electronic check,75.21,625.29,No
CUST-04965,Female,0,No,No,55,Yes,No,DSL,Yes,No,No,No,No,No,Month-to-month,No,Electronic check,44.42,2463.34,No
CUST-04966,Female,0,No,No,6,Yes,Yes,Fiber optic,No,No,Yes,No,No,Yes,One year,Yes,Bank transfer (automatic),74.27,434.72,No
CUST-04967,Male,0,No,No,70,Yes,Yes,Fiber optic,No,Yes,Yes,Yes,No,Yes,One year,No,Credit card (automatic),87.81,6111.32,No
CUST-04968,Male,1,No,Yes,64,Yes,Yes,DSL,No,Yes,Yes,No,No,No,Two year,No,Credit card (automatic),57.0,3664.88,No
CUST-04969,Male,0,Yes,No,4,No,No phone service,DSL,No,No,No,No,No,No,Month-to-month,No,Electronic check,44.57,125.33,Yes
CUST-04970,Female,0,Yes,No,67,Yes,No,DSL,No,No,Yes,No,Yes,Yes,One year,Yes,Electronic check,59.93,4035.29,No
CUST-04971,Female,1,Yes,No,56,No,No phone service,Fiber optic,Yes,No,No,Yes,No,Yes,Month-to-month,Yes,Bank transfer (automatic),74.76,4196.12,No
CUST-04972,Female,1,Yes,No,18,Yes,Yes,DSL,Yes,No,Yes,No,No,No,Month-to-month,Yes,Electronic check,56.7,953.05,Yes
CUST-04973,Female,1,No,No,32,Yes,Yes,Fiber optic,Yes,No,Yes,No,Yes,No,Two year,Yes,Electronic check,81.27,2634.08,No
CUST-04974,Female,0,No,Yes,48,Yes,Yes,Fiber optic,No,Yes,Yes,No,Yes,No,Two year,No,Mailed check,81.19,3846.45,No
CUST-04975,Female,0,No,No,29,Yes,Yes,Fiber optic,No,No,No,Yes,No,No,Month-to-month,Yes,Electronic check,66.04,1890.97,Yes
CUST-04976,Female,0,Yes,No,32,Yes,No,No,No internet service,No internet service,No internet service,No internet service,No internet service,No internet service,One year,No,Electronic check,28.78,853.17,No
CUST-04977,Male,0,No,No,25,Yes,No,No,No internet service,No internet service,No internet service,No internet service,No internet service,No internet service,Two year,No,Electronic check,28.37,665.12,No
CUST-04978,Male,0,No,Yes,63,Yes,No,Fiber optic,No,Yes,No,Yes,No,No,Month-to-month,Yes,Credit card (automatic),61.2,3842.8,Yes
CUST-04979,Female,1,No,No,9,Yes,No,DSL,No,Yes,No,No,No,No,Two year,Yes,Mailed check,40.76,378.92,No
CUST-04980,Female,0,No,No,71,Yes,No,DSL,No,Yes,No,No,No,Yes,Month-to-month,Yes,Credit card (automatic),57.34,3977.56,No
CUST-04981,Female,0,Yes,Yes,14,Yes,Yes,No,No internet service,No internet service,No internet service,No internet service,No internet service,No internet service,Two year,Yes,Mailed check,25.96,311.44,No
CUST-04982,Male,1,No,Yes,20,Yes,No,DSL,No,No,No,No,No,No,Month-to-month,Yes,Credit card (automatic),41.5,800.58,Yes
CUST-04983,Male,0,No,No,10,Yes,No,No,No internet service,No internet service,No internet service,No internet service,No internet service,No internet service,Month-to-month,Yes,Electronic check,25.19,202.25,Yes
CUST-04984,Female,0,No,No,11,Yes,No,Fiber optic,No,No,Yes,No,No,No,One year,Yes,Electronic check,59.45,693.05,No
CUST-04985,Female,0,Yes,No,39,No,No phone service,DSL,Yes,Yes,Yes,No,No,Yes,Two year,Yes,Mailed check,66.92,2640.54,No
CUST-04986,Male,0,Yes,Yes,19,Yes,Yes,No,No internet service,No internet service,No internet service,No internet service,No internet service,No internet service,Month-to-month,No,Electronic check,35.25,608.32,No
CUST-04987,Male,0,Yes,No,19,Yes,No,No,No internet service,No internet service,No internet service,No internet service,No internet service,No internet service,One year,Yes,Mailed check,29.99,492.33,No
CUST-04988,Male,1,No,No,43,Yes,Yes,Fiber optic,No,No,No,No,No,No,Two year,Yes,Bank transfer (automatic),62.68,2726.74,No
CUST-04989,Male,1,No,No,61,Yes,No,Fiber optic,No,No,No,Yes,No,No,Month-to-month,Yes,Electronic check,58.78,3687.87,Yes
CUST-04990,Female,1,Yes,Yes,70,Yes,No,Fiber optic,No,No,No,No,No,No,Month-to-month,No,Mailed check,47.23,3379.09,Yes
CUST-04991,Male,0,No,No,72,Yes,Yes,Fiber optic,No,No,No,No,No,Yes,Month-to-month,Yes,Credit card (automatic),74.61,5370.68,No
CUST-04992,Male,1,Yes,Yes,65,Yes,Yes,Fiber optic,No,Yes,Yes,Yes,Yes,Yes,Two year,Yes,Mailed check,96.16,6236.62,No
CUST-04993,Female,0,Yes,Yes,23,Yes,No,Fiber optic,No,No,No,No,No,No,One year,Yes,Mailed check,50.6,1198.94,Yes
CUST-04994,Male,0,No,No,60,Yes,No,DSL,Yes,No,Yes,No,No,No,Two year,No,Bank transfer (automatic),51.13,3063.29,No
CUST-04995,Male,0,No,No,10,Yes,No,DSL,No,Yes,Yes,Yes,No,No,Month-to-month,Yes,Credit card (automatic),52.21,504.81,Yes
CUST-04996,Male,0,Yes,No,63,Yes,Yes,DSL,No,No,No,Yes,No,No,Month-to-month,Yes,Credit card (automatic),57.79,3695.03,No
CUST-04997,Female,0,Yes,Yes,2,Yes,No,Fiber optic,Yes,No,No,No,No,Yes,One year,Yes,Electronic check,65.74,67.34,Yes
CUST-04998,Male,0,No,No,36,Yes,Yes,Fiber optic,No,No,No,No,Yes,Yes,Two year,No,Electronic check,71.38,2537.92,No
CUST-04999,Female,0,Yes,No,57,Yes,Yes,DSL,Yes,No,No,Yes,No,No,Month-to-month,No,Electronic check,65.09,3760.73,No
CUST-05000,Female,0,No,No,66,Yes,No,Fiber optic,Yes,No,Yes,No,Yes,Yes,Month-to-month,No,Credit card (automatic),89.84,5918.73,No
CUST-05001,Male,0,No,Yes,20,Yes,No,DSL,No,Yes,No,No,No,Yes,Month-to-month,Yes,Mailed check,52.13,1008.25,Yes
CUST-05002,Male,0,Yes,Yes,42,Yes,No,Fiber optic,No,Yes,Yes,No,Yes,Yes,Month-to-month,Yes,Bank transfer (automatic),74.07,3021.77,Yes
CUST-05003,Male,0,Yes,Yes,21,Yes,Yes,No,No internet service,No internet service,No internet service,No internet service,No internet service,No internet service,One year,Yes,Bank transfer (automatic),29.89,622.4,No
CUST-05004,Male,0,No,No,66,Yes,No,No,No internet service,No internet service,No internet service,No internet service,No internet service,No internet service,Month-to-month,Yes,Bank transfer (automatic),23.53,1588.43,No
CUST-05005,Female,0,No,No,38,Yes,No,No,No internet service,No internet service,No internet service,No internet service,No internet service,No internet service,Month-to-month,No,Electronic check,18.0,583.01,No
CUST-05006,Male,0,No,No,69,Yes,No,Fiber optic,Yes,No,No,No,Yes,Yes,Month-to-month,Yes,Mailed check,77.96,5397.44,No
CUST-05007,Male,0,Yes,No,24,Yes,No,Fiber optic,No,No,No,Yes,No,Yes,Month-to-month,No,Mailed check,71.26,1793.42,Yes
CUST-05008,Male,0,No,No,26,Yes,No,No,No internet service,No internet service,No internet service,No internet service,No internet service,No internet service,Month-to-month,No,Bank transfer (automatic),27.85,770.28,Yes
CUST-05009,Female,1,Yes,No,2,Yes,Yes,DSL,No,No,No,No,No,Yes,Two year,Yes,Credit card (automatic),56.02,100.91,No
CUST-05010,Male,0,No,No,46,Yes,No,No,No internet service,No internet service,No internet service,No internet service,No internet service,No internet service,One year,Yes,Electronic check,29.12,1374.08,No
CUST-05011,Male,0,No,Yes,34,Yes,Yes,Fiber optic,No,Yes,Yes,No,Yes,No,One year,No,Electronic check,79.29,2717.71,Yes
CUST-05012,Female,0,Yes,No,62,Yes,No,Fiber optic,Yes,Yes,No,Yes,No,No,Month-to-month,No,Bank transfer (automatic),62.43,3817.95,Yes
CUST-05013,Female,0,No,No,41,No,No phone service,Fiber optic,No,Yes,No,No,No,Yes,One year,Yes,Credit card (automatic),66.71,2800.29,No
CUST-05014,Male,0,Yes,No,15,Yes,No,Fiber optic,No,No,Yes,Yes,Yes,No,One year,No,Electronic check,77.72,1249.36,No
CUST-05015,Male,0,No,Yes,55,Yes,No,No,No internet service,No internet service,No internet service,No internet service,No internet service,No internet service,One year,No,Mailed check,22.3,1231.26,No
CUST-05016,Male,0,Yes,Yes,3,Yes,No,DSL,Yes,Yes,No,No,No,Yes,Two year,No,Mailed check,53.05,170.2,Yes
CUST-05017,Male,1,No,No,38,Yes,No,Fiber optic,No,Yes,No,Yes,Yes,Yes,Month-to-month,No,Bank transfer (automatic),78.58,3031.06,Yes
CUST-05018,Male,0,Yes,Yes,51,Yes,No,Fiber optic,No,No,Yes,Yes,No,Yes,Month-to-month,Yes,Mailed check,69.45,3587.92,No
CUST-05019,Female,0,No,No,17,Yes,Yes,Fiber optic,No,Yes,Yes,No,Yes,Yes,One year,Yes,Bank transfer (automatic),83.13,1433.96,No
CUST-05020,Female,0,No,Yes,49,Yes,Yes,Fiber optic,No,Yes,No,No,No,No,Two year,Yes,Mailed check,64.27,3067.95,No
CUST-05021,Male,0,No,Yes,21,Yes,No,No,No internet service,No internet service,No internet service,No internet service,No internet service,No internet service,One year,No,Electronic check,25.29,437.3,No
CUST-05022,Male,1,No,Yes,24,No,No phone service,Fiber optic,No,Yes,Yes,No,No,No,Month-to-month,Yes,Mailed check,63.34,1536.78,Yes
CUST-05023,Female,0,Yes,Yes,40,Yes,Yes,Fiber optic,No,Yes,No,No,Yes,No,Month-to-month,Yes,Electronic check,75.96,3040.76,No
CUST-05024,Male,0,Yes,Yes,20,No,No phone service,Fiber optic,Yes,No,Yes,No,Yes,Yes,Month-to-month,Yes,Electronic check,89.28,1790.16,Yes
CUST-05025,Male,0,Yes,No,35,Yes,No,Fiber optic,No,No,No,No,No,No,One year,Yes,Bank transfer (automatic),55.12,1949.61,No
CUST-05026,Male,0,No,No,48,Yes,No,Fiber optic,No,No,No,No,No,No,Month-to-month,Yes,Mailed check,50.85,2395.48,Yes
CUST-05027,Male,1,Yes,No,33,Yes,No,No,No internet service,No internet service,No internet service,No internet service,No internet service,No internet service,Two year,Yes,Credit card (automatic),23.37,747.66,No
CUST-05028,Male,0,Yes,Yes,56,No,No phone service,DSL,No,No,No,No,Yes,No,Month-to-month,No,Electronic check,51.16,2938.08,No
CUST-05029,Female,1,Yes,No,41,No,No phone service,DSL,No,Yes,Yes,No,Yes,No,Month-to-month,Yes,Bank transfer (automatic),51.91,2111.22,No
CUST-05030,Male,1,No,No,54,Yes,No,Fiber optic,No,No,No,Yes,No,Yes,One year,Yes,Bank transfer (automatic),75.08,3986.04,Yes
CUST-05031,Male,0,Yes,Yes,44,Yes,Yes,Fiber optic,No,Yes,No,No,Yes,No,Two year,Yes,Bank transfer (automatic),66.68,2887.85,No
CUST-05032,Male,0,Yes,No,72,No,No phone service,Fiber optic,No,No,No,No,No,No,Month-to-month,Yes,Mailed check,57.15,4160.78,Yes
CUST-05033,Female,0,Yes,Yes,11,Yes,No,No,No internet service,No internet service,No internet service,No internet service,No internet service,No internet service,Month-to-month,No,Mailed check,23.53,339.37,Yes
CUST-05034,Female,1,No,No,14,Yes,No,DSL,No,No,Yes,Yes,No,No,Month-to-month,Yes,Bank transfer (automatic),50.69,686.41,Yes
CUST-05035,Female,0,No,Yes,42,Yes,No,Fiber optic,Yes,No,Yes,Yes,No,Yes,One year,Yes,Credit card (automatic),77.28,3253.2,No
CUST-05036,Female,0,Yes,No,12,Yes,No,No,No internet service,No internet service,No internet service,No internet service,No internet service,No internet service,Two year,No,Electronic check,21.98,330.62,No
CUST-05037,Male,0,No,No,17,Yes,No,No,No internet service,No internet service,No internet service,No internet service,No internet service,No internet service,One year,Yes,Electronic check,25.01,413.77,No
CUST-05038,Female,0,Yes,No,25,Yes,Yes,Fiber optic,Yes,Yes,No,No,Yes,No,Month-to-month,Yes,Mailed check,76.91,1877.36,Yes
CUST-05039,Male,0,Yes,No,26,Yes,No,Fiber optic,No,No,No,No,No,No,One year,Yes,Bank transfer (automatic),52.04,1415.45,No
CUST-05040,Male,0,Yes,No,47,Yes,Yes,No,No internet service,No internet service,No internet service,No internet service,No internet service,No internet service,Month-to-month,Yes,Credit card (automatic),34.04,1671.36,No
CUST-05041,Female,1,No,No,25,Yes,No,No,No internet service,No internet service,No internet service,No internet service,No internet service,No internet service,Month-to-month,Yes,Bank transfer (automatic),30.76,676.26,No
CUST-05042,Female,0,No,No,60,Yes,No,Fiber optic,No,No,Yes,No,Yes,Yes,Two year,No,Electronic check,76.02,4553.13,No
CUST-05043,Female,0,Yes,No,60,Yes,No,Fiber optic,No,No,No,No,No,Yes,Two year,Yes,Electronic check,62.82,3762.49,No
CUST-05044,Female,0,No,No,27,No,No phone service,DSL,No,No,No,Yes,Yes,No,Two year,Yes,Mailed check,56.89,1534.79,No
CUST-05045,Female,0,Yes,No,43,Yes,Yes,Fiber optic,No,No,Yes,No,No,No,One year,Yes,Bank transfer (automatic),62.56,2708.38,Yes
CUST-05046,Male,0,No,Yes,20,Yes,No,Fiber optic,No,No,Yes,No,No,Yes,Month-to-month,Yes,Mailed check,71.24,1441.3,Yes
CUST-05047,Female,0,No,No,63,Yes,Yes,DSL,No,Yes,No,Yes,Yes,Yes,Month-to-month,No,Mailed check,76.11,4801.48,No
CUST-05048,Female,0,No,Yes,25,Yes,Yes,No,No internet service,No internet service,No internet service,No internet service,No internet service,No internet service,Month-to-month,Yes,Electronic check,34.06,851.95,No
CUST-05049,Female,1,No,No,27,Yes,No,Fiber optic,No,No,Yes,No,Yes,No,Two year,Yes,Bank transfer (automatic),68.19,1891.0,Yes
CUST-05050,Male,0,No,Yes,52,Yes,No,Fiber optic,No,Yes,No,No,Yes,Yes,Month-to-month,Yes,Bank transfer (automatic),79.27,4108.18,No
CUST-05051,Female,0,No,No,10,Yes,No,DSL,Yes,No,Yes,No,No,Yes,Month-to-month,No,Credit card (automatic),56.89,490.34,Yes
CUST-05052,Male,0,No,Yes,50,Yes,Yes,DSL,No,No,No,Yes,Yes,No,Month-to-month,Yes,Bank transfer (automatic),61.03,3054.83,Yes
CUST-05053,Female,0,Yes,Yes,30,Yes,No,DSL,No,No,Yes,No,Yes,Yes,Month-to-month,No,Mailed check,63.91,1889.37,Yes
CUST-05054,Female,1,Yes,Yes,1,Yes,Yes,Fiber optic,No,No,No,Yes,No,No,Month-to-month,Yes,Credit card (automatic),65.63,103.93,No
CUST-05055,Male,0,Yes,No,54,Yes,Yes,DSL,No,Yes,Yes,Yes,No,No,One year,Yes,Electronic check,54.38,2908.49,No
CUST-05056,Female,0,No,Yes,4,Yes,No,DSL,Yes,Yes,No,No,No,No,Two year,Yes,Electronic check,57.53,236.88,No
CUST-05057,Male,0,Yes,No,7,Yes,Yes,No,No internet service,No internet service,No internet service,No internet service,No internet service,No internet service,One year,No,Bank transfer (automatic),30.91,198.47,No
CUST-05058,Male,0,No,No,30,Yes,Yes,DSL,No,Yes,No,No,No,Yes,Month-to-month,No,Mailed check,57.97,1766.41,No
CUST-05059,Male,0,No,No,65,Yes,No,No,No internet service,No internet service,No internet service,No internet service,No internet service,No internet service,Month-to-month,No,Bank transfer (automatic),18.21,1202.35,No
CUST-05060,Female,0,No,Yes,29,Yes,Yes,DSL,No,No,No,Yes,Yes,No,One year,No,Credit card (automatic),60.05,1634.57,No
CUST-05061,Female,0,Yes,No,25,Yes,Yes,No,No internet service,No internet service,No internet service,No internet service,No internet service,No internet service,Two year,Yes,Credit card (automatic),29.18,717.99,No
CUST-05062,Female,0,No,No,40,Yes,No,Fiber optic,No,No,Yes,No,No,Yes,One year,Yes,Credit card (automatic),73.46,2864.99,No
CUST-05063,Male,0,Yes,Yes,26,Yes,No,DSL,No,No,No,No,No,No,Month-to-month,No,Mailed check,37.6,1002.16,No
CUST-05064,Female,0,No,No,17,Yes,No,No,No internet service,No internet service,No internet service,No internet service,No internet service,No internet service,Month-to-month,Yes,Bank transfer (automatic),24.86,473.73,Yes
CUST-05065,Male,0,No,No,31,Yes,Yes,DSL,No,No,No,No,No,No,One year,No,Bank transfer (automatic),45.62,1422.2,No
CUST-05066,Female,0,Yes,No,61,Yes,No,Fiber optic,Yes,No,Yes,No,Yes,No,One year,No,Electronic check,75.43,4602.73,Yes
CUST-05067,Male,0,No,Yes,8,Yes,No,Fiber optic,Yes,Yes,No,No,No,No,Month-to-month,Yes,Mailed check,71.43,616.84,Yes
CUST-05068,Male,0,Yes,No,69,Yes,Yes,DSL,No,No,No,Yes,No,Yes,One year,No,Mailed check,54.69,3731.96,No
CUST-05069,Male,0,No,No,1,Yes,No,DSL,No,No,No,Yes,No,Yes,Two year,No,Bank transfer (automatic),50.54,53.09,No
CUST-05070,Female,0,Yes,Yes,71,Yes,No,DSL,No,No,No,Yes,Yes,Yes,Month-to-month,Yes,Bank transfer (automatic),65.94,4730.87,Yes
CUST-05071,Male,0,No,No,46,Yes,No,No,No internet service,No internet service,No internet service,No internet service,No internet service,No internet service,One year,No,Credit card (automatic),27.66,1212.66,No
CUST-05072,Male,0,Yes,No,20,Yes,No,Fiber optic,Yes,No,No,No,No,Yes,Month-to-month,Yes,Electronic check,70.05,1393.62,Yes
CUST-05073,Male,0,No,No,40,Yes,No,DSL,No,No,No,No,Yes,No,One year,Yes,Bank transfer (automatic),44.02,1792.44,No
CUST-05074,Male,0,Yes,No,2,Yes,No,DSL,Yes,No,No,No,No,Yes,One year,Yes,Bank transfer (automatic),58.4,171.75,No
CUST-05075,Male,1,Yes,No,61,No,No phone service,DSL,No,No,Yes,No,Yes,No,Two year,Yes,Electronic check,58.02,3543.32,No
CUST-05076,Male,0,No,No,71,Yes,Yes,DSL,No,Yes,No,Yes,Yes,Yes,Month-to-month,Yes,Bank transfer (automatic),74.86,5236.22,No
CUST-05077,Female,0,Yes,No,30,Yes,Yes,Fiber optic,No,Yes,No,No,No,No,Month-to-month,Yes,Bank transfer (automatic),63.69,1911.56,Yes
CUST-05078,Female,0,No,No,30,Yes,No,No,No internet service,No internet service,No internet service,No internet service,No internet service,No internet service,Month-to-month,Yes,Electronic check,28.17,826.8,No
CUST-05079,Male,0,Yes,No,45,Yes,No,DSL,No,No,No,No,Yes,Yes,One year,No,Credit card (automatic),63.61,2886.19,No
CUST-05080,Female,0,Yes,No,24,Yes,Yes,Fiber optic,Yes,Yes,No,No,No,Yes,Month-to-month,Yes,Mailed check,79.38,1946.29,Yes
CUST-05081,Female,0,No,No,56,Yes,No,Fiber optic,No,No,No,No,No,No,Month-to-month,No,Electronic check,55.35,3048.09,Yes
CUST-05082,Male,0,No,No,61,Yes,Yes,DSL,Yes,No,Yes,No,No,No,Two year,No,Mailed check,57.31,3554.13,No
CUST-05083,Male,1,No,No,13,Yes,No,DSL,No,No,No,No,Yes,No,Month-to-month,Yes,Mailed check,46.63,555.18,Yes
CUST-05084,Male,0,No,No,56,Yes,No,DSL,No,Yes,No,Yes,No,No,Month-to-month,Yes,Electronic check,54.08,3046.85,Yes
CUST-05085,Female,0,Yes,No,15,Yes,No,No,No internet service,No internet service,No internet service,No internet service,No internet service,No internet service,Month-to-month,No,Electronic check,26.13,256.13,No
CUST-05086,Male,0,Yes,Yes,11,Yes,Yes,Fiber optic,No,No,No,No,Yes,Yes,One year,No,Bank transfer (automatic),79.17,963.36,Yes
CUST-05087,Female,0,Yes,No,12,No,No phone service,DSL,No,No,Yes,Yes,No,Yes,Month-to-month,Yes,Electronic check,63.26,730.07,No
CUST-05088,Male,0,No,No,3,Yes,No,No,No internet service,No internet service,No internet service,No internet service,No internet service,No internet service,Month-to-month,Yes,Bank transfer (automatic),26.21,150.31,No
CUST-05089,Female,0,No,No,24,Yes,No,No,No internet service,No internet service,No internet service,No internet service,No internet service,No internet service,Month-to-month,Yes,Electronic check,28.39,681.26,No
CUST-05090,Male,0,Yes,Yes,9,Yes,Yes,Fiber optic,Yes,No,Yes,Yes,No,Yes,Month-to-month,Yes,Electronic check,84.69,823.88,Yes
CUST-05091,Male,0,Yes,No,46,Yes,No,Fiber optic,No,No,No,No,Yes,No,One year,No,Bank transfer (automatic),54.27,2512.05,Yes
CUST-05092,Female,0,Yes,No,71,Yes,No,Fiber optic,No,No,Yes,No,No,No,Two year,No,Electronic check,65.46,4676.46,No
CUST-05093,Female,1,No,Yes,60,Yes,Yes,DSL,Yes,No,No,No,Yes,No,Month-to-month,No,Credit card (automatic),59.19,3678.25,Yes
CUST-05094,Female,0,No,No,11,Yes,Yes,No,No internet service,No internet service,No internet service,No internet service,No internet service,No internet service,One year,Yes,Electronic check,33.32,422.76,No
CUST-05095,Female,1,Yes,No,10,Yes,No,Fiber optic,No,No,No,No,Yes,No,Month-to-month,No,Electronic check,63.59,552.77,No
CUST-05096,Female,0,No,No,3,Yes,Yes,Fiber optic,No,No,No,No,Yes,Yes,Month-to-month,No,Bank transfer (automatic),87.57,215.71,Yes
CUST-05097,Female,0,Yes,No,19,Yes,Yes,DSL,No,No,No,No,No,Yes,Month-to-month,No,Electronic check,50.67,976.01,Yes
CUST-05098,Male,0,No,No,2,Yes,No,Fiber optic,Yes,Yes,No,Yes,No,Yes,Month-to-month,Yes,Mailed check,78.02,201.2,Yes
CUST-05099,Female,0,No,No,17,Yes,No,Fiber optic,No,No,No,No,No,No,Two year,Yes,Electronic check,52.12,873.84,Yes
CUST-05100,Male,1,Yes,No,2,Yes,No,DSL,No,Yes,No,No,No,Yes,Month-to-month,Yes,Electronic check,49.88,86.37,Yes
CUST-05101,Male,0,No,Yes,53,Yes,Yes,DSL,No,No,No,Yes,No,No,Month-to-month,No,Electronic check,55.01,2952.35,No
CUST-05102,Female,1,No,Yes,16,Yes,No,Fiber optic,Yes,Yes,Yes,No,No,No,One year,No,Credit card (automatic),74.79,1161.74,No
CUST-05103,Male,0,Yes,No,10,Yes,No,Fiber optic,No,No,No,Yes,Yes,Yes,Month-to-month,Yes,Bank transfer (automatic),75.98,697.25,No
CUST-05104,Female,0,No,No,68,Yes,Yes,DSL,No,No,No,No,Yes,Yes,Two year,Yes,Credit card (automatic),67.93,4627.97,No
CUST-05105,Female,0,Yes,No,43,Yes,No,DSL,No,No,No,Yes,No,Yes,Month-to-month,Yes,Credit card (automatic),48.89,2171.75,Yes
CUST-05106,Male,0,No,No,58,Yes,No,No,No internet service,No internet service,No internet service,No internet service,No internet service,No internet service,One year,No,Mailed check,23.74,1311.12,No
CUST-05107,Male,0,Yes,Yes,60,Yes,Yes,DSL,Yes,No,No,No,No,No,Two year,No,Credit card (automatic),44.56,2776.75,No
CUST-05108,Female,0,Yes,No,24,Yes,Yes,DSL,Yes,Yes,No,No,No,No,Two year,No,Electronic check,60.63,1491.43,Yes
CUST-05109,Female,0,No,Yes,16,Yes,No,Fiber optic,Yes,No,Yes,No,No,No,One year,No,Electronic check,70.61,1201.82,Yes
CUST-05110,Male,0,No,No,9,No,No phone service,DSL,Yes,No,Yes,No,No,Yes,Month-to-month,Yes,Mailed check,50.94,507.12,Yes
CUST-05111,Male,1,Yes,Yes,6,Yes,No,Fiber optic,Yes,No,No,No,No,Yes,Month-to-month,Yes,Electronic check,73.08,406.57,Yes
CUST-05112,Male,0,No,No,65,Yes,No,Fiber optic,No,Yes,No,No,Yes,Yes,Month-to-month,Yes,Credit card (automatic),79.58,5176.92,Yes
CUST-05113,Male,1,Yes,Yes,24,Yes,No,DSL,No,Yes,No,Yes,Yes,No,Month-to-month,No,Mailed check,61.55,1531.56,No
CUST-05114,Female,0,Yes,No,10,Yes,Yes,DSL,No,Yes,No,No,Yes,No,Two year,Yes,Credit card (automatic),64.17,665.83,Yes
CUST-05115,Female,0,No,No,27,Yes,No,DSL,No,No,No,No,Yes,No,Month-to-month,No,Electronic check,51.3,1358.74,Yes
CUST-05116,Female,1,Yes,Yes,3,Yes,No,Fiber optic,No,No,No,No,No,Yes,One year,Yes,Bank transfer (automatic),68.45,300.7,Yes
CUST-05117,Female,0,Yes,Yes,38,Yes,Yes,Fiber optic,Yes,No,Yes,Yes,No,No,Two year,Yes,Electronic check,78.78,3003.18,No
CUST-05118,Male,1,No,Yes,17,No,No phone service,Fiber optic,Yes,No,No,No,Yes,Yes,Month-to-month,Yes,Mailed check,78.11,1230.93,Yes
CUST-05119,Male,0,Yes,No,48,No,No phone service,Fiber optic,Yes,No,No,Yes,No,Yes,Month-to-month,Yes,Credit card (automatic),77.96,3671.49,Yes
CUST-05120,Female,0,No,No,49,Yes,Yes,DSL,No,Yes,Yes,No,No,No,Month-to-month,No,Electronic check,50.46,2497.26,Yes
CUST-05121,Female,0,Yes,No,43,Yes,Yes,No,No internet service,No internet service,No internet service,No internet service,No internet service,No internet service,Month-to-month,No,Mailed check,29.5,1297.84,No
CUST-05122,Female,0,No,Yes,7,Yes,Yes,Fiber optic,Yes,No,No,No,Yes,No,Two year,Yes,Mailed check,80.16,528.33,Yes
CUST-05123,Female,0,Yes,No,68,Yes,No,Fiber optic,Yes,No,No,Yes,No,No,One year,Yes,Bank transfer (automatic),69.5,4653.74,No
CUST-05124,Female,0,Yes,No,21,Yes,No,DSL,No,No,Yes,Yes,Yes,No,Two year,Yes,Credit card (automatic),60.98,1266.4,No
CUST-05125,Female,0,No,No,25,Yes,Yes,DSL,No,Yes,Yes,No,No,Yes,Two year,No,Electronic check,59.92,1594.59,Yes
CUST-05126,Female,1,No,No,61,No,No phone service,No,No internet service,No internet service,No internet service,No internet service,No internet service,No internet service,Two year,No,Mailed check,33.65,2047.91,Yes
CUST-05127,Female,0,No,Yes,28,Yes,Yes,Fiber optic,No,No,No,No,Yes,Yes,Month-to-month,No,Electronic check,86.68,2348.0,Yes
CUST-05128,Female,0,Yes,No,52,Yes,No,Fiber optic,Yes,Yes,No,Yes,Yes,No,Month-to-month,Yes,Electronic check,82.79,4240.83,Yes
CUST-05129,Male,0,No,No,13,Yes,Yes,DSL,No,No,No,No,No,No,One year,Yes,Mailed check,47.07,559.7,Yes
CUST-05130,Female,0,Yes,No,34,Yes,Yes,Fiber optic,No,No,No,No,Yes,Yes,One year,Yes,Electronic check,77.92,2651.72,No
CUST-05131,Male,1,No,Yes,67,Yes,No,No,No internet service,No internet service,No internet service,No internet service,No internet service,No internet service,Month-to-month,No,Electronic check,24.59,1640.82,No
CUST-05132,Male,0,No,No,4,Yes,No,No,No internet service,No internet service,No internet service,No internet service,No internet service,No internet service,Month-to-month,No,Electronic check,24.56,52.84,No
CUST-05133,Female,0,Yes,No,44,Yes,No,Fiber optic,No,Yes,No,No,Yes,No,Month-to-month,No,Mailed check,71.2,3176.63,No
CUST-05134,Female,0,No,No,15,Yes,No,Fiber optic,Yes,Yes,No,Yes,No,No,Two year,Yes,Electronic check,69.75,1029.57,No
CUST-05135,Male,0,Yes,No,8,Yes,No,No,No internet service,No internet service,No internet service,No internet service,No internet service,No internet service,One year,No,Mailed check,29.85,276.64,No
CUST-05136,Male,1,No,No,5,Yes,No,No,No internet service,No internet service,No internet service,No internet service,No internet service,No internet service,Month-to-month,No,Credit card (automatic),18.0,103.46,Yes
CUST-05137,Female,0,No,No,66,Yes,Yes,No,No internet service,No internet service,No internet service,No internet service,No internet service,No internet service,Month-to-month,No,Credit card (automatic),39.01,2517.86,No
CUST-05138,Male,1,Yes,Yes,46,Yes,No,No,No internet service,No internet service,No internet service,No internet service,No internet service,No internet service,Two year,Yes,Mailed check,24.01,1091.18,No
CUST-05139,Female,0,No,No,65,Yes,Yes,Fiber optic,No,No,No,No,No,No,Month-to-month,No,Credit card (automatic),52.32,3357.78,No
CUST-05140,Female,1,Yes,Yes,66,Yes,Yes,Fiber optic,No,No,Yes,Yes,Yes,Yes,One year,Yes,Bank transfer (automatic),91.55,6052.39,No
CUST-05141,Female,0,No,Yes,26,Yes,No,Fiber optic,Yes,No,Yes,Yes,Yes,No,Two year,Yes,Electronic check,77.51,1935.88,No
CUST-05142,Male,1,Yes,No,31,Yes,No,Fiber optic,Yes,No,No,Yes,No,Yes,Month-to-month,Yes,Bank transfer (automatic),65.46,2121.68,Yes
CUST-05143,Male,1,No,No,51,Yes,Yes,Fiber optic,Yes,No,Yes,No,No,Yes,Month-to-month,No,Bank transfer (automatic),83.25,4296.06,No
CUST-05144,Female,1,Yes,No,41,Yes,No,DSL,No,No,No,No,No,No,Month-to-month,Yes,Credit card (automatic),30.44,1141.91,No
CUST-05145,Male,0,Yes,Yes,51,Yes,Yes,DSL,No,No,No,Yes,Yes,No,Month-to-month,Yes,Mailed check,60.84,3058.87,No
CUST-05146,Male,0,No,No,19,Yes,No,DSL,No,No,No,No,No,Yes,Month-to-month,No,Bank transfer (automatic),53.42,888.85,No
CUST-05147,Male,0,Yes,Yes,3,Yes,No,Fiber optic,No,Yes,No,No,No,Yes,One year,Yes,Mailed check,69.16,212.67,Yes
CUST-05148,Male,0,Yes,No,38,Yes,No,DSL,No,Yes,Yes,No,No,No,One year,Yes,Electronic check,50.18,1801.51,No
CUST-05149,Male,0,No,No,70,Yes,No,Fiber optic,No,No,No,No,No,Yes,Two year,No,Bank transfer (automatic),68.12,4842.58,No
CUST-05150,Male,0,No,No,45,Yes,No,No,No internet service,No internet service,No internet service,No internet service,No internet service,No internet service,Month-to-month,Yes,Credit card (automatic),20.59,940.09,No
CUST-05151,Male,0,No,No,71,Yes,No,No,No internet service,No internet service,No internet service,No internet service,No internet service,No internet service,Month-to-month,No,Electronic check,22.12,1569.32,No
CUST-05152,Female,0,Yes,No,41,Yes,Yes,Fiber optic,No,Yes,Yes,No,No,No,Month-to-month,No,Electronic check,68.9,2804.01,No
CUST-05153,Male,0,No,No,25,No,No phone service,Fiber optic,No,Yes,Yes,No,No,No,One year,No,Mailed check,59.9,1403.38,Yes
CUST-05154,Male,0,Yes,Yes,50,Yes,No,No,No internet service,No internet service,No internet service,No internet service,No internet service,No internet service,Two year,Yes,Credit card (automatic),19.57,937.97,No
CUST-05155,Male,0,No,No,1,Yes,No,No,No internet service,No internet service,No internet service,No internet service,No internet service,No internet service,Month-to-month,Yes,Bank transfer (automatic),26.77,33.94,No
CUST-05156,Male,0,No,No,54,No,No phone service,Fiber optic,No,Yes,Yes,No,Yes,Yes,Month-to-month,Yes,Mailed check,81.95,4352.09,Yes
CUST-05157,Male,0,No,No,13,Yes,No,Fiber optic,No,No,No,Yes,No,No,One year,Yes,Credit card (automatic),60.35,753.92,No
CUST-05158,Male,0,Yes,No,40,Yes,No,Fiber optic,No,No,No,No,Yes,No,Month-to-month,Yes,Electronic check,60.37,2330.61,Yes
CUST-05159,Male,1,No,No,21,Yes,Yes,DSL,No,Yes,No,No,Yes,No,Month-to-month,No,Credit card (automatic),60.08,1286.37,No
CUST-05160,Male,1,No,No,41,Yes,No,No,No internet service,No internet service,No internet service,No internet service,No internet service,No internet service,One year,Yes,Credit card (automatic),18.0,799.81,No
CUST-05161,Female,1,No,Yes,61,Yes,No,DSL,Yes,Yes,Yes,No,Yes,Yes,Two year,Yes,Credit card (automatic),79.03,4673.3,No
CUST-05162,Male,1,Yes,No,33,Yes,No,Fiber optic,Yes,Yes,No,Yes,No,Yes,One year,No,Electronic check,83.04,2792.36,Yes
CUST-05163,Male,0,No,No,29,Yes,Yes,DSL,No,No,Yes,Yes,Yes,Yes,One year,Yes,Mailed check,73.64,2094.12,No
CUST-05164,Male,0,No,No,55,Yes,Yes,DSL,No,No,No,No,Yes,No,One year,Yes,Mailed check,57.32,3121.48,Yes
CUST-05165,Male,0,Yes,Yes,32,Yes,No,Fiber optic,No,Yes,No,No,No,No,Month-to-month,Yes,Electronic check,59.27,1879.57,Yes
CUST-05166,Female,0,Yes,Yes,11,Yes,Yes,Fiber optic,Yes,No,Yes,No,No,No,One year,No,Electronic check,69.5,683.96,No
CUST-05167,Female,0,Yes,No,52,No,No phone service,DSL,No,No,Yes,No,No,Yes,Month-to-month,Yes,Electronic check,48.09,2479.91,Yes
CUST-05168,Female,0,Yes,No,36,Yes,Yes,DSL,No,No,Yes,No,No,No,One year,No,Bank transfer (automatic),47.35,1811.64,No
CUST-05169,Female,0,Yes,No,31,Yes,Yes,No,No internet service,No internet service,No internet service,No internet service,No internet service,No internet service,Two year,Yes,Credit card (automatic),26.19,830.53,No
CUST-05170,Female,0,Yes,No,14,Yes,Yes,Fiber optic,No,No,No,No,Yes,No,Month-to-month,No,Electronic check,63.14,931.08,Yes
CUST-05171,Female,0,No,No,63,Yes,No,Fiber optic,No,Yes,No,No,No,Yes,Month-to-month,Yes,Bank transfer (automatic),61.59,3943.0,Yes
CUST-05172,Female,0,No,No,52,Yes,No,DSL,Yes,No,Yes,No,Yes,Yes,One year,Yes,Electronic check,67.69,3620.09,No
CUST-05173,Female,0,Yes,Yes,54,Yes,No,DSL,No,No,Yes,No,No,Yes,Month-to-month,Yes,Bank transfer (automatic),57.29,3082.26,No
CUST-05174,Female,0,No,No,50,Yes,No,Fiber optic,No,Yes,No,No,No,Yes,One year,No,Mailed check,71.19,3591.29,No
CUST-05175,Female,0,No,No,54,No,No phone service,Fiber optic,Yes,No,No,No,No,Yes,Month-to-month,No,Electronic check,73.39,3992.81,No
CUST-05176,Female,0,Yes,No,35,Yes,Yes,No,No internet service,No internet service,No internet service,No internet service,No internet service,No internet service,One year,No,Mailed check,29.44,1052.05,No
CUST-05177,Female,1,Yes,No,30,Yes,Yes,DSL,No,Yes,No,Yes,No,Yes,Month-to-month,Yes,Bank transfer (automatic),65.44,1947.39,No
CUST-05178,Female,0,No,No,55,Yes,No,No,No internet service,No internet service,No internet service,No internet service,No internet service,No internet service,Month-to-month,No,Electronic check,20.98,1116.04,No
CUST-05179,Female,0,No,No,1,Yes,No,Fiber optic,No,No,No,Yes,No,No,Month-to-month,Yes,Mailed check,56.95,116.51,Yes
CUST-05180,Female,0,No,No,15,Yes,No,Fiber optic,No,No,Yes,No,Yes,Yes,Month-to-month,No,Electronic check,79.55,1172.78,Yes
CUST-05181,Female,0,No,No,25,Yes,No,Fiber optic,No,Yes,No,No,No,No,Month-to-month,No,Credit card (automatic),58.51,1436.15,Yes
CUST-05182,Male,0,Yes,No,20,Yes,Yes,No,No internet service,No internet service,No internet service,No internet service,No internet service,No internet service,Month-to-month,Yes,Credit card (automatic),33.41,656.58,Yes
CUST-05183,Female,0,No,Yes,71,Yes,Yes,DSL,No,Yes,No,Yes,No,No,Month-to-month,Yes,Bank transfer (automatic),56.37,3954.08,No
CUST-05184,Male,0,Yes,Yes,16,Yes,No,No,No internet service,No internet service,No internet service,No internet service,No internet service,No internet service,One year,Yes,Bank transfer (automatic),28.32,422.52,No
CUST-05185,Female,1,Yes,No,52,Yes,Yes,DSL,Yes,No,No,Yes,No,No,Month-to-month,Yes,Mailed check,52.15,2711.84,No
CUST-05186,Female,1,Yes,No,65,Yes,Yes,No,No internet service,No internet service,No internet service,No internet service,No internet service,No internet service,Month-to-month,No,Bank transfer (automatic),31.91,1942.95,Yes
CUST-05187,Male,0,Yes,Yes,70,Yes,Yes,Fiber optic,No,No,No,No,No,No,Month-to-month,Yes,Credit card (automatic),60.15,4200.3,No
CUST-05188,Female,0,No,Yes,1,No,No phone service,No,No internet service,No internet service,No internet service,No internet service,No internet service,No internet service,One year,Yes,Credit card (automatic),21.18,18.0,Yes
CUST-05189,Male,0,No,No,16,No,No phone service,Fiber optic,No,Yes,No,No,No,No,Month-to-month,Yes,Credit card (automatic),53.39,914.12,No
CUST-05190,Male,0,No,No,27,No,No phone service,DSL,Yes,Yes,No,Yes,Yes,No,Two year,Yes,Electronic check,61.38,1625.1,No
CUST-05191,Male,0,Yes,No,18,Yes,No,DSL,Yes,No,No,No,Yes,No,Month-to-month,No,Credit card (automatic),54.35,1046.95,No
CUST-05192,Female,0,No,Yes,44,Yes,Yes,DSL,No,Yes,Yes,No,No,No,Two year,No,Bank transfer (automatic),53.13,2321.02,No
CUST-05193,Female,0,No,Yes,50,No,No phone service,Fiber optic,No,Yes,No,Yes,Yes,Yes,Month-to-month,Yes,Mailed check,83.69,4150.09,Yes
CUST-05194,Female,1,Yes,No,14,No,No phone service,Fiber optic,No,No,No,Yes,No,No,Month-to-month,Yes,Mailed check,58.2,833.43,Yes
CUST-05195,Male,0,No,No,52,Yes,Yes,DSL,No,Yes,Yes,No,No,No,Month-to-month,Yes,Electronic check,53.26,2834.17,Yes
CUST-05196,Male,0,No,No,50,Yes,No,DSL,Yes,No,No,No,No,Yes,Month-to-month,No,Electronic check,59.3,2961.58,Yes
CUST-05197,Female,0,Yes,No,17,Yes,Yes,Fiber optic,No,No,No,No,Yes,No,One year,No,Mailed check,68.14,1156.65,Yes
CUST-05198,Female,1,No,No,3,No,No phone service,DSL,No,No,No,Yes,Yes,No,Month-to-month,No,Bank transfer (automatic),61.77,165.45,Yes
CUST-05199,Female,0,No,No,62,Yes,Yes,Fiber optic,Yes,No,No,No,No,No,Two year,No,Bank transfer (automatic),59.8,3738.18,No
CUST-05200,Female,0,No,Yes,21,Yes,No,DSL,Yes,No,No,No,No,No,Month-to-month,Yes,Mailed check,47.01,892.68,Yes
CUST-05201,Female,0,No,No,33,Yes,No,No,No internet service,No internet service,No internet service,No internet service,No internet service,No internet service,Month-to-month,Yes,Credit card (automatic),20.29,607.56,No
CUST-05202,Male,0,Yes,Yes,1,Yes,No,DSL,No,No,No,No,Yes,No,Month-to-month,Yes,Credit card (automatic),42.31,18.0,No
CUST-05203,Male,1,No,No,70,Yes,No,No,No internet service,No internet service,No internet service,No internet service,No internet service,No internet service,Month-to-month,Yes,Electronic check,25.67,1882.07,No
CUST-05204,Male,0,No,Yes,56,Yes,Yes,DSL,Yes,No,No,Yes,Yes,No,Month-to-month,No,Bank transfer (automatic),72.32,4029.09,No
CUST-05205,Female,0,Yes,Yes,4,Yes,No,DSL,No,No,Yes,No,Yes,Yes,Two year,No,Electronic check,57.8,277.57,No
CUST-05206,Male,0,Yes,No,22,Yes,No,No,No internet service,No internet service,No internet service,No internet service,No internet service,No internet service,Two year,Yes,Credit card (automatic),21.08,437.49,No
CUST-05207,Male,0,No,No,58,Yes,No,DSL,No,Yes,Yes,No,No,No,One year,Yes,Mailed check,54.49,3174.01,No
CUST-05208,Male,0,Yes,No,44,Yes,Yes,No,No internet service,No internet service,No internet service,No internet service,No internet service,No internet service,One year,Yes,Mailed check,28.17,1254.65,No
CUST-05209,Male,0,No,No,57,Yes,Yes,Fiber optic,Yes,Yes,Yes,No,Yes,Yes,Two year,No,Bank transfer (automatic),92.56,5212.71,No
CUST-05210,Male,0,No,No,40,Yes,No,Fiber optic,No,No,No,No,Yes,Yes,Month-to-month,Yes,Electronic check,64.95,2585.71,Yes
CUST-05211,Female,0,Yes,Yes,56,Yes,No,No,No internet service,No internet service,No internet service,No internet service,No internet service,No internet service,Month-to-month,Yes,Mailed check,22.91,1242.21,No
CUST-05212,Male,0,Yes,No,63,Yes,No,DSL,No,No,No,Yes,Yes,No,Month-to-month,No,Mailed check,54.54,3422.34,No
CUST-05213,Female,1,Yes,No,39,No,No phone service,No,No internet service,No internet service,No internet service,No internet service,No internet service,No internet service,Month-to-month,Yes,Credit card (automatic),26.75,1067.59,Yes
CUST-05214,Female,0,No,Yes,7,Yes,Yes,Fiber optic,No,No,No,Yes,No,No,Month-to-month,No,Electronic check,63.44,371.07,Yes
CUST-05215,Female,0,No,No,14,Yes,No,Fiber optic,No,No,No,No,Yes,No,Two year,No,Electronic check,62.96,830.48,Yes
CUST-05216,Female,0,No,Yes,18,Yes,No,Fiber optic,Yes,Yes,No,Yes,No,No,Two year,No,Electronic check,73.28,1360.27,No
CUST-05217,Female,0,Yes,No,55,Yes,No,Fiber optic,No,Yes,No,No,No,Yes,Month-to-month,Yes,Mailed check,74.26,4074.89,No
CUST-05218,Male,0,No,No,56,No,No phone service,DSL,No,Yes,No,Yes,No,Yes,One year,Yes,Electronic check,59.07,3344.69,No
CUST-05219,Male,0,No,No,57,Yes,No,DSL,No,No,No,No,No,No,Month-to-month,Yes,Credit card (automatic),40.07,2333.85,No
CUST-05220,Female,0,Yes,Yes,58,Yes,Yes,Fiber optic,No,No,Yes,No,Yes,No,Month-to-month,Yes,Electronic check,71.57,4123.84,Yes
CUST-05221,Female,0,No,No,25,Yes,No,Fiber optic,No,Yes,No,Yes,No,No,Month-to-month,Yes,Mailed check,57.16,1447.14,No
CUST-05222,Female,0,Yes,No,70,Yes,No,Fiber optic,No,Yes,Yes,No,Yes,Yes,Month-to-month,Yes,Electronic check,90.98,6318.11,Yes
CUST-05223,Male,0,No,Yes,3,Yes,No,Fiber optic,Yes,No,No,No,No,No,Month-to-month,Yes,Electronic check,55.04,87.25,Yes
CUST-05224,Female,0,Yes,No,21,No,No phone service,Fiber optic,Yes,No,Yes,Yes,No,No,One year,No,Credit card (automatic),68.54,1402.16,No
CUST-05225,Male,0,Yes,Yes,32,Yes,No,Fiber optic,No,No,No,No,Yes,Yes,Month-to-month,No,Credit card (automatic),70.38,2249.13,Yes
CUST-05226,Female,0,No,Yes,2,Yes,No,Fiber optic,No,No,No,Yes,Yes,Yes,Month-to-month,No,Electronic check,77.95,99.54,Yes
CUST-05227,Male,0,No,Yes,20,Yes,Yes,Fiber optic,No,No,Yes,No,No,No,One year,Yes,Credit card (automatic),71.87,1379.54,No
CUST-05228,Female,1,Yes,No,18,Yes,No,No,No internet service,No internet service,No internet service,No internet service,No internet service,No internet service,One year,Yes,Electronic check,34.42,588.15,No
CUST-05229,Male,0,No,Yes,54,Yes,No,No,No internet service,No internet service,No internet service,No internet service,No internet service,No internet service,Month-to-month,Yes,Electronic check,27.39,1530.08,No
CUST-05230,Female,0,No,No,36,Yes,Yes,DSL,No,No,No,Yes,No,No,Month-to-month,Yes,Electronic check,41.14,1451.44,Yes
CUST-05231,Male,0,Yes,Yes,61,Yes,No,Fiber optic,No,No,No,Yes,Yes,Yes,Month-to-month,Yes,Credit card (automatic),82.8,5173.75,No
CUST-05232,Male,0,No,Yes,60,Yes,Yes,Fiber optic,No,Yes,No,Yes,No,No,One year,Yes,Bank transfer (automatic),71.12,4248.02,No
CUST-05233,Male,0,No,Yes,36,No,No phone service,No,No internet service,No internet service,No internet service,No internet service,No internet service,No internet service,One year,Yes,Bank transfer (automatic),20.29,732.5,No
CUST-05234,Male,0,No,No,44,Yes,Yes,Fiber optic,Yes,No,Yes,No,Yes,No,Two year,Yes,Electronic check,79.81,3474.94,No
CUST-05235,Male,0,Yes,Yes,68,Yes,No,Fiber optic,No,No,Yes,No,Yes,No,Month-to-month,Yes,Mailed check,71.88,4931.7,Yes
CUST-05236,Male,0,No,Yes,66,Yes,No,Fiber optic,No,No,Yes,No,No,No,Month-to-month,No,Credit card (automatic),64.94,4340.78,No
CUST-05237,Male,0,No,No,44,Yes,No,DSL,No,No,No,No,Yes,Yes,One year,No,Credit card (automatic),64.78,2851.53,No
CUST-05238,Female,0,No,No,29,Yes,Yes,Fiber optic,Yes,No,Yes,Yes,No,Yes,Two year,Yes,Credit card (automatic),81.32,2375.99,No
CUST-05239,Female,0,Yes,Yes,48,Yes,Yes,Fiber optic,No,No,Yes,Yes,No,No,Two year,Yes,Electronic check,68.72,3323.22,No
CUST-05240,Female,0,No,No,36,Yes,No,Fiber optic,Yes,Yes,Yes,No,No,No,Month-to-month,Yes,Mailed check,67.14,2367.29,No
CUST-05241,Female,0,Yes,Yes,8,Yes,Yes,Fiber optic,Yes,Yes,No,No,No,No,One year,Yes,Electronic check,65.93,529.86,No
CUST-05242,Female,0,No,No,5,No,No phone service,No,No internet service,No internet service,No internet service,No internet service,No internet service,No internet service,Month-to-month,Yes,Electronic check,26.42,111.93,Yes
CUST-05243,Male,0,No,No,47,Yes,No,DSL,No,No,No,No,No,Yes,One year,No,Electronic check,49.01,2216.94,No
CUST-05244,Male,0,Yes,Yes,43,Yes,No,Fiber optic,Yes,No,Yes,Yes,No,No,Month-to-month,No,Bank transfer (automatic),70.31,3022.56,No
CUST-05245,Male,0,Yes,Yes,10,Yes,No,Fiber optic,No,Yes,Yes,Yes,No,Yes,Month-to-month,Yes,Credit card (automatic),78.45,797.14,Yes
CUST-05246,Male,0,No,No,10,Yes,Yes,DSL,No,No,No,No,No,Yes,Month-to-month,Yes,Electronic check,59.76,674.32,Yes
CUST-05247,Male,0,No,No,6,Yes,No,Fiber optic,Yes,No,Yes,No,No,No,Month-to-month,Yes,Mailed check,62.79,312.49,Yes
CUST-05248,Female,0,Yes,Yes,16,No,No phone service,Fiber optic,No,Yes,No,Yes,Yes,No,Month-to-month,Yes,Electronic check,66.77,1038.75,Yes
CUST-05249,Female,1,No,Yes,60,Yes,No,DSL,No,Yes,No,No,Yes,Yes,Two year,No,Electronic check,68.24,4102.4,No
CUST-05250,Female,1,No,No,26,Yes,No,Fiber optic,No,Yes,Yes,Yes,Yes,No,Month-to-month,No,Electronic check,79.51,2027.58,Yes
CUST-05251,Female,0,No,No,21,Yes,No,No,No internet service,No internet service,No internet service,No internet service,No internet service,No internet service,Month-to-month,No,Credit card (automatic),25.56,484.9,No
CUST-05252,Male,0,No,Yes,58,No,No phone service,DSL,Yes,No,Yes,No,Yes,Yes,Two year,Yes,Mailed check,65.67,3837.9,No
CUST-05253,Male,0,Yes,Yes,41,Yes,No,No,No internet service,No internet service,No internet service,No internet service,No internet service,No internet service,Two year,No,Electronic check,25.27,1039.33,No
CUST-05254,Male,0,No,Yes,30,Yes,No,DSL,No,No,Yes,Yes,Yes,No,Month-to-month,No,Electronic check,66.6,2027.69,Yes
CUST-05255,Female,0,Yes,Yes,5,Yes,No,DSL,No,No,No,No,No,Yes,Month-to-month,Yes,Bank transfer (automatic),50.32,262.23,No
CUST-05256,Male,0,Yes,No,10,Yes,No,DSL,Yes,No,Yes,Yes,No,No,Month-to-month,Yes,Electronic check,49.54,391.85,No
CUST-05257,Female,0,Yes,Yes,11,Yes,No,DSL,No,No,No,No,No,Yes,Month-to-month,Yes,Electronic check,53.08,599.83,Yes
CUST-05258,Male,0,No,No,63,No,No phone service,Fiber optic,No,Yes,Yes,No,No,Yes,Month-to-month,Yes,Electronic check,70.42,4380.8,Yes
CUST-05259,Male,0,No,No,7,No,No phone service,Fiber optic,No,No,No,No,Yes,No,One year,No,Mailed check,59.78,372.59,Yes
CUST-05260,Female,0,Yes,No,59,Yes,No,DSL,No,No,No,No,No,Yes,One year,No,Credit card (automatic),45.68,2703.07,Yes
CUST-05261,Male,0,No,No,12,Yes,No,Fiber optic,No,No,No,No,Yes,Yes,One year,No,Electronic check,76.59,834.92,Yes
CUST-05262,Male,0,No,No,64,Yes,No,Fiber optic,No,No,Yes,Yes,Yes,Yes,Month-to-month,Yes,Mailed check,88.23,5646.3,No
CUST-05263,Female,0,No,No,41,Yes,Yes,DSL,No,No,No,No,No,No,Month-to-month,Yes,Bank transfer (automatic),42.52,1758.8,Yes
CUST-05264,Male,0,No,No,60,Yes,No,DSL,No,Yes,No,No,Yes,No,One year,Yes,Electronic check,50.76,3064.71,No
CUST-05265,Female,0,Yes,No,72,Yes,No,DSL,No,No,No,No,No,No,Month-to-month,Yes,Electronic check,50.99,3775.02,No
CUST-05266,Male,0,Yes,No,28,Yes,Yes,DSL,No,Yes,No,No,Yes,Yes,Month-to-month,Yes,Mailed check,73.0,2033.98,Yes
CUST-05267,Male,0,No,Yes,63,Yes,Yes,Fiber optic,No,No,No,No,No,No,Month-to-month,Yes,Credit card (automatic),70.54,4457.88,No
CUST-05268,Male,0,No,No,3,Yes,No,DSL,No,No,Yes,No,No,Yes,Two year,No,Mailed check,53.2,152.73,No
CUST-05269,Male,0,Yes,No,32,Yes,No,Fiber optic,Yes,Yes,No,No,Yes,No,Month-to-month,Yes,Mailed check,72.24,2265.36,Yes
CUST-05270,Male,1,No,Yes,21,Yes,Yes,DSL,No,Yes,Yes,Yes,No,No,Month-to-month,No,Mailed check,63.08,1267.5,No
CUST-05271,Male,0,No,No,55,Yes,No,Fiber optic,No,No,No,No,No,No,Two year,Yes,Mailed check,62.08,3427.87,No
CUST-05272,Male,0,No,No,18,Yes,Yes,Fiber optic,No,No,No,Yes,No,No,One year,No,Credit card (automatic),57.11,959.44,No
CUST-05273,Male,0,Yes,No,53,No,No phone service,Fiber optic,Yes,No,No,No,Yes,No,Month-to-month,No,Bank transfer (automatic),78.04,4172.04,No
CUST-05274,Female,0,No,No,61,Yes,Yes,Fiber optic,No,No,No,Yes,No,No,One year,No,Electronic check,64.08,3842.83,No
CUST-05275,Female,0,No,Yes,50,Yes,No,Fiber optic,Yes,Yes,No,Yes,No,Yes,Month-to-month,Yes,Electronic check,74.2,3724.52,Yes
CUST-05276,Male,0,Yes,Yes,8,Yes,Yes,DSL,No,No,No,Yes,No,Yes,Two year,No,Credit card (automatic),64.74,479.95,No
CUST-05277,Male,0,Yes,No,12,Yes,Yes,Fiber optic,Yes,No,No,No,No,Yes,One year,Yes,Bank transfer (automatic),75.43,899.09,Yes
CUST-05278,Female,0,Yes,No,51,Yes,Yes,Fiber optic,No,No,No,No,Yes,Yes,Month-to-month,No,Electronic check,75.4,3821.14,Yes
CUST-05279,Male,0,No,No,66,Yes,Yes,DSL,No,No,No,Yes,No,Yes,Month-to-month,Yes,Mailed check,50.75,3286.34,No
CUST-05280,Male,0,Yes,Yes,41,Yes,Yes,Fiber optic,No,Yes,Yes,No,Yes,No,Month-to-month,Yes,Mailed check,76.39,3156.11,Yes
CUST-05281,Female,0,Yes,No,22,Yes,Yes,Fiber optic,No,No,No,No,No,No,Two year,No,Credit card (automatic),55.81,1354.53,No
CUST-05282,Male,0,Yes,Yes,9,Yes,No,No,No internet service,No internet service,No internet service,No internet service,No internet service,No internet service,Month-to-month,Yes,Credit card (automatic),19.41,171.36,No
CUST-05283,Male,0,Yes,No,11,Yes,No,Fiber optic,No,No,No,Yes,Yes,No,One year,No,Electronic check,73.32,805.55,Yes
CUST-05284,Female,0,Yes,No,13,Yes,Yes,DSL,No,No,Yes,No,No,No,Two year,Yes,Bank transfer (automatic),51.77,707.21,No
CUST-05285,Male,0,No,Yes,56,Yes,No,No,No internet service,No internet service,No internet service,No internet service,No internet service,No internet service,Two year,No,Credit card (automatic),20.91,1171.16,No
CUST-05286,Male,0,No,No,28,Yes,Yes,DSL,Yes,No,Yes,Yes,Yes,No,Month-to-month,Yes,Electronic check,69.84,1999.82,No
CUST-05287,Female,0,No,No,64,No,No phone service,No,No internet service,No internet service,No internet service,No internet service,No internet service,No internet service,Month-to-month,Yes,Mailed check,31.16,2043.2,No
CUST-05288,Male,0,Yes,No,64,Yes,Yes,DSL,No,No,No,No,Yes,No,Two year,Yes,Electronic check,55.91,3655.04,No
CUST-05289,Female,0,Yes,No,70,Yes,No,DSL,Yes,No,No,Yes,No,Yes,Month-to-month,Yes,Electronic check,62.88,4399.84,No
CUST-05290,Male,0,Yes,Yes,55,Yes,Yes,DSL,No,No,No,No,No,No,Month-to-month,Yes,Credit card (automatic),45.83,2532.89,No
CUST-05291,Male,0,Yes,Yes,37,Yes,No,Fiber optic,No,Yes,Yes,No,No,Yes,Two year,Yes,Bank transfer (automatic),83.33,3082.01,Yes
CUST-05292,Female,0,Yes,No,33,Yes,Yes,DSL,Yes,Yes,No,No,Yes,No,Two year,Yes,Bank transfer (automatic),60.7,2097.68,No
CUST-05293,Female,0,Yes,No,25,No,No phone service,Fiber optic,No,No,No,Yes,Yes,Yes,Month-to-month,Yes,Electronic check,74.14,1812.47,Yes
CUST-05294,Male,0,No,No,23,Yes,No,DSL,No,No,No,No,Yes,No,One year,No,Mailed check,48.67,1013.1,No
CUST-05295,Female,0,Yes,No,60,Yes,No,DSL,No,No,No,No,No,Yes,Month-to-month,No,Bank transfer (automatic),49.35,2914.23,No
CUST-05296,Female,0,No,Yes,56,Yes,No,DSL,No,No,Yes,No,Yes,Yes,Two year,No,Mailed check,63.58,3527.23,No
CUST-05297,Male,0,Yes,Yes,63,Yes,No,DSL,No,No,No,No,Yes,Yes,Two year,Yes,Bank transfer (automatic),53.59,3402.97,No
CUST-05298,Male,0,Yes,No,8,Yes,Yes,Fiber optic,No,No,Yes,No,Yes,Yes,Month-to-month,Yes,Credit card (automatic),87.11,685.03,Yes
CUST-05299,Male,0,No,No,17,No,No phone service,Fiber optic,Yes,No,Yes,No,No,Yes,Month-to-month,No,Bank transfer (automatic),74.09,1310.2,Yes
CUST-05300,Female,0,Yes,No,57,Yes,No,Fiber optic,No,No,No,Yes,No,No,One year,Yes,Credit card (automatic),61.17,3398.91,No
CUST-05301,Female,0,Yes,No,62,Yes,Yes,Fiber optic,No,No,Yes,No,Yes,No,One year,No,Mailed check,77.4,4769.2,No
CUST-05302,Female,1,No,No,11,Yes,No,DSL,No,No,Yes,No,Yes,No,Month-to-month,Yes,Credit card (automatic),54.91,566.81,Yes
CUST-05303,Female,0,No,No,67,Yes,No,DSL,Yes,No,Yes,No,Yes,Yes,Month-to-month,No,Credit card (automatic),68.35,4515.32,No
CUST-05304,Male,0,Yes,No,40,Yes,Yes,No,No internet service,No internet service,No internet service,No internet service,No internet service,No internet service,Month-to-month,No,Mailed check,34.75,1419.32,No
CUST-05305,Female,0,Yes,Yes,40,Yes,Yes,DSL,No,No,Yes,Yes,No,Yes,One year,Yes,Electronic check,61.46,2508.09,No
CUST-05306,Male,0,No,No,56,No,No phone service,Fiber optic,No,Yes,No,No,No,No,Month-to-month,No,Electronic check,55.09,3084.46,Yes
CUST-05307,Female,0,No,No,53,No,No phone service,Fiber optic,No,No,Yes,No,Yes,No,Month-to-month,No,Mailed check,67.44,3614.33,Yes
CUST-05308,Male,1,Yes,No,28,Yes,No,Fiber optic,No,No,No,Yes,No,No,Month-to-month,No,Bank transfer (automatic),63.63,1754.25,Yes
CUST-05309,Male,0,Yes,Yes,42,Yes,No,No,No internet service,No internet service,No internet service,No internet service,No internet service,No internet service,Two year,Yes,Bank transfer (automatic),19.78,858.68,No
CUST-05310,Male,0,No,Yes,46,Yes,No,No,No internet service,No internet service,No internet service,No internet service,No internet service,No internet service,Month-to-month,No,Bank transfer (automatic),18.24,835.73,No
CUST-05311,Female,0,Yes,Yes,18,Yes,Yes,No,No internet service,No internet service,No internet service,No internet service,No internet service,No internet service,Month-to-month,Yes,Bank transfer (automatic),21.7,384.69,No
CUST-05312,Male,0,Yes,Yes,23,Yes,Yes,Fiber optic,Yes,No,Yes,No,No,No,Two year,Yes,Mailed check,66.18,1487.04,No
CUST-05313,Male,0,No,No,26,Yes,No,No,No internet service,No internet service,No internet service,No internet service,No internet service,No internet service,Month-to-month,Yes,Credit card (automatic),22.86,676.43,No
CUST-05314,Female,0,Yes,Yes,29,No,No phone service,Fiber optic,No,No,Yes,No,Yes,Yes,One year,Yes,Bank transfer (automatic),82.56,2419.02,No
CUST-05315,Male,0,No,No,52,Yes,Yes,DSL,No,No,No,Yes,No,Yes,Month-to-month,No,Bank transfer (automatic),57.92,3066.62,No
CUST-05316,Female,0,No,Yes,46,Yes,Yes,DSL,No,No,No,No,No,No,Two year,Yes,Bank transfer (automatic),41.66,1909.54,No
CUST-05317,Female,0,No,Yes,1,Yes,Yes,DSL,No,Yes,No,No,No,No,One year,Yes,Electronic check,50.67,18.0,Yes
CUST-05318,Male,0,Yes,No,63,Yes,Yes,Fiber optic,No,No,No,No,No,No,Two year,Yes,Electronic check,54.54,3457.5,No
CUST-05319,Male,0,Yes,No,16,Yes,Yes,DSL,No,Yes,No,No,No,Yes,One year,Yes,Electronic check,65.14,1003.27,Yes
CUST-05320,Female,0,Yes,Yes,25,Yes,Yes,Fiber optic,No,No,No,No,No,No,One year,Yes,Electronic check,66.17,1691.5,Yes
CUST-05321,Male,0,Yes,No,62,Yes,Yes,No,No internet service,No internet service,No internet service,No internet service,No internet service,No internet service,Month-to-month,Yes,Electronic check,31.6,1858.76,No
CUST-05322,Female,0,No,Yes,16,Yes,No,No,No internet service,No internet service,No internet service,No internet service,No internet service,No internet service,One year,Yes,Mailed check,22.82,313.16,No
CUST-05323,Female,0,Yes,No,69,No,No phone service,Fiber optic,No,No,Yes,No,Yes,No,Two year,Yes,Electronic check,71.77,4952.83,No
CUST-05324,Female,0,Yes,No,70,Yes,No,DSL,No,No,No,Yes,Yes,No,Month-to-month,Yes,Electronic check,53.1,3776.01,No
CUST-05325,Male,0,Yes,No,34,No,No phone service,DSL,No,Yes,Yes,No,No,Yes,One year,No,Bank transfer (automatic),62.19,2120.99,No
CUST-05326,Female,0,Yes,No,53,Yes,No,DSL,No,No,No,No,No,No,Month-to-month,No,Electronic check,41.82,2167.64,No
CUST-05327,Male,1,No,No,23,Yes,No,DSL,No,Yes,No,No,No,No,Month-to-month,Yes,Electronic check,38.18,907.6,No
CUST-05328,Male,0,No,No,43,Yes,Yes,Fiber optic,Yes,No,No,No,No,Yes,One year,No,Credit card (automatic),74.4,3176.33,No
CUST-05329,Male,0,No,No,44,Yes,No,DSL,No,No,Yes,Yes,Yes,No,Month-to-month,No,Mailed check,59.02,2697.93,No
CUST-05330,Male,0,No,No,32,Yes,Yes,DSL,Yes,Yes,Yes,No,Yes,No,One year,Yes,Electronic check,68.84,2145.32,No
CUST-05331,Female,0,No,Yes,23,No,No phone service,DSL,Yes,No,Yes,No,Yes,Yes,Two year,No,Mailed check,79.13,1795.03,No
CUST-05332,Male,0,Yes,No,20,Yes,No,Fiber optic,No,Yes,No,No,Yes,No,Month-to-month,Yes,Mailed check,70.91,1402.34,Yes
CUST-05333,Female,1,Yes,Yes,19,Yes,Yes,Fiber optic,No,No,No,No,No,No,One year,Yes,Credit card (automatic),54.77,1073.93,No
CUST-05334,Female,0,No,No,72,No,No phone service,No,No internet service,No internet service,No internet service,No internet service,No internet service,No internet service,Month-to-month,No,Electronic check,18.8,1390.84,No
CUST-05335,Male,1,Yes,No,29,Yes,No,DSL,No,No,No,Yes,Yes,Yes,Month-to-month,No,Bank transfer (automatic),64.91,1964.87,Yes
CUST-05336,Female,0,Yes,No,18,Yes,Yes,Fiber optic,Yes,No,No,No,Yes,Yes,Month-to-month,No,Credit card (automatic),85.53,1574.0,Yes
CUST-05337,Female,0,No,No,69,Yes,Yes,Fiber optic,No,No,No,No,No,Yes,Month-to-month,Yes,Bank transfer (automatic),75.25,5201.73,No
CUST-05338,Male,0,Yes,Yes,12,Yes,Yes,No,No internet service,No internet service,No internet service,No internet service,No internet service,No internet service,Two year,Yes,Mailed check,29.07,360.41,No
CUST-05339,Female,0,No,Yes,10,Yes,No,Fiber optic,No,Yes,No,No,Yes,No,Month-to-month,No,Bank transfer (automatic),69.0,706.94,Yes
CUST-05340,Female,0,No,No,37,Yes,Yes,Fiber optic,No,No,No,No,No,No,Month-to-month,No,Electronic check,64.38,2420.51,Yes
CUST-05341,Female,0,Yes,No,55,No,No phone service,Fiber optic,Yes,No,No,No,No,No,One year,Yes,Bank transfer (automatic),53.81,2901.5,No
CUST-05342,Female,0,Yes,No,4,Yes,Yes,DSL,No,Yes,Yes,Yes,No,No,Two year,Yes,Bank transfer (automatic),51.93,193.67,No
CUST-05343,Male,0,No,Yes,63,Yes,Yes,Fiber optic,No,No,No,No,Yes,No,Month-to-month,Yes,Mailed check,67.43,4287.23,Yes
CUST-05344,Female,0,Yes,No,12,Yes,No,No,No internet service,No internet service,No internet service,No internet service,No internet service,No internet service,Two year,No,Mailed check,18.0,161.61,No
CUST-05345,Female,0,Yes,Yes,18,Yes,Yes,Fiber optic,No,No,Yes,No,Yes,No,Two year,Yes,Mailed check,71.57,1377.68,No
CUST-05346,Female,0,No,Yes,8,Yes,No,No,No internet service,No internet service,No internet service,No internet service,No internet service,No internet service,One year,No,Mailed check,24.08,182.05,No
CUST-05347,Female,0,Yes,No,32,Yes,No,DSL,No,No,No,Yes,Yes,No,Month-to-month,Yes,Electronic check,52.3,1689.82,Yes
CUST-05348,Male,0,Yes,No,49,Yes,No,DSL,No,Yes,No,No,No,Yes,Month-to-month,Yes,Bank transfer (automatic),57.48,2864.45,No
CUST-05349,Female,0,Yes,Yes,63,Yes,No,Fiber optic,Yes,No,No,No,No,Yes,Month-to-month,No,Mailed check,77.22,4806.89,No
CUST-05350,Male,0,No,No,59,Yes,No,DSL,Yes,Yes,Yes,No,No,No,Two year,Yes,Electronic check,47.6,2858.94,No
CUST-05351,Female,0,Yes,Yes,67,Yes,No,DSL,Yes,Yes,Yes,Yes,Yes,Yes,One year,No,Electronic check,77.12,5113.66,Yes
CUST-05352,Male,0,Yes,Yes,39,Yes,No,Fiber optic,Yes,Yes,No,No,No,No,Month-to-month,No,Credit card (automatic),62.01,2382.32,Yes
CUST-05353,Male,1,Yes,No,50,Yes,No,Fiber optic,No,No,No,Yes,No,No,Two year,Yes,Bank transfer (automatic),56.76,2838.59,Yes
CUST-05354,Male,0,Yes,No,71,Yes,Yes,Fiber optic,No,No,No,No,No,No,Month-to-month,Yes,Credit card (automatic),61.12,4347.91,Yes
CUST-05355,Male,0,No,Yes,26,Yes,No,No,No internet service,No internet service,No internet service,No internet service,No internet service,No internet service,One year,Yes,Mailed check,23.49,609.53,No
CUST-05356,Male,0,No,Yes,23,Yes,Yes,Fiber optic,No,Yes,Yes,No,No,Yes,Month-to-month,No,Bank transfer (automatic),75.47,1688.8,Yes
CUST-05357,Female,1,Yes,Yes,63,Yes,Yes,Fiber optic,No,Yes,No,Yes,No,Yes,Month-to-month,Yes,Electronic check,75.94,4799.28,Yes
CUST-05358,Female,0,Yes,No,66,Yes,No,No,No internet service,No internet service,No internet service,No internet service,No internet service,No internet service,One year,Yes,Electronic check,24.98,1635.13,No
CUST-05359,Female,0,Yes,No,39,Yes,Yes,Fiber optic,No,No,Yes,No,No,No,Two year,No,Bank transfer (automatic),63.09,2499.08,Yes
CUST-05360,Male,1,No,Yes,66,Yes,No,Fiber optic,No,Yes,No,No,No,Yes,One year,No,Electronic check,68.77,4528.22,No
CUST-05361,Female,1,Yes,No,46,Yes,Yes,DSL,No,No,No,Yes,Yes,No,Two year,Yes,Electronic check,55.73,2553.93,No
CUST-05362,Male,1,Yes,Yes,15,Yes,No,Fiber optic,No,Yes,Yes,No,Yes,No,Two year,No,Electronic check,76.86,1172.52,No
CUST-05363,Male,0,No,No,16,Yes,No,No,No internet service,No internet service,No internet service,No internet service,No internet service,No internet service,Month-to-month,No,Mailed check,18.57,347.7,No
CUST-05364,Female,0,Yes,Yes,72,Yes,No,No,No internet service,No internet service,No internet service,No internet service,No internet service,No internet service,One year,No,Credit card (automatic),20.67,1518.07,No
CUST-05365,Female,0,No,No,16,Yes,No,DSL,No,No,Yes,No,No,No,Month-to-month,No,Mailed check,50.04,726.4,Yes
CUST-05366,Male,0,Yes,Yes,39,Yes,Yes,Fiber optic,No,No,No,Yes,Yes,No,Month-to-month,No,Bank transfer (automatic),81.56,3237.02,Yes
CUST-05367,Male,0,Yes,No,11,Yes,No,No,No internet service,No internet service,No internet service,No internet service,No internet service,No internet service,Month-to-month,Yes,Mailed check,23.07,289.76,No
CUST-05368,Female,0,No,Yes,36,Yes,Yes,DSL,No,No,Yes,No,No,No,Two year,Yes,Bank transfer (automatic),53.5,1809.08,No
CUST-05369,Female,0,Yes,No,18,Yes,Yes,No,No internet service,No internet service,No internet service,No internet service,No internet service,No internet service,Month-to-month,No,Credit card (automatic),25.88,514.62,No
CUST-05370,Female,0,Yes,No,23,Yes,No,Fiber optic,No,Yes,No,No,No,No,One year,Yes,Credit card (automatic),67.99,1631.72,Yes
CUST-05371,Female,0,Yes,No,49,Yes,No,DSL,No,Yes,No,No,Yes,No,Month-to-month,Yes,Electronic check,55.43,2814.89,No
CUST-05372,Male,1,No,Yes,42,Yes,Yes,Fiber optic,Yes,No,Yes,No,Yes,Yes,Month-to-month,No,Mailed check,95.89,4033.99,Yes
CUST-05373,Female,0,Yes,No,44,Yes,No,No,No internet service,No internet service,No internet service,No internet service,No internet service,No internet service,Month-to-month,Yes,Bank transfer (automatic),30.33,1460.91,No
CUST-05374,Female,0,No,No,1,Yes,No,DSL,No,No,Yes,No,No,Yes,One year,No,Mailed check,54.81,47.01,No
CUST-05375,Female,0,No,No,7,Yes,Yes,Fiber optic,No,No,No,Yes,No,No,One year,Yes,Electronic check,61.92,456.62,No
CUST-05376,Male,0,No,Yes,48,No,No phone service,No,No internet service,No internet service,No internet service,No internet service,No internet service,No internet service,One year,Yes,Bank transfer (automatic),23.19,1063.05,No
CUST-05377,Male,1,No,No,16,No,No phone service,DSL,No,No,No,Yes,Yes,No,One year,No,Electronic check,54.96,808.6,No
CUST-05378,Male,0,Yes,No,48,Yes,No,Fiber optic,No,Yes,Yes,No,Yes,Yes,One year,No,Credit card (automatic),93.61,4526.62,Yes
CUST-05379,Male,0,Yes,Yes,43,Yes,Yes,Fiber optic,No,Yes,No,No,No,No,Month-to-month,No,Electronic check,65.12,2756.18,No
CUST-05380,Female,0,Yes,No,51,Yes,Yes,DSL,No,Yes,Yes,No,No,No,Month-to-month,Yes,Bank transfer (automatic),51.58,2604.83,Yes
CUST-05381,Male,0,Yes,No,66,Yes,No,DSL,No,No,No,No,No,No,Month-to-month,Yes,Electronic check,41.27,2714.79,No
CUST-05382,Female,0,Yes,Yes,31,Yes,No,Fiber optic,Yes,Yes,Yes,Yes,No,Yes,Month-to-month,Yes,Bank transfer (automatic),78.32,2442.61,Yes
CUST-05383,Female,0,Yes,No,39,Yes,No,Fiber optic,No,No,No,No,No,No,Month-to-month,Yes,Electronic check,55.96,2161.55,Yes
CUST-05384,Female,0,No,No,9,Yes,No,DSL,Yes,No,No,Yes,Yes,Yes,Month-to-month,Yes,Electronic check,74.02,660.67,Yes
CUST-05385,Female,1,No,Yes,41,Yes,No,DSL,No,No,No,No,No,Yes,Month-to-month,Yes,Electronic check,45.3,1849.57,Yes
CUST-05386,Male,0,Yes,No,63,Yes,No,No,No internet service,No internet service,No internet service,No internet service,No internet service,No internet service,One year,Yes,Electronic check,24.55,1608.36,No
CUST-05387,Male,0,Yes,No,14,No,No phone service,No,No internet service,No internet service,No internet service,No internet service,No internet service,No internet service,Two year,Yes,Electronic check,30.09,395.08,No
CUST-05388,Male,0,Yes,Yes,58,Yes,Yes,Fiber optic,No,Yes,No,No,No,No,One year,Yes,Electronic check,66.76,3863.96,No
CUST-05389,Female,0,Yes,Yes,64,Yes,Yes,DSL,Yes,No,No,No,No,No,Month-to-month,Yes,Electronic check,53.07,3326.18,No
CUST-05390,Female,0,Yes,No,28,Yes,No,DSL,No,No,No,Yes,Yes,Yes,Two year,No,Mailed check,66.25,1918.52,No
CUST-05391,Female,0,No,No,4,Yes,No,DSL,No,Yes,No,No,No,No,One year,No,Electronic check,44.49,157.75,Yes
CUST-05392,Female,0,Yes,Yes,34,Yes,No,Fiber optic,No,No,No,No,Yes,No,Month-to-month,No,Electronic check,66.12,2216.22,Yes
CUST-05393,Female,0,Yes,Yes,4,Yes,No,Fiber optic,No,No,No,No,No,No,One year,Yes,Electronic check,51.95,188.77,Yes
CUST-05394,Male,0,Yes,No,70,Yes,Yes,DSL,No,No,Yes,No,No,No,One year,No,Credit card (automatic),51.58,3572.09,No
CUST-05395,Female,0,No,No,58,Yes,Yes,DSL,Yes,No,No,No,No,No,Two year,No,Electronic check,53.83,3067.73,No
CUST-05396,Male,1,No,No,4,No,No phone service,Fiber optic,No,Yes,No,No,Yes,No,Month-to-month,Yes,Mailed check,72.78,202.75,Yes
CUST-05397,Female,0,No,No,50,Yes,Yes,Fiber optic,No,Yes,Yes,Yes,No,No,Two year,Yes,Electronic check,75.77,3856.89,No
CUST-05398,Female,0,Yes,No,5,Yes,No,Fiber optic,No,No,No,No,No,Yes,Two year,Yes,Mailed check,70.63,336.82,No
CUST-05399,Male,0,Yes,No,45,Yes,No,Fiber optic,Yes,No,No,No,No,No,Month-to-month,Yes,Credit card (automatic),52.89,2368.42,Yes
CUST-05400,Male,1,Yes,No,35,Yes,Yes,Fiber optic,Yes,Yes,No,No,No,No,Two year,No,Mailed check,69.69,2472.22,No
CUST-05401,Female,0,Yes,Yes,27,Yes,Yes,Fiber optic,No,No,No,No,No,No,One year,Yes,Electronic check,60.3,1634.71,Yes
CUST-05402,Female,0,No,No,2,Yes,No,DSL,No,Yes,No,No,Yes,No,One year,Yes,Mailed check,57.19,96.4,Yes
CUST-05403,Female,0,Yes,No,54,Yes,Yes,DSL,No,No,Yes,No,No,Yes,Two year,No,Mailed check,58.91,3167.11,No
CUST-05404,Female,0,Yes,Yes,72,Yes,No,DSL,Yes,No,No,No,Yes,No,Month-to-month,Yes,Credit card (automatic),60.53,4367.77,No
CUST-05405,Male,0,No,Yes,48,Yes,No,No,No internet service,No internet service,No internet service,No internet service,No internet service,No internet service,Month-to-month,No,Credit card (automatic),27.22,1347.58,No
CUST-05406,Female,0,Yes,No,49,Yes,Yes,DSL,Yes,Yes,Yes,No,No,No,Month-to-month,Yes,Credit card (automatic),63.24,3071.87,No
CUST-05407,Male,1,No,No,1,Yes,No,DSL,No,Yes,No,No,Yes,No,Month-to-month,Yes,Electronic check,56.66,48.17,Yes
CUST-05408,Female,0,Yes,No,33,Yes,No,DSL,Yes,No,Yes,No,No,No,Month-to-month,Yes,Electronic check,55.18,1861.44,No
CUST-05409,Male,0,Yes,No,35,Yes,No,DSL,No,Yes,Yes,No,No,Yes,Month-to-month,No,Electronic check,63.64,2275.25,No
CUST-05410,Male,0,Yes,Yes,54,Yes,No,No,No internet service,No internet service,No internet service,No internet service,No internet service,No internet service,Month-to-month,Yes,Mailed check,20.83,1132.66,No
CUST-05411,Female,0,No,No,56,Yes,Yes,DSL,No,No,Yes,Yes,Yes,No,Month-to-month,Yes,Electronic check,61.13,3468.98,Yes
CUST-05412,Male,0,Yes,Yes,15,Yes,No,Fiber optic,No,Yes,No,No,No,No,Two year,No,Bank transfer (automatic),61.36,874.14,Yes
CUST-05413,Female,0,Yes,Yes,69,Yes,Yes,Fiber optic,Yes,No,No,No,Yes,No,One year,Yes,Credit card (automatic),75.93,5213.83,No
CUST-05414,Male,0,Yes,Yes,4,Yes,No,DSL,No,No,Yes,Yes,No,No,Month-to-month,Yes,Mailed check,54.44,221.23,No
CUST-05415,Female,0,No,No,64,Yes,Yes,No,No internet service,No internet service,No internet service,No internet service,No internet service,No internet service,Month-to-month,Yes,Bank transfer (automatic),30.29,1862.34,No
CUST-05416,Male,0,No,Yes,22,Yes,Yes,DSL,No,No,Yes,No,Yes,No,Month-to-month,Yes,Electronic check,61.78,1330.72,Yes
CUST-05417,Female,0,Yes,No,24,Yes,No,DSL,No,No,Yes,No,No,Yes,Month-to-month,Yes,Credit card (automatic),53.49,1282.84,No
CUST-05418,Female,0,Yes,Yes,47,Yes,Yes,DSL,No,No,No,No,No,Yes,Two year,Yes,Credit card (automatic),52.43,2496.38,No
CUST-05419,Male,0,No,No,6,Yes,No,DSL,No,No,No,No,Yes,No,Month-to-month,Yes,Credit card (automatic),59.05,326.99,No
CUST-05420,Male,1,No,No,27,Yes,No,Fiber optic,No,No,No,No,No,Yes,Month-to-month,No,Credit card (automatic),63.6,1619.77,Yes
CUST-05421,Male,0,No,No,10,Yes,No,Fiber optic,No,No,Yes,Yes,No,No,Two year,Yes,Electronic check,63.93,618.1,No
CUST-05422,Male,0,Yes,No,39,Yes,No,Fiber optic,Yes,Yes,No,No,No,No,Two year,Yes,Mailed check,66.33,2606.47,No
CUST-05423,Female,0,Yes,No,37,Yes,Yes,DSL,Yes,No,No,No,No,No,Month-to-month,Yes,Electronic check,46.55,1610.16,Yes
CUST-05424,Male,0,No,No,54,Yes,No,Fiber optic,No,Yes,No,No,Yes,Yes,Month-to-month,Yes,Credit card (automatic),83.92,4530.69,No
CUST-05425,Female,0,No,No,51,Yes,No,DSL,No,No,Yes,Yes,Yes,No,Month-to-month,No,Credit card (automatic),57.31,2959.99,No
CUST-05426,Male,0,No,No,60,Yes,Yes,No,No internet service,No internet service,No internet service,No internet service,No internet service,No internet service,Two year,Yes,Bank transfer (automatic),31.52,1987.48,No
CUST-05427,Female,1,Yes,Yes,72,No,No phone service,No,No internet service,No internet service,No internet service,No internet service,No internet service,No internet service,One year,Yes,Electronic check,20.21,1415.71,No
CUST-05428,Female,0,No,No,51,Yes,No,DSL,No,Yes,No,No,No,No,Two year,Yes,Electronic check,46.45,2365.92,No
CUST-05429,Female,0,No,No,62,Yes,Yes,Fiber optic,No,No,No,No,No,Yes,Month-to-month,No,Credit card (automatic),74.57,4566.19,Yes
CUST-05430,Female,0,No,No,49,Yes,No,No,No internet service,No internet service,No internet service,No internet service,No internet service,No internet service,Two year,No,Mailed check,18.0,914.74,No
CUST-05431,Male,0,Yes,No,51,Yes,Yes,DSL,No,No,Yes,No,Yes,No,Month-to-month,No,Bank transfer (automatic),56.25,2947.45,No
CUST-05432,Male,0,No,No,28,Yes,No,DSL,No,Yes,No,Yes,No,Yes,Month-to-month,Yes,Credit card (automatic),51.73,1472.38,No
CUST-05433,Female,0,No,No,36,Yes,Yes,Fiber optic,No,No,Yes,Yes,Yes,Yes,Month-to-month,Yes,Bank transfer (automatic),89.23,3227.91,No
CUST-05434,Male,1,No,Yes,25,Yes,No,DSL,No,No,Yes,Yes,No,Yes,One year,Yes,Credit card (automatic),60.05,1586.28,No
CUST-05435,Male,0,No,Yes,36,Yes,Yes,No,No internet service,No internet service,No internet service,No internet service,No internet service,No internet service,Month-to-month,No,Bank transfer (automatic),36.13,1277.52,No
CUST-05436,Female,0,No,No,60,Yes,No,No,No internet service,No internet service,No internet service,No internet service,No internet service,No internet service,Month-to-month,No,Mailed check,32.19,1982.0,No
CUST-05437,Male,0,No,Yes,7,Yes,Yes,No,No internet service,No internet service,No internet service,No internet service,No internet service,No internet service,One year,Yes,Bank transfer (automatic),24.47,158.45,No
CUST-05438,Male,0,Yes,Yes,65,Yes,No,DSL,No,Yes,Yes,Yes,Yes,No,Month-to-month,Yes,Mailed check,67.59,4485.95,No
CUST-05439,Male,0,No,No,36,Yes,Yes,DSL,No,No,Yes,No,Yes,Yes,Two year,No,Bank transfer (automatic),69.24,2458.99,No
CUST-05440,Female,0,No,No,30,Yes,No,Fiber optic,No,No,No,Yes,No,Yes,Month-to-month,Yes,Credit card (automatic),69.18,2178.69,Yes
CUST-05441,Male,0,Yes,No,47,Yes,No,No,No internet service,No internet service,No internet service,No internet service,No internet service,No internet service,Two year,No,Credit card (automatic),26.56,1285.38,No
CUST-05442,Female,0,Yes,No,29,Yes,Yes,Fiber optic,No,No,Yes,No,No,Yes,Two year,Yes,Mailed check,70.44,2065.81,No
CUST-05443,Male,1,Yes,No,5,Yes,Yes,No,No internet service,No internet service,No internet service,No internet service,No internet service,No internet service,Month-to-month,No,Credit card (automatic),22.91,59.52,Yes
CUST-05444,Male,0,No,Yes,65,Yes,No,No,No internet service,No internet service,No internet service,No internet service,No internet service,No internet service,Month-to-month,No,Electronic check,25.37,1606.5,No
CUST-05445,Male,0,Yes,Yes,69,Yes,Yes,Fiber optic,No,No,No,No,Yes,Yes,Two year,Yes,Mailed check,77.7,5409.28,No
CUST-05446,Female,0,No,Yes,63,Yes,No,DSL,Yes,Yes,No,No,No,No,One year,No,Mailed check,40.55,2589.61,Yes
CUST-05447,Female,0,No,Yes,56,Yes,No,DSL,No,No,Yes,Yes,Yes,No,Two year,No,Electronic check,61.71,3443.26,No
CUST-05448,Male,0,No,No,17,Yes,Yes,Fiber optic,No,No,No,No,No,No,Month-to-month,Yes,Credit card (automatic),58.3,961.05,Yes
CUST-05449,Female,0,Yes,No,51,Yes,No,No,No internet service,No internet service,No internet service,No internet service,No internet service,No internet service,Month-to-month,Yes,Credit card (automatic),25.36,1230.49,No
CUST-05450,Male,0,Yes,No,37,Yes,Yes,Fiber optic,No,No,No,No,No,Yes,Month-to-month,Yes,Electronic check,75.87,2764.17,Yes
CUST-05451,Female,0,Yes,No,9,Yes,No,No,No internet service,No internet service,No internet service,No internet service,No internet service,No internet service,Month-to-month,Yes,Mailed check,30.65,307.05,No
CUST-05452,Female,0,Yes,No,38,Yes,No,Fiber optic,No,No,Yes,No,Yes,No,Month-to-month,Yes,Electronic check,73.62,2881.75,Yes
CUST-05453,Male,0,No,No,53,No,No phone service,DSL,No,Yes,No,No,Yes,Yes,Two year,No,Electronic check,64.27,3408.18,No
CUST-05454,Male,0,No,Yes,13,Yes,Yes,No,No internet service,No internet service,No internet service,No internet service,No internet service,No internet service,Two year,Yes,Electronic check,27.28,275.37,No
CUST-05455,Male,0,Yes,No,53,Yes,Yes,Fiber optic,No,No,No,No,No,No,Two year,No,Mailed check,55.97,2989.9,No
CUST-05456,Male,0,No,No,49,Yes,No,DSL,No,No,No,No,No,Yes,One year,Yes,Bank transfer (automatic),47.99,2378.95,No
CUST-05457,Female,0,Yes,Yes,70,Yes,Yes,No,No internet service,No internet service,No internet service,No internet service,No internet service,No internet service,Month-to-month,No,Mailed check,29.86,2140.78,Yes
CUST-05458,Female,0,Yes,No,35,Yes,Yes,Fiber optic,No,No,No,No,No,No,Month-to-month,Yes,Mailed check,53.47,1813.24,Yes
CUST-05459,Female,0,No,No,16,Yes,Yes,Fiber optic,No,No,No,Yes,No,No,Month-to-month,No,Mailed check,63.17,1014.89,Yes
CUST-05460,Male,0,Yes,Yes,13,Yes,No,DSL,No,No,No,No,No,No,Two year,Yes,Bank transfer (automatic),42.37,503.81,No
CUST-05461,Male,0,No,No,11,Yes,Yes,Fiber optic,No,No,Yes,Yes,Yes,Yes,Two year,No,Electronic check,91.94,1036.15,No
CUST-05462,Female,0,No,Yes,2,No,No phone service,Fiber optic,Yes,No,Yes,Yes,Yes,No,One year,Yes,Credit card (automatic),75.29,71.67,No
CUST-05463,Male,0,No,No,19,Yes,Yes,DSL,No,No,Yes,No,No,Yes,Two year,No,Mailed check,62.95,1160.77,No
CUST-05464,Female,0,Yes,No,45,Yes,No,DSL,No,No,Yes,No,No,Yes,Two year,No,Electronic check,48.7,2252.5,No
CUST-05465,Female,0,Yes,Yes,46,Yes,Yes,DSL,No,Yes,Yes,No,Yes,No,Month-to-month,Yes,Electronic check,68.95,3232.01,Yes
CUST-05466,Female,0,Yes,Yes,47,Yes,Yes,Fiber optic,Yes,Yes,Yes,No,No,Yes,Month-to-month,No,Bank transfer (automatic),89.33,4237.97,Yes
CUST-05467,Female,0,No,No,49,Yes,No,No,No internet service,No internet service,No internet service,No internet service,No internet service,No internet service,Month-to-month,Yes,Mailed check,25.08,1264.49,No
CUST-05468,Female,0,Yes,No,42,Yes,Yes,Fiber optic,Yes,No,Yes,No,No,No,Month-to-month,Yes,Electronic check,68.21,2896.9,No
CUST-05469,Male,0,Yes,No,33,No,No phone service,DSL,No,Yes,No,No,Yes,No,Month-to-month,Yes,Credit card (automatic),56.93,1816.4,No
CUST-05470,Male,0,No,No,41,Yes,No,DSL,Yes,No,No,No,No,No,One year,No,Bank transfer (automatic),52.11,2154.9,No
CUST-05471,Male,0,No,No,69,Yes,Yes,DSL,No,Yes,No,No,Yes,No,One year,Yes,Electronic check,61.08,4141.72,No
CUST-05472,Female,0,No,Yes,19,Yes,Yes,Fiber optic,No,No,No,No,No,No,Two year,No,Electronic check,57.68,1169.33,No
CUST-05473,Female,0,No,No,39,Yes,Yes,No,No internet service,No internet service,No internet service,No internet service,No internet service,No internet service,Month-to-month,Yes,Electronic check,28.04,1087.84,No
CUST-05474,Female,0,Yes,No,7,Yes,No,DSL,No,Yes,Yes,No,Yes,Yes,Month-to-month,No,Electronic check,74.26,511.89,Yes
CUST-05475,Female,1,Yes,No,39,Yes,Yes,Fiber optic,Yes,No,Yes,Yes,Yes,No,One year,Yes,Credit card (automatic),85.83,3344.33,No
CUST-05476,Male,0,Yes,Yes,34,Yes,Yes,DSL,Yes,No,No,Yes,No,No,One year,Yes,Credit card (automatic),52.77,1846.21,No
CUST-05477,Male,0,Yes,Yes,44,Yes,Yes,DSL,No,No,No,Yes,No,No,Month-to-month,Yes,Mailed check,53.33,2326.69,No
CUST-05478,Female,0,No,No,69,Yes,No,DSL,No,No,No,No,No,Yes,Two year,No,Electronic check,53.02,3723.75,No
CUST-05479,Female,0,Yes,Yes,68,Yes,No,Fiber optic,No,No,No,No,Yes,No,Month-to-month,Yes,Mailed check,66.8,4531.72,Yes
CUST-05480,Female,0,No,No,63,Yes,No,DSL,Yes,Yes,Yes,Yes,No,No,Month-to-month,Yes,Mailed check,66.19,4128.2,No
CUST-05481,Male,0,Yes,No,71,Yes,No,DSL,No,Yes,Yes,Yes,Yes,No,One year,No,Electronic check,62.06,4365.54,No
CUST-05482,Male,0,Yes,Yes,48,Yes,No,Fiber optic,No,No,No,No,No,No,One year,Yes,Electronic check,51.43,2513.79,No
CUST-05483,Male,1,No,No,3,No,No phone service,Fiber optic,No,No,Yes,No,No,No,One year,No,Electronic check,59.49,134.1,Yes
CUST-05484,Female,0,Yes,No,34,Yes,No,DSL,Yes,Yes,Yes,No,No,Yes,Month-to-month,No,Credit card (automatic),64.52,2283.59,No
CUST-05485,Female,0,No,Yes,9,Yes,Yes,DSL,No,Yes,No,No,Yes,Yes,Month-to-month,Yes,Credit card (automatic),69.89,648.5,Yes
CUST-05486,Male,0,No,No,61,Yes,Yes,Fiber optic,No,No,No,No,No,No,Two year,No,Electronic check,61.28,3692.85,No
CUST-05487,Female,0,No,Yes,20,Yes,No,Fiber optic,No,Yes,Yes,Yes,No,Yes,Two year,No,Bank transfer (automatic),85.93,1612.82,Yes
CUST-05488,Male,0,Yes,Yes,40,Yes,Yes,Fiber optic,Yes,No,No,No,No,No,Month-to-month,No,Electronic check,64.42,2549.55,No
CUST-05489,Female,0,No,Yes,12,Yes,No,DSL,No,Yes,No,Yes,No,No,Two year,No,Electronic check,54.86,488.23,Yes
CUST-05490,Male,1,Yes,No,28,Yes,No,DSL,No,Yes,No,No,No,Yes,Two year,No,Bank transfer (automatic),55.27,1597.89,No
CUST-05491,Female,0,No,No,48,Yes,Yes,Fiber optic,No,Yes,No,No,Yes,Yes,Two year,No,Bank transfer (automatic),84.54,3999.9,No
CUST-05492,Male,0,Yes,No,7,Yes,No,Fiber optic,Yes,Yes,Yes,Yes,No,Yes,One year,Yes,Bank transfer (automatic),85.61,708.42,No
CUST-05493,Male,1,Yes,Yes,14,Yes,No,Fiber optic,No,No,Yes,No,Yes,Yes,Month-to-month,Yes,Mailed check,83.59,1203.5,Yes
CUST-05494,Male,0,No,No,19,No,No phone service,Fiber optic,No,No,No,No,No,Yes,Month-to-month,Yes,Electronic check,67.97,1373.09,Yes
CUST-05495,Male,0,Yes,No,54,Yes,No,Fiber optic,No,No,No,No,No,No,Month-to-month,No,Mailed check,55.18,2908.47,No
CUST-05496,Male,0,No,No,60,Yes,No,Fiber optic,No,No,No,No,No,No,Month-to-month,Yes,Electronic check,50.95,3024.88,Yes
CUST-05497,Male,0,Yes,Yes,67,No,No phone service,Fiber optic,No,No,No,No,Yes,No,Two year,No,Electronic check,68.55,4575.0,No
CUST-05498,Female,0,No,Yes,34,Yes,No,Fiber optic,No,Yes,Yes,No,No,Yes,Month-to-month,Yes,Electronic check,77.25,2669.95,Yes
CUST-05499,Female,0,No,No,41,Yes,No,DSL,No,Yes,Yes,No,Yes,No,Month-to-month,No,Electronic check,59.67,2480.44,No
CUST-05500,Female,0,Yes,Yes,31,Yes,No,No,No internet service,No internet service,No internet service,No internet service,No internet service,No internet service,One year,Yes,Electronic check,28.3,809.22,No
CUST-05501,Male,0,No,Yes,39,Yes,No,DSL,No,Yes,No,No,No,No,Two year,Yes,Electronic check,41.91,1693.97,No
CUST-05502,Male,0,No,No,52,Yes,Yes,No,No internet service,No internet service,No internet service,No internet service,No internet service,No internet service,Month-to-month,Yes,Mailed check,34.04,1685.15,No
CUST-05503,Female,0,No,No,47,No,No phone service,Fiber optic,No,No,No,Yes,No,No,Month-to-month,Yes,Credit card (automatic),64.97,3092.79,Yes
CUST-05504,Male,1,Yes,No,20,Yes,No,Fiber optic,No,No,Yes,No,No,No,Month-to-month,Yes,Credit card (automatic),56.36,1146.79,Yes
CUST-05505,Male,0,No,Yes,52,Yes,No,DSL,No,No,No,No,Yes,No,Month-to-month,Yes,Mailed check,51.64,2657.8,No
CUST-05506,Male,0,Yes,No,71,Yes,No,Fiber optic,No,No,No,No,Yes,No,Two year,No,Bank transfer (automatic),64.67,4634.09,No
CUST-05507,Male,0,Yes,No,62,Yes,Yes,No,No internet service,No internet service,No internet service,No internet service,No internet service,No internet service,Month-to-month,Yes,Electronic check,25.22,1611.58,No
CUST-05508,Male,0,Yes,No,5,Yes,No,DSL,No,No,No,Yes,No,No,Month-to-month,Yes,Mailed check,51.53,322.74,Yes
CUST-05509,Female,0,No,Yes,57,Yes,Yes,Fiber optic,Yes,Yes,No,No,No,Yes,Month-to-month,Yes,Credit card (automatic),79.62,4537.07,Yes
CUST-05510,Female,0,No,No,4,No,No phone service,Fiber optic,No,No,No,No,Yes,No,Month-to-month,Yes,Electronic check,62.83,220.12,Yes
CUST-05511,Female,0,Yes,No,11,No,No phone service,DSL,No,Yes,No,Yes,No,No,Month-to-month,Yes,Bank transfer (automatic),47.26,531.49,Yes
CUST-05512,Female,0,No,No,19,Yes,Yes,Fiber optic,No,Yes,No,Yes,No,No,Two year,Yes,Mailed check,65.4,1134.89,No
CUST-05513,Female,0,No,No,27,Yes,Yes,No,No internet service,No internet service,No internet service,No internet service,No internet service,No internet service,Month-to-month,No,Electronic check,33.78,796.18,No
CUST-05514,Male,0,Yes,Yes,29,Yes,No,DSL,No,No,No,Yes,Yes,No,Month-to-month,Yes,Electronic check,58.23,1769.04,Yes
CUST-05515,Male,0,No,Yes,18,Yes,Yes,Fiber optic,No,No,No,No,Yes,No,One year,Yes,Credit card (automatic),76.18,1399.65,No
CUST-05516,Male,0,Yes,Yes,37,Yes,Yes,DSL,Yes,No,No,No,Yes,Yes,Month-to-month,No,Electronic check,77.37,2906.01,Yes
CUST-05517,Male,0,Yes,No,61,Yes,No,No,No internet service,No internet service,No internet service,No internet service,No internet service,No internet service,Month-to-month,No,Credit card (automatic),28.22,1787.78,No
CUST-05518,Female,0,Yes,No,47,Yes,Yes,Fiber optic,Yes,No,No,No,No,Yes,One year,No,Mailed check,75.86,3583.79,No
CUST-05519,Female,1,No,No,20,Yes,Yes,No,No internet service,No internet service,No internet service,No internet service,No internet service,No internet service,Month-to-month,Yes,Credit card (automatic),30.77,525.86,No
CUST-05520,Female,0,No,Yes,70,Yes,No,DSL,Yes,No,Yes,No,No,Yes,Month-to-month,No,Credit card (automatic),66.82,4639.04,Yes
CUST-05521,Male,0,Yes,No,49,Yes,Yes,No,No internet service,No internet service,No internet service,No internet service,No internet service,No internet service,Two year,Yes,Electronic check,29.83,1604.79,No
CUST-05522,Female,0,Yes,Yes,15,Yes,Yes,Fiber optic,No,Yes,No,No,Yes,No,One year,Yes,Credit card (automatic),67.84,1071.29,No
CUST-05523,Male,0,No,No,18,Yes,Yes,DSL,No,No,No,No,Yes,No,Two year,Yes,Mailed check,50.36,833.5,No
CUST-05524,Female,0,No,Yes,38,Yes,Yes,Fiber optic,No,No,No,Yes,Yes,No,Month-to-month,Yes,Credit card (automatic),79.15,2962.2,Yes
CUST-05525,Female,0,No,No,22,Yes,No,Fiber optic,Yes,Yes,No,Yes,No,No,One year,Yes,Credit card (automatic),71.59,1590.66,No
CUST-05526,Male,0,No,No,60,Yes,No,No,No internet service,No internet service,No internet service,No internet service,No internet service,No internet service,Two year,No,Electronic check,24.49,1455.62,No
CUST-05527,Male,0,No,No,66,Yes,Yes,DSL,No,No,No,No,No,Yes,One year,No,Bank transfer (automatic),53.99,3602.86,No
CUST-05528,Female,1,No,No,26,Yes,No,No,No internet service,No internet service,No internet service,No internet service,No internet service,No internet service,Month-to-month,Yes,Electronic check,26.64,727.85,No
CUST-05529,Female,1,No,Yes,64,Yes,Yes,Fiber optic,No,No,No,No,Yes,Yes,Month-to-month,No,Bank transfer (automatic),84.33,5354.7,Yes
CUST-05530,Male,0,Yes,No,58,Yes,No,Fiber optic,No,No,Yes,No,No,No,Month-to-month,Yes,Mailed check,57.34,3273.24,No
CUST-05531,Female,0,No,No,3,Yes,No,DSL,No,No,No,Yes,Yes,No,Month-to-month,Yes,Electronic check,58.9,225.5,No
CUST-05532,Female,0,Yes,No,30,Yes,Yes,Fiber optic,No,No,No,No,No,No,Two year,No,Electronic check,59.64,1806.38,Yes
CUST-05533,Male,1,Yes,Yes,19,Yes,Yes,No,No internet service,No internet service,No internet service,No internet service,No internet service,No internet service,Month-to-month,Yes,Electronic check,30.12,587.91,No
CUST-05534,Female,0,Yes,No,10,Yes,No,No,No internet service,No internet service,No internet service,No internet service,No internet service,No internet service,Two year,Yes,Credit card (automatic),26.42,395.13,No
CUST-05535,Male,0,No,Yes,46,Yes,No,Fiber optic,No,No,Yes,No,No,No,Month-to-month,No,Bank transfer (automatic),50.39,2405.12,No
CUST-05536,Female,1,No,No,19,Yes,No,No,No internet service,No internet service,No internet service,No internet service,No internet service,No internet service,Two year,No,Electronic check,18.0,405.54,No
CUST-05537,Male,0,No,Yes,58,Yes,No,No,No internet service,No internet service,No internet service,No internet service,No internet service,No internet service,Month-to-month,No,Mailed check,23.34,1363.54,No
CUST-05538,Female,0,Yes,No,6,Yes,No,No,No internet service,No internet service,No internet service,No internet service,No internet service,No internet service,One year,Yes,Bank transfer (automatic),21.23,113.57,Yes
CUST-05539,Male,0,No,No,51,Yes,Yes,Fiber optic,Yes,No,No,No,No,Yes,Two year,No,Credit card (automatic),73.81,3717.53,No
CUST-05540,Female,1,Yes,Yes,14,Yes,No,No,No internet service,No internet service,No internet service,No internet service,No internet service,No internet service,Month-to-month,No,Bank transfer (automatic),30.75,466.89,No
CUST-05541,Male,0,No,No,58,No,No phone service,DSL,Yes,No,No,No,Yes,No,One year,Yes,Electronic check,53.83,3086.79,No
CUST-05542,Female,0,Yes,No,8,Yes,No,Fiber optic,No,No,No,No,No,Yes,Month-to-month,No,Credit card (automatic),61.69,478.54,Yes
CUST-05543,Female,0,No,Yes,2,Yes,Yes,DSL,Yes,Yes,Yes,No,No,No,Month-to-month,Yes,Mailed check,56.36,235.59,No
CUST-05544,Female,0,No,Yes,18,Yes,Yes,DSL,Yes,Yes,Yes,No,Yes,No,Month-to-month,No,Bank transfer (automatic),63.22,1199.15,Yes
CUST-05545,Female,0,No,No,57,Yes,No,Fiber optic,Yes,No,No,No,No,Yes,Month-to-month,Yes,Electronic check,73.03,4152.95,No
CUST-05546,Female,0,No,No,35,No,No phone service,No,No internet service,No internet service,No internet service,No internet service,No internet service,No internet service,One year,Yes,Bank transfer (automatic),32.95,1133.64,No
CUST-05547,Female,1,No,No,66,Yes,No,DSL,No,Yes,No,Yes,No,Yes,Month-to-month,Yes,Mailed check,60.06,3901.02,No
CUST-05548,Female,0,Yes,No,56,Yes,No,DSL,No,No,Yes,No,Yes,No,Two year,No,Electronic check,53.55,2937.65,No
CUST-05549,Female,1,No,No,43,Yes,No,DSL,No,Yes,No,No,No,No,Month-to-month,Yes,Credit card (automatic),43.9,1905.07,Yes
CUST-05550,Female,0,Yes,Yes,72,Yes,Yes,Fiber optic,Yes,No,No,No,No,No,Month-to-month,No,Bank transfer (automatic),70.42,5163.27,No
CUST-05551,Male,0,Yes,No,8,Yes,No,DSL,No,Yes,No,No,Yes,Yes,Month-to-month,Yes,Electronic check,60.42,449.13,Yes
CUST-05552,Male,0,Yes,No,5,Yes,No,DSL,No,No,No,Yes,Yes,No,Month-to-month,No,Bank transfer (automatic),55.7,231.79,No
CUST-05553,Female,0,No,No,13,Yes,Yes,DSL,Yes,No,No,Yes,Yes,Yes,One year,Yes,Credit card (automatic),79.41,1025.25,No
CUST-05554,Male,0,Yes,No,7,Yes,Yes,DSL,No,No,No,No,Yes,Yes,One year,Yes,Mailed check,61.79,376.16,Yes
CUST-05555,Female,0,Yes,No,21,Yes,Yes,Fiber optic,Yes,Yes,No,Yes,Yes,No,One year,Yes,Mailed check,96.22,2036.42,Yes
CUST-05556,Female,0,No,Yes,37,Yes,No,DSL,Yes,No,No,No,No,No,Two year,Yes,Bank transfer (automatic),43.96,1610.3,No
CUST-05557,Male,0,No,No,45,Yes,No,Fiber optic,No,No,No,No,No,Yes,Month-to-month,Yes,Mailed check,75.97,3411.72,No
CUST-05558,Female,1,Yes,No,52,Yes,No,Fiber optic,Yes,Yes,No,No,No,No,Month-to-month,No,Mailed check,62.84,3129.51,No
CUST-05559,Female,0,No,No,48,Yes,No,DSL,Yes,Yes,No,No,No,No,Month-to-month,Yes,Mailed check,49.94,2395.1,No
CUST-05560,Male,0,Yes,Yes,62,Yes,Yes,Fiber optic,No,No,No,No,Yes,No,One year,Yes,Electronic check,67.67,4229.26,No
CUST-05561,Male,0,No,No,51,Yes,No,DSL,No,No,No,No,Yes,Yes,Two year,No,Electronic check,53.75,2771.04,No
CUST-05562,Female,0,No,No,4,Yes,No,No,No internet service,No internet service,No internet service,No internet service,No internet service,No internet service,Two year,Yes,Mailed check,20.86,129.19,No
CUST-05563,Male,0,No,Yes,56,Yes,No,No,No internet service,No internet service,No internet service,No internet service,No internet service,No internet service,Two year,Yes,Electronic check,31.44,1689.15,Yes
CUST-05564,Male,0,No,Yes,34,Yes,Yes,Fiber optic,Yes,No,Yes,Yes,No,No,One year,No,Bank transfer (automatic),75.45,2563.06,Yes
CUST-05565,Female,0,Yes,No,45,No,No phone service,Fiber optic,Yes,No,No,No,No,Yes,One year,No,Credit card (automatic),71.75,3262.31,No
CUST-05566,Male,1,Yes,Yes,16,Yes,Yes,Fiber optic,No,No,No,No,Yes,No,Month-to-month,No,Mailed check,65.74,920.15,No
CUST-05567,Male,0,No,No,9,Yes,Yes,Fiber optic,No,No,Yes,Yes,No,Yes,One year,Yes,Credit card (automatic),88.53,804.42,Yes
CUST-05568,Female,0,Yes,No,16,Yes,No,DSL,No,No,No,No,Yes,Yes,Month-to-month,Yes,Credit card (automatic),60.87,922.13,Yes
CUST-05569,Male,0,No,No,31,Yes,No,Fiber optic,No,No,Yes,No,Yes,No,Month-to-month,No,Bank transfer (automatic),69.51,2106.61,No
CUST-05570,Male,0,Yes,No,13,Yes,No,Fiber optic,No,Yes,No,Yes,Yes,Yes,Month-to-month,No,Bank transfer (automatic),87.88,1102.95,No
CUST-05571,Female,0,Yes,No,5,Yes,No,DSL,No,No,Yes,No,Yes,No,Month-to-month,No,Bank transfer (automatic),48.65,163.02,Yes
CUST-05572,Female,0,No,No,47,Yes,No,Fiber optic,No,No,No,Yes,No,Yes,Month-to-month,Yes,Electronic check,65.78,3054.81,No
CUST-05573,Female,1,Yes,No,39,Yes,Yes,Fiber optic,No,No,Yes,No,No,No,Two year,Yes,Bank transfer (automatic),56.22,2190.01,No
CUST-05574,Male,0,Yes,No,18,No,No phone service,Fiber optic,No,Yes,Yes,Yes,Yes,No,Two year,No,Mailed check,74.07,1313.38,No
CUST-05575,Female,0,Yes,No,20,Yes,Yes,Fiber optic,Yes,No,No,No,No,Yes,One year,No,Electronic check,80.37,1620.04,No
CUST-05576,Female,1,No,No,2,Yes,Yes,No,No internet service,No internet service,No internet service,No internet service,No internet service,No internet service,Two year,Yes,Bank transfer (automatic),31.62,147.16,No
CUST-05577,Male,0,Yes,No,40,Yes,Yes,DSL,No,Yes,No,No,No,Yes,Month-to-month,Yes,Credit card (automatic),62.27,2552.33,No
CUST-05578,Female,0,Yes,No,30,Yes,No,DSL,No,No,No,No,Yes,Yes,Two year,Yes,Electronic check,58.17,1738.73,No
CUST-05579,Female,0,Yes,No,10,No,No phone service,Fiber optic,Yes,No,No,No,Yes,No,Two year,Yes,Electronic check,68.81,668.7,Yes
CUST-05580,Female,0,Yes,No,64,Yes,Yes,DSL,No,Yes,No,No,Yes,No,Month-to-month,Yes,Mailed check,62.86,3981.27,No
CUST-05581,Female,0,Yes,No,42,Yes,No,Fiber optic,No,No,No,No,Yes,No,Month-to-month,Yes,Electronic check,66.13,2830.79,Yes
CUST-05582,Male,0,No,No,53,Yes,Yes,Fiber optic,Yes,No,Yes,No,No,No,One year,No,Electronic check,68.57,3644.29,No
CUST-05583,Female,0,No,No,53,Yes,Yes,Fiber optic,No,Yes,Yes,No,No,Yes,Month-to-month,No,Mailed check,87.51,4678.93,Yes
CUST-05584,Female,0,Yes,Yes,40,No,No phone service,DSL,Yes,No,No,Yes,Yes,Yes,Month-to-month,Yes,Mailed check,66.57,2661.52,No
CUST-05585,Male,1,No,No,16,Yes,No,DSL,No,No,No,Yes,No,Yes,Two year,Yes,Bank transfer (automatic),51.1,756.55,Yes
CUST-05586,Female,0,No,No,48,Yes,No,No,No internet service,No internet service,No internet service,No internet service,No internet service,No internet service,Month-to-month,No,Mailed check,25.82,1171.65,No
CUST-05587,Male,0,Yes,Yes,61,Yes,Yes,Fiber optic,No,Yes,Yes,No,No,Yes,One year,No,Electronic check,87.13,5278.77,No
CUST-05588,Male,0,Yes,No,38,Yes,No,DSL,Yes,Yes,No,No,Yes,No,Month-to-month,Yes,Electronic check,60.43,2292.08,Yes
CUST-05589,Male,0,No,Yes,44,Yes,No,No,No internet service,No internet service,No internet service,No internet service,No internet service,No internet service,Month-to-month,Yes,Mailed check,26.27,1192.38,No
CUST-05590,Female,0,No,No,15,Yes,Yes,DSL,Yes,Yes,No,No,Yes,No,Two year,Yes,Bank transfer (automatic),62.51,938.71,No
CUST-05591,Male,0,Yes,No,61,No,No phone service,No,No internet service,No internet service,No internet service,No internet service,No internet service,No internet service,Month-to-month,No,Bank transfer (automatic),29.83,1810.61,No
CUST-05592,Male,0,Yes,Yes,7,Yes,No,No,No internet service,No internet service,No internet service,No internet service,No internet service,No internet service,Month-to-month,Yes,Mailed check,23.94,230.1,No
CUST-05593,Male,0,Yes,Yes,30,Yes,Yes,No,No internet service,No internet service,No internet service,No internet service,No internet service,No internet service,One year,Yes,Electronic check,30.01,856.31,No
CUST-05594,Female,0,Yes,No,36,Yes,Yes,Fiber optic,No,No,Yes,No,Yes,Yes,Month-to-month,Yes,Mailed check,80.41,2915.76,Yes
CUST-05595,Female,0,No,Yes,11,Yes,No,Fiber optic,No,No,No,No,No,Yes,Month-to-month,No,Bank transfer (automatic),62.17,652.35,Yes
CUST-05596,Female,0,No,Yes,70,Yes,Yes,DSL,No,No,No,No,No,Yes,One year,Yes,Credit card (automatic),58.55,3991.7,No
CUST-05597,Female,0,No,Yes,29,No,No phone service,Fiber optic,No,No,No,No,Yes,No,One year,Yes,Electronic check,63.24,1820.72,No
CUST-05598,Female,0,Yes,Yes,6,Yes,No,Fiber optic,No,No,No,No,No,No,One year,No,Bank transfer (automatic),54.0,302.24,Yes
CUST-05599,Female,0,Yes,Yes,51,Yes,Yes,DSL,No,No,Yes,No,No,Yes,One year,No,Bank transfer (automatic),57.74,2936.86,No
CUST-05600,Female,0,Yes,No,38,Yes,No,Fiber optic,Yes,No,No,No,Yes,Yes,Two year,Yes,Electronic check,81.07,3088.48,No
CUST-05601,Male,0,No,No,22,Yes,Yes,No,No internet service,No internet service,No internet service,No internet service,No internet service,No internet service,Month-to-month,No,Mailed check,35.79,850.27,No
CUST-05602,Male,1,No,Yes,54,Yes,Yes,Fiber optic,No,No,No,No,No,Yes,Month-to-month,Yes,Bank transfer (automatic),68.28,3685.7,Yes
CUST-05603,Male,1,Yes,Yes,40,No,No phone service,DSL,No,No,Yes,No,No,No,Two year,No,Credit card (automatic),42.1,1720.56,No
CUST-05604,Male,1,Yes,No,7,Yes,No,DSL,No,No,No,No,No,No,One year,No,Bank transfer (automatic),43.63,353.86,No
CUST-05605,Female,0,No,Yes,40,Yes,No,Fiber optic,No,Yes,No,Yes,No,No,Two year,Yes,Credit card (automatic),60.54,2381.77,No
CUST-05606,Male,0,No,No,24,Yes,No,Fiber optic,No,No,No,No,No,Yes,Month-to-month,No,Credit card (automatic),71.56,1760.93,No
CUST-05607,Male,0,Yes,Yes,41,Yes,No,DSL,No,No,No,No,No,No,Month-to-month,No,Mailed check,37.61,1571.31,Yes
CUST-05608,Male,1,Yes,Yes,51,Yes,No,Fiber optic,No,No,No,No,Yes,No,Month-to-month,No,Credit card (automatic),63.18,3168.09,Yes
CUST-05609,Male,0,Yes,Yes,39,Yes,No,Fiber optic,No,No,Yes,No,Yes,Yes,Month-to-month,No,Electronic check,78.86,2998.82,Yes
CUST-05610,Female,0,No,Yes,43,Yes,Yes,Fiber optic,No,No,No,No,Yes,No,Month-to-month,Yes,Bank transfer (automatic),68.82,2977.94,Yes
CUST-05611,Female,0,No,No,69,Yes,No,No,No internet service,No internet service,No internet service,No internet service,No internet service,No internet service,One year,Yes,Electronic check,18.0,1230.33,No
CUST-05612,Female,0,No,Yes,59,Yes,No,Fiber optic,No,No,No,No,No,Yes,Two year,Yes,Credit card (automatic),62.7,3748.97,No
CUST-05613,Male,0,No,No,25,Yes,Yes,DSL,No,Yes,Yes,Yes,No,No,Month-to-month,Yes,Bank transfer (automatic),66.24,1653.34,No
CUST-05614,Female,0,No,No,25,Yes,Yes,No,No internet service,No internet service,No internet service,No internet service,No internet service,No internet service,Month-to-month,No,Bank transfer (automatic),26.62,494.49,No
CUST-05615,Male,0,Yes,No,24,Yes,No,DSL,Yes,Yes,Yes,Yes,No,No,One year,Yes,Bank transfer (automatic),58.34,1420.28,No
CUST-05616,Female,0,Yes,Yes,62,No,No phone service,No,No internet service,No internet service,No internet service,No internet service,No internet service,No internet service,Month-to-month,Yes,Mailed check,33.66,2078.11,No
CUST-05617,Female,0,Yes,Yes,43,No,No phone service,No,No internet service,No internet service,No internet service,No internet service,No internet service,No internet service,One year,Yes,Mailed check,22.49,862.22,No
CUST-05618,Female,0,Yes,No,59,Yes,No,No,No internet service,No internet service,No internet service,No internet service,No internet service,No internet service,Two year,Yes,Electronic check,20.25,1220.94,No
CUST-05619,Female,1,No,Yes,54,Yes,No,No,No internet service,No internet service,No internet service,No internet service,No internet service,No internet service,One year,Yes,Credit card (automatic),28.34,1446.35,No
CUST-05620,Female,0,No,No,26,Yes,Yes,DSL,No,No,Yes,No,No,No,Month-to-month,Yes,Electronic check,39.59,1047.84,No
CUST-05621,Male,0,No,No,54,Yes,Yes,DSL,No,No,Yes,No,No,No,One year,No,Credit card (automatic),54.14,2903.41,No
CUST-05622,Female,0,Yes,No,61,Yes,No,DSL,Yes,No,No,No,No,No,Month-to-month,No,Bank transfer (automatic),41.07,2504.21,No
CUST-05623,Male,0,Yes,Yes,44,Yes,Yes,No,No internet service,No internet service,No internet service,No internet service,No internet service,No internet service,Month-to-month,Yes,Mailed check,29.12,1214.93,No
CUST-05624,Male,0,Yes,No,9,Yes,Yes,DSL,No,No,No,No,No,Yes,Two year,Yes,Bank transfer (automatic),59.26,558.15,No
CUST-05625,Male,0,No,No,42,Yes,Yes,Fiber optic,No,No,No,No,Yes,No,One year,No,Credit card (automatic),73.56,3072.51,No
CUST-05626,Male,0,Yes,No,29,No,No phone service,DSL,Yes,No,No,No,No,No,Two year,Yes,Electronic check,43.13,1279.7,No
CUST-05627,Male,0,Yes,Yes,58,Yes,Yes,Fiber optic,No,Yes,No,Yes,No,Yes,Two year,No,Electronic check,79.76,4606.59,No
CUST-05628,Female,0,Yes,No,63,Yes,Yes,DSL,Yes,Yes,No,No,No,No,Month-to-month,Yes,Credit card (automatic),56.37,3671.77,No
CUST-05629,Female,0,No,No,49,Yes,Yes,Fiber optic,No,No,No,No,No,Yes,Month-to-month,Yes,Mailed check,74.13,3676.45,No
CUST-05630,Female,0,No,No,11,No,No phone service,No,No internet service,No internet service,No internet service,No internet service,No internet service,No internet service,Month-to-month,No,Bank transfer (automatic),24.23,258.33,Yes
CUST-05631,Female,0,No,No,54,No,No phone service,Fiber optic,Yes,No,No,No,No,No,Month-to-month,Yes,Electronic check,53.37,2872.12,No
CUST-05632,Male,0,No,No,30,Yes,Yes,DSL,No,Yes,Yes,Yes,Yes,Yes,One year,No,Mailed check,84.41,2471.73,No
CUST-05633,Female,0,No,Yes,66,Yes,Yes,No,No internet service,No internet service,No internet service,No internet service,No internet service,No internet service,Two year,Yes,Credit card (automatic),34.1,2273.12,No
CUST-05634,Female,0,Yes,No,65,Yes,Yes,DSL,No,Yes,No,Yes,No,No,One year,No,Mailed check,60.66,3954.44,No
CUST-05635,Male,0,Yes,No,58,Yes,Yes,Fiber optic,Yes,No,No,No,No,No,Month-to-month,No,Credit card (automatic),61.19,3556.21,Yes
CUST-05636,Male,0,No,Yes,57,Yes,No,Fiber optic,No,Yes,No,No,No,No,One year,No,Electronic check,53.71,3120.78,No
CUST-05637,Female,0,No,No,37,Yes,No,Fiber optic,Yes,Yes,No,No,Yes,No,Month-to-month,Yes,Mailed check,73.35,2719.16,Yes
CUST-05638,Female,0,Yes,No,54,Yes,No,Fiber optic,No,No,Yes,Yes,Yes,No,Month-to-month,Yes,Credit card (automatic),72.15,3887.83,No
CUST-05639,Male,0,Yes,Yes,69,Yes,No,Fiber optic,No,Yes,No,No,No,Yes,Month-to-month,Yes,Mailed check,74.16,5187.3,Yes
CUST-05640,Female,0,No,Yes,24,Yes,No,DSL,Yes,No,Yes,No,No,No,Month-to-month,Yes,Electronic check,50.82,1240.82,No
CUST-05641,Female,1,Yes,No,63,Yes,Yes,Fiber optic,Yes,No,No,No,Yes,No,Two year,No,Electronic check,70.37,4428.11,No
CUST-05642,Female,0,No,No,51,Yes,No,DSL,No,Yes,No,No,No,No,Month-to-month,No,Mailed check,39.77,2066.26,No
CUST-05643,Female,0,Yes,No,15,Yes,No,Fiber optic,No,Yes,Yes,Yes,No,Yes,Month-to-month,Yes,Bank transfer (automatic),81.67,1255.5,Yes
CUST-05644,Male,0,Yes,Yes,47,Yes,Yes,Fiber optic,No,Yes,No,No,No,No,Two year,Yes,Electronic check,72.04,3368.42,No
CUST-05645,Male,0,Yes,Yes,46,Yes,No,No,No internet service,No internet service,No internet service,No internet service,No internet service,No internet service,Month-to-month,Yes,Bank transfer (automatic),26.9,1228.25,No
CUST-05646,Male,0,No,No,30,Yes,No,Fiber optic,No,No,Yes,No,No,No,One year,Yes,Electronic check,60.38,1847.77,Yes
CUST-05647,Female,0,No,No,20,Yes,No,No,No internet service,No internet service,No internet service,No internet service,No internet service,No internet service,Two year,Yes,Electronic check,22.25,424.78,No
CUST-05648,Female,0,Yes,Yes,57,Yes,No,Fiber optic,No,No,No,No,No,No,Month-to-month,No,Electronic check,54.29,3114.87,Yes
CUST-05649,Female,0,No,No,49,Yes,Yes,Fiber optic,No,Yes,No,No,No,Yes,Month-to-month,Yes,Mailed check,76.56,3772.2,No
CUST-05650,Female,0,Yes,No,56,Yes,Yes,Fiber optic,No,No,No,No,No,Yes,Two year,Yes,Bank transfer (automatic),73.13,4005.65,No
CUST-05651,Female,0,Yes,Yes,56,Yes,Yes,Fiber optic,Yes,No,No,No,No,Yes,One year,Yes,Electronic check,82.52,4610.7,No
CUST-05652,Male,0,No,Yes,25,No,No phone service,Fiber optic,Yes,No,No,No,Yes,No,Month-to-month,Yes,Bank transfer (automatic),66.38,1743.42,Yes
CUST-05653,Female,0,Yes,Yes,9,No,No phone service,No,No internet service,No internet service,No internet service,No internet service,No internet service,No internet service,One year,No,Bank transfer (automatic),26.45,195.72,No
CUST-05654,Female,0,No,No,22,No,No phone service,Fiber optic,No,No,No,No,Yes,No,Two year,Yes,Credit card (automatic),67.98,1484.73,No
CUST-05655,Male,0,No,Yes,37,Yes,No,DSL,Yes,No,Yes,No,No,Yes,Two year,No,Electronic check,55.09,2072.81,Yes
CUST-05656,Female,0,No,No,28,Yes,Yes,DSL,No,No,No,Yes,No,No,Two year,Yes,Electronic check,51.5,1476.57,No
CUST-05657,Male,1,No,No,14,Yes,Yes,Fiber optic,No,Yes,No,No,Yes,No,One year,No,Bank transfer (automatic),73.73,1107.3,No
CUST-05658,Male,0,No,No,30,Yes,No,DSL,Yes,No,No,No,No,Yes,Two year,Yes,Mailed check,51.54,1544.93,No
CUST-05659,Male,0,Yes,Yes,39,Yes,No,No,No internet service,No internet service,No internet service,No internet service,No internet service,No internet service,Month-to-month,No,Bank transfer (automatic),21.66,811.91,No
CUST-05660,Male,0,Yes,No,57,Yes,No,DSL,No,No,Yes,No,No,No,Month-to-month,Yes,Electronic check,42.27,2417.57,Yes
CUST-05661,Male,0,Yes,No,5,Yes,No,DSL,No,Yes,No,No,Yes,No,Two year,Yes,Electronic check,51.38,263.55,No
CUST-05662,Female,0,No,No,12,Yes,Yes,Fiber optic,No,No,No,No,Yes,No,Two year,Yes,Bank transfer (automatic),65.74,882.74,No
CUST-05663,Male,0,Yes,No,35,Yes,No,DSL,No,Yes,No,No,No,No,Month-to-month,No,Electronic check,39.43,1293.35,Yes
CUST-05664,Male,0,Yes,No,41,Yes,No,No,No internet service,No internet service,No internet service,No internet service,No internet service,No internet service,Two year,No,Credit card (automatic),22.69,925.48,No
CUST-05665,Female,1,No,No,63,Yes,Yes,No,No internet service,No internet service,No internet service,No internet service,No internet service,No internet service,Month-to-month,Yes,Bank transfer (automatic),32.08,2076.5,No
CUST-05666,Female,0,No,Yes,42,Yes,Yes,Fiber optic,No,Yes,No,Yes,Yes,Yes,Month-to-month,Yes,Credit card (automatic),84.8,3615.85,Yes
CUST-05667,Male,0,No,No,65,No,No phone service,No,No internet service,No internet service,No internet service,No internet service,No internet service,No internet service,Month-to-month,Yes,Bank transfer (automatic),22.63,1486.83,No
CUST-05668,Female,1,No,No,65,Yes,Yes,DSL,No,No,No,No,No,Yes,Month-to-month,Yes,Bank transfer (automatic),53.19,3449.78,No
CUST-05669,Female,0,Yes,No,43,Yes,No,DSL,No,No,No,No,Yes,No,Two year,Yes,Mailed check,44.28,1866.12,No
CUST-05670,Male,0,No,Yes,60,Yes,No,No,No internet service,No internet service,No internet service,No internet service,No internet service,No internet service,Month-to-month,No,Credit card (automatic),23.12,1429.53,No
CUST-05671,Male,0,Yes,Yes,20,Yes,Yes,DSL,No,No,No,Yes,No,No,Month-to-month,Yes,Electronic check,47.83,957.15,Yes
CUST-05672,Female,1,Yes,No,63,Yes,Yes,Fiber optic,No,No,Yes,No,No,Yes,Month-to-month,Yes,Electronic check,78.8,4943.79,No
CUST-05673,Male,0,No,Yes,24,No,No phone service,Fiber optic,No,No,No,Yes,Yes,No,Month-to-month,Yes,Credit card (automatic),68.84,1736.9,Yes
CUST-05674,Male,0,No,No,72,Yes,No,DSL,No,No,Yes,Yes,Yes,No,Two year,No,Mailed check,64.0,4600.32,No
CUST-05675,Female,0,No,No,35,Yes,Yes,Fiber optic,Yes,Yes,Yes,No,No,No,Month-to-month,Yes,Mailed check,68.54,2434.22,No
CUST-05676,Male,0,No,No,41,Yes,No,Fiber optic,No,No,Yes,No,Yes,No,Month-to-month,Yes,Electronic check,72.65,3029.88,Yes
CUST-05677,Male,0,No,Yes,16,Yes,No,Fiber optic,No,No,No,No,No,No,One year,Yes,Credit card (automatic),52.64,785.46,No
CUST-05678,Male,0,Yes,Yes,6,Yes,Yes,No,No internet service,No internet service,No internet service,No internet service,No internet service,No internet service,Month-to-month,Yes,Credit card (automatic),33.43,218.38,No
CUST-05679,Male,0,No,No,20,Yes,No,Fiber optic,Yes,No,Yes,No,No,Yes,Two year,Yes,Credit card (automatic),77.56,1626.13,Yes
CUST-05680,Male,1,No,No,56,Yes,No,DSL,Yes,No,Yes,No,No,No,Month-to-month,Yes,Bank transfer (automatic),43.43,2422.3,No
CUST-05681,Female,0,No,No,8,Yes,Yes,DSL,No,No,No,No,No,No,Two year,Yes,Electronic check,52.88,408.09,No
CUST-05682,Female,1,Yes,No,6,Yes,No,No,No internet service,No internet service,No internet service,No internet service,No internet service,No internet service,Month-to-month,Yes,Credit card (automatic),18.52,145.97,No
CUST-05683,Male,0,Yes,No,8,Yes,No,Fiber optic,No,No,Yes,No,No,Yes,Month-to-month,No,Credit card (automatic),67.39,756.95,Yes
CUST-05684,Female,0,No,Yes,62,Yes,Yes,DSL,Yes,No,No,No,No,Yes,Month-to-month,Yes,Electronic check,63.59,3839.46,Yes
CUST-05685,Male,0,Yes,No,14,Yes,Yes,Fiber optic,No,Yes,No,No,No,No,Month-to-month,Yes,Bank transfer (automatic),65.17,895.11,Yes
CUST-05686,Male,0,No,Yes,3,Yes,No,DSL,No,No,No,Yes,Yes,No,Month-to-month,Yes,Electronic check,50.91,166.3,No
CUST-05687,Male,1,Yes,Yes,2,Yes,Yes,DSL,No,No,Yes,No,Yes,Yes,Month-to-month,Yes,Bank transfer (automatic),68.1,142.72,Yes
CUST-05688,Male,0,Yes,No,22,Yes,No,Fiber optic,No,Yes,No,No,No,No,One year,Yes,Bank transfer (automatic),56.85,1314.46,No
CUST-05689,Male,0,No,No,70,Yes,No,No,No internet service,No internet service,No internet service,No internet service,No internet service,No internet service,Month-to-month,No,Electronic check,32.52,2284.91,No
CUST-05690,Female,0,Yes,No,71,Yes,No,Fiber optic,No,Yes,Yes,No,No,No,Month-to-month,No,Electronic check,57.17,4041.29,Yes
CUST-05691,Female,0,No,No,6,Yes,No,No,No internet service,No internet service,No internet service,No internet service,No internet service,No internet service,Month-to-month,No,Mailed check,20.44,127.08,Yes
CUST-05692,Male,0,Yes,Yes,50,Yes,Yes,DSL,No,No,Yes,No,No,No,Two year,Yes,Bank transfer (automatic),47.24,2438.72,No
CUST-05693,Female,0,Yes,No,44,Yes,No,Fiber optic,Yes,No,Yes,No,No,Yes,One year,Yes,Bank transfer (automatic),74.21,3258.53,No
CUST-05694,Male,0,Yes,No,8,Yes,No,DSL,No,No,No,No,Yes,No,Month-to-month,Yes,Electronic check,54.99,447.97,Yes
CUST-05695,Female,0,No,Yes,24,Yes,No,DSL,No,Yes,Yes,No,Yes,No,Two year,No,Electronic check,62.64,1565.45,No
CUST-05696,Male,0,Yes,No,27,Yes,No,Fiber optic,Yes,No,Yes,No,Yes,Yes,Month-to-month,No,Bank transfer (automatic),83.5,2256.68,No
CUST-05697,Female,0,No,No,53,Yes,No,Fiber optic,No,No,No,No,No,No,Month-to-month,No,Electronic check,55.53,2970.13,Yes
CUST-05698,Male,0,No,No,51,Yes,Yes,DSL,No,No,No,Yes,Yes,No,Month-to-month,Yes,Mailed check,53.51,2705.11,No
CUST-05699,Male,0,No,No,28,Yes,No,DSL,No,No,No,No,No,Yes,Month-to-month,Yes,Electronic check,46.26,1343.23,Yes
CUST-05700,Female,0,No,No,59,Yes,Yes,Fiber optic,No,Yes,No,No,No,Yes,One year,No,Mailed check,76.44,4489.43,No
CUST-05701,Female,0,Yes,No,69,Yes,Yes,DSL,Yes,Yes,Yes,No,No,Yes,One year,No,Electronic check,62.29,4264.14,No
CUST-05702,Male,0,Yes,No,25,Yes,Yes,Fiber optic,No,Yes,No,No,Yes,No,Month-to-month,No,Credit card (automatic),76.41,1973.32,Yes
CUST-05703,Female,0,No,No,44,Yes,Yes,No,No internet service,No internet service,No internet service,No internet service,No internet service,No internet service,Month-to-month,Yes,Electronic check,33.32,1453.87,No
CUST-05704,Male,0,Yes,No,47,Yes,No,No,No internet service,No internet service,No internet service,No internet service,No internet service,No internet service,Month-to-month,Yes,Credit card (automatic),28.31,1271.52,No
CUST-05705,Female,0,No,No,13,Yes,Yes,DSL,No,No,Yes,No,Yes,No,Month-to-month,Yes,Mailed check,63.72,852.36,Yes
CUST-05706,Female,0,No,Yes,53,Yes,No,No,No internet service,No internet service,No internet service,No internet service,No internet service,No internet service,Month-to-month,Yes,Electronic check,21.71,1188.96,No
CUST-05707,Male,0,Yes,No,53,Yes,No,Fiber optic,No,Yes,No,Yes,Yes,Yes,Month-to-month,No,Electronic check,78.16,4108.27,Yes
CUST-05708,Female,0,No,No,37,Yes,No,DSL,No,Yes,No,No,No,Yes,Two year,Yes,Credit card (automatic),58.11,2098.15,Yes
CUST-05709,Female,0,No,Yes,63,Yes,No,Fiber optic,No,No,Yes,No,Yes,No,Month-to-month,Yes,Electronic check,66.55,4219.85,No
CUST-05710,Male,0,Yes,No,66,Yes,No,No,No internet service,No internet service,No internet service,No internet service,No internet service,No internet service,Month-to-month,No,Bank transfer (automatic),24.3,1638.05,No
CUST-05711,Female,0,No,Yes,40,Yes,Yes,DSL,Yes,No,No,Yes,No,No,Month-to-month,Yes,Electronic check,49.7,1998.24,No
CUST-05712,Male,0,Yes,Yes,61,Yes,No,DSL,No,No,No,No,Yes,No,One year,Yes,Credit card (automatic),39.67,2378.36,No
CUST-05713,Male,0,No,No,6,Yes,Yes,Fiber optic,No,Yes,No,Yes,No,Yes,One year,Yes,Bank transfer (automatic),83.47,507.49,Yes
CUST-05714,Male,0,No,No,25,Yes,No,DSL,No,No,No,No,No,No,Month-to-month,No,Credit card (automatic),48.03,1209.85,Yes
CUST-05715,Male,0,No,No,46,Yes,No,DSL,No,No,Yes,Yes,Yes,No,One year,No,Electronic check,67.83,3125.09,No
CUST-05716,Male,0,No,Yes,31,Yes,No,Fiber optic,Yes,Yes,No,No,Yes,No,Month-to-month,Yes,Bank transfer (automatic),80.24,2586.33,Yes
CUST-05717,Female,0,No,No,63,Yes,Yes,Fiber optic,No,Yes,Yes,No,No,Yes,Two year,Yes,Credit card (automatic),80.04,5130.56,No
CUST-05718,Male,0,No,Yes,68,Yes,No,Fiber optic,No,No,Yes,No,No,Yes,Month-to-month,No,Mailed check,60.63,4109.77,Yes
CUST-05719,Male,0,No,No,39,Yes,Yes,Fiber optic,Yes,Yes,No,No,No,Yes,Month-to-month,Yes,Credit card (automatic),80.24,3153.81,Yes
CUST-05720,Female,0,No,No,36,Yes,No,Fiber optic,Yes,No,No,No,No,Yes,One year,No,Mailed check,69.94,2453.66,Yes
CUST-05721,Female,1,No,No,7,Yes,No,No,No internet service,No internet service,No internet service,No internet service,No internet service,No internet service,Month-to-month,No,Credit card (automatic),28.84,136.56,Yes
CUST-05722,Female,0,No,Yes,66,Yes,Yes,Fiber optic,Yes,Yes,No,Yes,Yes,No,Two year,No,Electronic check,83.84,5495.57,No
CUST-05723,Male,0,No,No,55,Yes,No,Fiber optic,Yes,No,No,Yes,Yes,No,Month-to-month,Yes,Credit card (automatic),80.65,4414.91,Yes
CUST-05724,Male,0,No,No,72,Yes,Yes,Fiber optic,No,No,No,No,Yes,No,Two year,Yes,Bank transfer (automatic),67.28,4809.22,No
CUST-05725,Male,0,No,Yes,42,Yes,No,No,No internet service,No internet service,No internet service,No internet service,No internet service,No internet service,Month-to-month,No,Credit card (automatic),23.78,1112.22,Yes
CUST-05726,Female,0,Yes,Yes,27,Yes,No,Fiber optic,No,Yes,Yes,Yes,No,No,Month-to-month,No,Electronic check,85.65,2370.18,Yes
CUST-05727,Male,0,No,No,2,Yes,Yes,No,No internet service,No internet service,No internet service,No internet service,No internet service,No internet service,Two year,Yes,Credit card (automatic),30.08,30.93,No
CUST-05728,Female,0,No,No,70,Yes,No,Fiber optic,Yes,No,Yes,Yes,No,No,One year,Yes,Mailed check,69.58,4854.44,No
CUST-05729,Male,0,No,No,4,Yes,Yes,Fiber optic,No,No,Yes,No,No,Yes,Month-to-month,Yes,Mailed check,72.76,321.66,Yes
CUST-05730,Female,0,Yes,Yes,21,Yes,Yes,DSL,No,No,No,No,Yes,Yes,One year,No,Mailed check,60.63,1241.82,No
CUST-05731,Male,0,No,No,1,Yes,No,No,No internet service,No internet service,No internet service,No internet service,No internet service,No internet service,Month-to-month,No,Credit card (automatic),24.71,18.0,No
CUST-05732,Male,1,Yes,No,38,Yes,Yes,DSL,Yes,Yes,No,No,No,No,Two year,Yes,Credit card (automatic),51.9,1927.3,No
CUST-05733,Male,0,Yes,No,60,No,No phone service,Fiber optic,No,No,No,No,No,No,Month-to-month,No,Electronic check,61.83,3726.75,Yes
CUST-05734,Female,0,No,No,14,Yes,No,Fiber optic,Yes,No,No,No,Yes,No,Month-to-month,No,Electronic check,74.22,1024.67,Yes
CUST-05735,Female,0,No,No,17,Yes,Yes,No,No internet service,No internet service,No internet service,No internet service,No internet service,No internet service,Month-to-month,Yes,Mailed check,39.85,667.99,No
CUST-05736,Male,0,Yes,No,47,Yes,No,Fiber optic,No,No,No,No,Yes,No,One year,Yes,Credit card (automatic),67.3,3180.58,No
CUST-05737,Male,1,No,No,56,Yes,No,DSL,Yes,Yes,Yes,No,No,No,One year,No,Mailed check,58.93,3322.21,No
CUST-05738,Male,0,Yes,No,53,Yes,No,No,No internet service,No internet service,No internet service,No internet service,No internet service,No internet service,Two year,Yes,Electronic check,22.89,1261.33,No
CUST-05739,Female,0,Yes,Yes,18,No,No phone service,Fiber optic,No,No,No,No,No,No,Month-to-month,No,Mailed check,53.38,938.1,Yes
CUST-05740,Male,0,Yes,No,69,Yes,No,DSL,No,No,No,No,Yes,No,Month-to-month,No,Mailed check,54.0,3726.25,No
CUST-05741,Male,0,No,Yes,48,Yes,No,No,No internet service,No internet service,No internet service,No internet service,No internet service,No internet service,One year,Yes,Credit card (automatic),27.59,1295.17,No
CUST-05742,Male,0,Yes,No,9,Yes,No,No,No internet service,No internet service,No internet service,No internet service,No internet service,No internet service,Two year,No,Credit card (automatic),24.62,140.22,No
CUST-05743,Male,0,Yes,No,54,Yes,No,Fiber optic,No,Yes,Yes,No,Yes,No,One year,Yes,Electronic check,71.33,3845.05,No
CUST-05744,Female,0,No,No,35,Yes,No,DSL,Yes,No,No,No,No,No,One year,No,Electronic check,39.8,1290.31,Yes
CUST-05745,Female,0,Yes,Yes,46,Yes,No,No,No internet service,No internet service,No internet service,No internet service,No internet service,No internet service,One year,No,Mailed check,31.43,1431.68,No
CUST-05746,Male,0,No,Yes,1,Yes,No,DSL,No,No,No,Yes,Yes,No,Month-to-month,No,Mailed check,48.22,18.0,Yes
CUST-05747,Male,1,No,Yes,41,Yes,No,Fiber optic,No,Yes,No,No,No,No,Two year,No,Electronic check,68.22,2795.55,No
CUST-05748,Female,0,No,Yes,32,No,No phone service,Fiber optic,Yes,No,Yes,No,No,Yes,One year,Yes,Bank transfer (automatic),75.77,2511.98,Yes
CUST-05749,Female,0,Yes,No,40,Yes,Yes,No,No internet service,No internet service,No internet service,No internet service,No internet service,No internet service,Month-to-month,No,Electronic check,31.52,1238.75,Yes
CUST-05750,Male,0,No,No,11,Yes,Yes,No,No internet service,No internet service,No internet service,No internet service,No internet service,No internet service,One year,No,Mailed check,28.82,329.96,No
CUST-05751,Female,0,No,Yes,62,Yes,No,No,No internet service,No internet service,No internet service,No internet service,No internet service,No internet service,Two year,No,Mailed check,30.63,1928.23,No
CUST-05752,Female,0,Yes,Yes,46,Yes,No,DSL,No,Yes,No,Yes,No,No,Two year,No,Credit card (automatic),54.26,2460.05,No
CUST-05753,Male,0,Yes,No,48,Yes,No,Fiber optic,No,No,Yes,Yes,No,No,Month-to-month,No,Electronic check,71.02,3419.25,Yes
CUST-05754,Female,0,No,No,43,Yes,No,Fiber optic,No,No,Yes,No,Yes,Yes,Month-to-month,Yes,Credit card (automatic),83.91,3651.46,Yes
CUST-05755,Female,1,Yes,No,51,Yes,Yes,DSL,No,No,No,Yes,No,Yes,Month-to-month,Yes,Electronic check,59.56,3022.93,No
CUST-05756,Male,0,No,Yes,61,Yes,Yes,No,No internet service,No internet service,No internet service,No internet service,No internet service,No internet service,One year,Yes,Electronic check,34.43,2193.37,No
CUST-05757,Male,0,No,No,42,Yes,No,DSL,Yes,No,No,No,Yes,No,Month-to-month,No,Electronic check,54.22,2382.66,Yes
CUST-05758,Female,1,Yes,No,26,Yes,Yes,Fiber optic,No,Yes,No,No,No,Yes,Month-to-month,Yes,Mailed check,72.52,1840.09,Yes
CUST-05759,Male,1,Yes,Yes,11,Yes,No,Fiber optic,No,No,No,Yes,Yes,No,Month-to-month,No,Mailed check,66.06,670.62,No
CUST-05760,Female,0,No,Yes,25,Yes,Yes,No,No internet service,No internet service,No internet service,No internet service,No internet service,No internet service,Month-to-month,Yes,Mailed check,25.11,611.65,No
CUST-05761,Male,0,Yes,No,40,Yes,No,Fiber optic,Yes,Yes,No,No,Yes,Yes,Month-to-month,No,Bank transfer (automatic),87.58,3533.55,Yes
CUST-05762,Female,0,No,No,25,Yes,Yes,Fiber optic,No,No,No,No,Yes,Yes,One year,Yes,Credit card (automatic),76.01,1868.24,No
CUST-05763,Male,1,Yes,Yes,52,Yes,Yes,Fiber optic,No,No,Yes,No,Yes,No,One year,Yes,Credit card (automatic),77.34,3979.1,Yes
CUST-05764,Female,1,No,No,3,Yes,Yes,Fiber optic,No,No,No,Yes,No,No,Month-to-month,No,Credit card (automatic),58.72,241.04,No
CUST-05765,Female,0,No,Yes,39,Yes,No,DSL,No,Yes,No,No,No,Yes,Two year,Yes,Electronic check,60.6,2315.47,No
CUST-05766,Female,0,Yes,No,35,Yes,No,DSL,Yes,No,Yes,No,No,No,Two year,No,Bank transfer (automatic),46.13,1600.69,No
CUST-05767,Male,0,Yes,No,40,Yes,Yes,Fiber optic,No,No,No,Yes,No,Yes,Month-to-month,Yes,Bank transfer (automatic),73.74,2985.17,Yes
CUST-05768,Male,0,No,No,22,Yes,Yes,DSL,No,Yes,Yes,No,No,No,Two year,Yes,Mailed check,48.17,1058.7,No
CUST-05769,Female,0,No,No,62,Yes,No,DSL,No,No,No,No,No,No,Two year,Yes,Credit card (automatic),40.12,2452.71,No
CUST-05770,Female,1,Yes,No,19,Yes,No,No,No internet service,No internet service,No internet service,No internet service,No internet service,No internet service,Month-to-month,Yes,Bank transfer (automatic),30.48,638.85,Yes
CUST-05771,Male,0,No,Yes,14,Yes,Yes,DSL,Yes,Yes,No,Yes,No,Yes,Month-to-month,No,Mailed check,81.13,1135.0,Yes
CUST-05772,Male,0,Yes,No,50,Yes,No,DSL,No,Yes,No,Yes,No,Yes,Month-to-month,No,Mailed check,54.42,2735.24,Yes
CUST-05773,Male,0,No,No,62,No,No phone service,Fiber optic,No,No,Yes,No,Yes,No,Month-to-month,Yes,Mailed check,73.38,4590.36,No
CUST-05774,Male,0,No,No,43,Yes,No,Fiber optic,No,No,No,No,No,No,Month-to-month,Yes,Mailed check,59.83,2612.54,No
CUST-05775,Male,0,Yes,No,55,Yes,Yes,Fiber optic,No,No,Yes,No,No,Yes,One year,Yes,Bank transfer (automatic),75.18,4071.61,No
CUST-05776,Male,0,Yes,No,40,Yes,No,DSL,Yes,Yes,No,No,Yes,Yes,Month-to-month,No,Electronic check,63.96,2563.38,No
CUST-05777,Female,0,Yes,No,12,Yes,Yes,Fiber optic,No,Yes,No,Yes,No,No,One year,Yes,Electronic check,75.12,920.42,No
CUST-05778,Male,0,No,Yes,65,Yes,No,DSL,Yes,No,No,No,Yes,Yes,Month-to-month,Yes,Electronic check,61.54,3995.13,No
CUST-05779,Female,0,Yes,No,34,Yes,No,Fiber optic,No,Yes,No,No,No,No,Month-to-month,No,Credit card (automatic),59.12,1945.5,Yes
CUST-05780,Male,0,Yes,No,23,Yes,Yes,Fiber optic,No,No,No,No,No,No,Month-to-month,Yes,Mailed check,59.71,1405.39,No
CUST-05781,Male,0,No,No,71,Yes,Yes,No,No internet service,No internet service,No internet service,No internet service,No internet service,No internet service,Month-to-month,No,Bank transfer (automatic),30.69,2065.36,Yes
CUST-05782,Female,0,Yes,No,7,Yes,Yes,DSL,Yes,Yes,Yes,No,No,No,Month-to-month,No,Electronic check,58.53,472.94,Yes
CUST-05783,Female,0,No,No,65,No,No phone service,Fiber optic,No,Yes,No,No,Yes,No,Month-to-month,No,Mailed check,70.29,4572.52,Yes
CUST-05784,Male,0,Yes,No,18,Yes,No,No,No internet service,No internet service,No internet service,No internet service,No internet service,No internet service,Two year,Yes,Mailed check,25.62,434.8,No
CUST-05785,Female,0,Yes,No,8,No,No phone service,No,No internet service,No internet service,No internet service,No internet service,No internet service,No internet service,Month-to-month,Yes,Mailed check,27.05,281.39,Yes
CUST-05786,Female,0,Yes,No,42,Yes,No,No,No internet service,No internet service,No internet service,No internet service,No internet service,No internet service,Month-to-month,No,Credit card (automatic),23.52,896.43,Yes
CUST-05787,Female,1,No,No,1,Yes,Yes,DSL,No,No,No,No,No,Yes,Two year,Yes,Electronic check,55.44,45.0,No
CUST-05788,Female,0,No,No,15,Yes,Yes,Fiber optic,No,No,No,No,No,No,Month-to-month,No,Mailed check,50.71,889.66,Yes
CUST-05789,Male,0,No,Yes,28,Yes,Yes,DSL,No,Yes,No,No,No,Yes,Month-to-month,No,Credit card (automatic),60.06,1717.91,Yes
CUST-05790,Female,0,Yes,No,36,Yes,Yes,No,No internet service,No internet service,No internet service,No internet service,No internet service,No internet service,Two year,No,Bank transfer (automatic),29.83,1119.23,No
CUST-05791,Male,0,Yes,No,46,Yes,Yes,DSL,No,No,No,No,Yes,Yes,One year,Yes,Credit card (automatic),62.08,2780.66,No
CUST-05792,Male,0,No,No,21,Yes,No,No,No internet service,No internet service,No internet service,No internet service,No internet service,No internet service,Two year,Yes,Bank transfer (automatic),25.84,544.31,No
CUST-05793,Male,1,Yes,No,49,Yes,No,Fiber optic,No,No,No,Yes,No,No,Month-to-month,No,Electronic check,54.37,2653.58,Yes
CUST-05794,Male,0,Yes,Yes,39,Yes,No,No,No internet service,No internet service,No internet service,No internet service,No internet service,No internet service,Two year,Yes,Mailed check,25.24,952.05,No
CUST-05795,Female,0,Yes,No,38,Yes,No,DSL,No,Yes,No,Yes,No,Yes,One year,Yes,Electronic check,69.09,2669.65,No
CUST-05796,Female,0,No,No,9,Yes,No,Fiber optic,No,No,No,No,No,Yes,Month-to-month,Yes,Mailed check,61.64,628.83,Yes
CUST-05797,Male,1,No,No,20,No,No phone service,DSL,No,No,Yes,No,Yes,No,One year,Yes,Bank transfer (automatic),61.59,1250.95,No
CUST-05798,Male,0,Yes,Yes,8,Yes,No,Fiber optic,No,Yes,No,No,No,Yes,One year,Yes,Electronic check,64.84,557.49,Yes
CUST-05799,Male,0,Yes,No,14,Yes,No,No,No internet service,No internet service,No internet service,No internet service,No internet service,No internet service,Two year,No,Bank transfer (automatic),21.36,262.77,No
CUST-05800,Male,0,No,No,62,Yes,No,Fiber optic,Yes,No,Yes,Yes,No,Yes,Month-to-month,Yes,Electronic check,83.04,5107.64,No
CUST-05801,Female,0,No,No,35,Yes,No,Fiber optic,No,No,No,No,No,No,Month-to-month,Yes,Electronic check,48.12,1712.96,No
CUST-05802,Male,1,Yes,No,55,Yes,No,DSL,No,No,No,Yes,No,No,Month-to-month,No,Mailed check,40.67,2301.87,No
CUST-05803,Female,0,No,No,45,Yes,No,Fiber optic,Yes,No,Yes,No,No,Yes,Month-to-month,Yes,Mailed check,66.94,2984.67,Yes
CUST-05804,Male,0,Yes,No,21,Yes,Yes,Fiber optic,No,No,Yes,No,No,No,Two year,No,Mailed check,56.59,1197.8,No
CUST-05805,Male,1,Yes,No,53,Yes,No,Fiber optic,Yes,No,No,No,No,No,One year,Yes,Mailed check,60.41,3315.56,No
CUST-05806,Male,1,Yes,Yes,54,Yes,Yes,DSL,No,No,No,No,No,No,One year,No,Mailed check,39.92,2075.83,Yes
CUST-05807,Male,0,Yes,Yes,43,Yes,Yes,Fiber optic,Yes,Yes,Yes,No,Yes,Yes,Two year,Yes,Bank transfer (automatic),90.3,3829.98,No
CUST-05808,Female,1,Yes,No,6,No,No phone service,Fiber optic,No,No,Yes,Yes,No,Yes,One year,No,Credit card (automatic),74.11,327.11,Yes
CUST-05809,Female,0,No,No,55,No,No phone service,No,No internet service,No internet service,No internet service,No internet service,No internet service,No internet service,One year,Yes,Bank transfer (automatic),27.68,1467.03,No
CUST-05810,Female,0,Yes,No,44,Yes,No,Fiber optic,No,No,Yes,Yes,Yes,No,Month-to-month,No,Credit card (automatic),76.52,3399.4,Yes
CUST-05811,Male,1,Yes,No,68,Yes,No,Fiber optic,No,Yes,Yes,No,No,Yes,Month-to-month,No,Mailed check,83.55,5651.39,Yes
CUST-05812,Male,0,Yes,No,4,Yes,Yes,No,No internet service,No internet service,No internet service,No internet service,No internet service,No internet service,Two year,Yes,Bank transfer (automatic),30.71,122.64,No
CUST-05813,Female,0,No,No,63,Yes,No,DSL,No,No,Yes,No,No,No,Month-to-month,No,Electronic check,34.8,2214.33,Yes
CUST-05814,Female,0,No,No,58,No,No phone service,DSL,No,Yes,No,No,Yes,Yes,Two year,Yes,Credit card (automatic),67.44,3908.89,No
CUST-05815,Male,0,Yes,Yes,54,Yes,No,No,No internet service,No internet service,No internet service,No internet service,No internet service,No internet service,Month-to-month,Yes,Credit card (automatic),24.45,1329.63,No
CUST-05816,Male,0,Yes,No,38,Yes,No,Fiber optic,No,No,No,No,No,No,Month-to-month,No,Credit card (automatic),57.48,2219.57,Yes
CUST-05817,Female,0,Yes,Yes,60,Yes,No,DSL,No,No,No,No,No,Yes,Month-to-month,Yes,Electronic check,39.83,2375.82,Yes
CUST-05818,Male,0,Yes,No,52,Yes,No,Fiber optic,No,No,No,No,No,Yes,Month-to-month,No,Credit card (automatic),66.74,3508.38,Yes
CUST-05819,Male,0,Yes,No,29,Yes,Yes,Fiber optic,No,Yes,No,No,Yes,No,Two year,Yes,Mailed check,74.16,2167.58,No
CUST-05820,Female,0,No,Yes,40,Yes,No,Fiber optic,Yes,No,No,No,No,No,Two year,Yes,Credit card (automatic),53.56,2086.98,No
CUST-05821,Male,1,No,No,71,Yes,No,Fiber optic,No,Yes,No,No,No,Yes,Two year,Yes,Bank transfer (automatic),74.86,5300.51,No
CUST-05822,Female,0,No,No,8,Yes,Yes,Fiber optic,Yes,Yes,Yes,Yes,Yes,Yes,Month-to-month,Yes,Credit card (automatic),100.9,818.08,Yes
CUST-05823,Male,0,Yes,No,35,Yes,No,No,No internet service,No internet service,No internet service,No internet service,No internet service,No internet service,Two year,No,Bank transfer (automatic),27.62,982.5,No
CUST-05824,Female,0,Yes,No,16,Yes,No,DSL,Yes,No,No,No,No,Yes,Month-to-month,Yes,Electronic check,51.12,812.61,Yes
CUST-05825,Male,0,No,No,18,Yes,Yes,Fiber optic,No,No,No,No,Yes,No,Two year,Yes,Bank transfer (automatic),66.17,1156.77,No
CUST-05826,Female,1,No,No,59,Yes,No,Fiber optic,Yes,No,No,Yes,Yes,Yes,One year,Yes,Electronic check,91.39,5385.68,No
CUST-05827,Female,0,Yes,No,34,No,No phone service,DSL,Yes,No,Yes,No,No,No,One year,Yes,Electronic check,53.0,1890.99,No
CUST-05828,Female,0,No,No,4,Yes,Yes,No,No internet service,No internet service,No internet service,No internet service,No internet service,No internet service,Two year,No,Electronic check,27.07,123.55,No
CUST-05829,Female,0,Yes,No,69,Yes,No,Fiber optic,No,No,No,No,Yes,No,One year,Yes,Electronic check,63.03,4356.59,No
CUST-05830,Male,0,Yes,No,65,No,No phone service,DSL,No,Yes,No,No,No,No,Month-to-month,Yes,Credit card (automatic),56.04,3683.84,No
CUST-05831,Male,0,Yes,No,61,Yes,No,Fiber optic,No,Yes,Yes,No,No,No,Month-to-month,No,Electronic check,68.82,4155.75,Yes
CUST-05832,Female,0,No,No,46,Yes,No,No,No internet service,No internet service,No internet service,No internet service,No internet service,No internet service,Month-to-month,Yes,Mailed check,19.0,801.73,No
CUST-05833,Male,0,Yes,Yes,21,No,No phone service,No,No internet service,No internet service,No internet service,No internet service,No internet service,No internet service,Month-to-month,Yes,Bank transfer (automatic),23.12,427.19,No
CUST-05834,Male,0,No,No,38,Yes,No,Fiber optic,No,No,No,No,Yes,No,Two year,No,Electronic check,62.28,2481.09,No
CUST-05835,Male,0,Yes,No,60,Yes,Yes,Fiber optic,No,No,Yes,No,Yes,Yes,Month-to-month,Yes,Electronic check,90.95,5477.08,No
CUST-05836,Male,0,Yes,No,36,Yes,No,Fiber optic,No,No,No,No,No,Yes,Two year,Yes,Credit card (automatic),66.61,2387.47,No
CUST-05837,Male,0,No,No,6,Yes,Yes,DSL,No,No,No,No,Yes,Yes,Month-to-month,No,Electronic check,62.28,473.11,Yes
CUST-05838,Female,0,Yes,Yes,39,Yes,No,Fiber optic,Yes,Yes,No,No,Yes,Yes,Two year,No,Electronic check,94.36,3692.83,No
CUST-05839,Female,0,Yes,No,29,Yes,No,No,No internet service,No internet service,No internet service,No internet service,No internet service,No internet service,Month-to-month,No,Credit card (automatic),25.05,739.5,No
CUST-05840,Female,0,Yes,No,27,Yes,Yes,Fiber optic,No,Yes,No,Yes,No,Yes,Month-to-month,No,Bank transfer (automatic),81.61,2187.13,No
CUST-05841,Female,0,No,No,69,Yes,Yes,Fiber optic,No,Yes,Yes,No,No,Yes,Month-to-month,No,Credit card (automatic),75.42,5157.93,Yes
CUST-05842,Male,0,No,Yes,9,Yes,No,No,No internet service,No internet service,No internet service,No internet service,No internet service,No internet service,One year,Yes,Electronic check,24.79,305.51,No
CUST-05843,Male,0,Yes,Yes,24,Yes,No,DSL,No,Yes,No,No,No,Yes,Two year,No,Electronic check,52.96,1291.09,No
CUST-05844,Female,0,Yes,No,63,Yes,Yes,DSL,No,Yes,Yes,No,Yes,Yes,Month-to-month,Yes,Mailed check,70.26,4475.58,No
CUST-05845,Male,0,No,Yes,19,No,No phone service,DSL,No,No,Yes,No,No,No,Two year,No,Bank transfer (automatic),29.27,501.36,No
CUST-05846,Male,0,Yes,No,30,Yes,No,Fiber optic,No,No,No,No,No,No,Month-to-month,No,Electronic check,56.37,1667.73,Yes
CUST-05847,Female,0,Yes,Yes,58,Yes,No,No,No internet service,No internet service,No internet service,No internet service,No internet service,No internet service,Month-to-month,Yes,Electronic check,32.46,1954.62,No
CUST-05848,Male,0,Yes,No,40,No,No phone service,Fiber optic,Yes,No,No,Yes,No,Yes,Month-to-month,Yes,Credit card (automatic),69.72,2828.84,Yes
CUST-05849,Female,0,No,No,68,Yes,No,DSL,No,No,Yes,No,No,Yes,Two year,Yes,Mailed check,61.16,4116.36,No
CUST-05850,Female,0,Yes,No,32,Yes,No,DSL,No,No,No,No,No,Yes,One year,Yes,Bank transfer (automatic),46.74,1432.69,No
CUST-05851,Male,1,No,No,65,Yes,No,No,No internet service,No internet service,No internet service,No internet service,No internet service,No internet service,Month-to-month,Yes,Mailed check,19.12,1223.58,No
CUST-05852,Male,0,No,No,34,Yes,Yes,Fiber optic,Yes,Yes,No,No,No,No,One year,No,Electronic check,72.66,2468.28,Yes
CUST-05853,Female,0,No,Yes,31,Yes,No,No,No internet service,No internet service,No internet service,No internet service,No internet service,No internet service,Two year,Yes,Credit card (automatic),19.53,596.87,No
CUST-05854,Female,0,No,No,59,No,No phone service,No,No internet service,No internet service,No internet service,No internet service,No internet service,No internet service,Month-to-month,No,Mailed check,20.44,1233.63,No
CUST-05855,Male,0,Yes,No,26,No,No phone service,Fiber optic,Yes,Yes,Yes,No,Yes,Yes,One year,Yes,Mailed check,86.09,2182.07,No
CUST-05856,Female,0,No,Yes,22,Yes,No,Fiber optic,No,No,No,Yes,No,Yes,Month-to-month,No,Bank transfer (automatic),73.32,1578.2,Yes
CUST-05857,Female,1,No,Yes,34,Yes,No,Fiber optic,Yes,No,No,No,No,Yes,Month-to-month,No,Bank transfer (automatic),69.56,2395.37,Yes
CUST-05858,Female,0,No,Yes,13,Yes,Yes,Fiber optic,No,Yes,No,No,No,No,Two year,Yes,Bank transfer (automatic),64.42,793.8,No
CUST-05859,Male,0,Yes,No,55,Yes,Yes,DSL,No,No,No,No,No,No,Two year,Yes,Credit card (automatic),41.43,2198.41,No
CUST-05860,Female,0,Yes,No,8,No,No phone service,DSL,Yes,No,No,No,Yes,No,Two year,Yes,Electronic check,54.25,472.78,No
CUST-05861,Male,1,No,Yes,62,Yes,Yes,Fiber optic,No,Yes,No,No,No,Yes,Month-to-month,Yes,Electronic check,80.96,5044.23,Yes
CUST-05862,Female,0,Yes,Yes,22,Yes,Yes,No,No internet service,No internet service,No internet service,No internet service,No internet service,No internet service,Month-to-month,Yes,Mailed check,29.58,610.47,Yes
CUST-05863,Male,0,Yes,No,56,Yes,No,Fiber optic,No,Yes,Yes,Yes,No,No,Two year,Yes,Electronic check,69.96,3924.45,No
CUST-05864,Female,0,No,No,21,Yes,No,DSL,No,No,Yes,No,No,Yes,One year,Yes,Electronic check,55.93,1161.37,No
CUST-05865,Male,1,No,No,49,Yes,No,No,No internet service,No internet service,No internet service,No internet service,No internet service,No internet service,Month-to-month,Yes,Electronic check,25.9,1292.15,Yes
CUST-05866,Male,0,Yes,No,6,Yes,No,Fiber optic,No,No,Yes,No,Yes,Yes,Month-to-month,Yes,Bank transfer (automatic),76.14,508.86,Yes
CUST-05867,Male,0,No,No,35,Yes,No,Fiber optic,Yes,No,No,No,No,No,Month-to-month,Yes,Bank transfer (automatic),60.15,2129.43,No
CUST-05868,Female,0,No,No,27,Yes,Yes,Fiber optic,Yes,No,No,No,Yes,No,Month-to-month,No,Electronic check,72.26,1938.38,Yes
CUST-05869,Female,0,Yes,No,40,Yes,No,No,No internet service,No internet service,No internet service,No internet service,No internet service,No internet service,Two year,Yes,Electronic check,32.98,1333.74,No
CUST-05870,Female,0,No,Yes,14,Yes,No,Fiber optic,No,Yes,No,No,No,Yes,Month-to-month,Yes,Bank transfer (automatic),67.72,998.13,Yes
CUST-05871,Male,0,No,No,52,Yes,No,DSL,No,No,Yes,No,No,Yes,Month-to-month,Yes,Electronic check,56.46,2846.75,No
CUST-05872,Female,0,No,No,40,Yes,No,DSL,Yes,No,Yes,No,No,Yes,Month-to-month,No,Mailed check,63.84,2522.62,Yes
CUST-05873,Male,0,No,No,43,Yes,Yes,DSL,Yes,No,No,Yes,No,No,Month-to-month,No,Mailed check,58.84,2577.88,Yes
CUST-05874,Female,0,No,No,58,Yes,No,No,No internet service,No internet service,No internet service,No internet service,No internet service,No internet service,Two year,Yes,Electronic check,28.54,1589.37,No
CUST-05875,Male,0,Yes,No,3,Yes,No,Fiber optic,Yes,No,No,No,No,No,Month-to-month,Yes,Electronic check,57.79,143.29,Yes
CUST-05876,Male,0,Yes,No,15,Yes,Yes,No,No internet service,No internet service,No internet service,No internet service,No internet service,No internet service,Month-to-month,No,Electronic check,34.58,498.38,No
CUST-05877,Male,0,Yes,No,45,Yes,No,DSL,No,No,No,No,No,Yes,Month-to-month,Yes,Bank transfer (automatic),48.85,2150.88,Yes
CUST-05878,Female,0,No,No,11,Yes,No,DSL,Yes,No,No,No,No,No,One year,Yes,Electronic check,49.87,601.95,Yes
CUST-05879,Female,0,No,No,39,Yes,No,Fiber optic,No,No,Yes,No,No,No,One year,Yes,Bank transfer (automatic),56.47,2185.54,No
CUST-05880,Female,0,Yes,No,19,Yes,Yes,DSL,Yes,No,Yes,No,Yes,No,One year,No,Mailed check,62.44,1241.28,No
CUST-05881,Male,1,Yes,Yes,20,Yes,No,Fiber optic,No,Yes,Yes,No,No,No,Month-to-month,Yes,Electronic check,61.65,1273.88,Yes
CUST-05882,Male,0,Yes,No,71,Yes,Yes,Fiber optic,No,No,No,No,Yes,Yes,Month-to-month,Yes,Electronic check,79.54,5714.52,Yes
CUST-05883,Female,0,Yes,No,56,Yes,Yes,DSL,Yes,No,No,Yes,Yes,Yes,One year,Yes,Electronic check,76.24,4325.38,No
CUST-05884,Female,0,Yes,No,4,Yes,No,No,No internet service,No internet service,No internet service,No internet service,No internet service,No internet service,Two year,Yes,Credit card (automatic),23.8,135.73,No
CUST-05885,Female,0,Yes,Yes,9,Yes,No,Fiber optic,No,No,No,No,No,Yes,Month-to-month,Yes,Credit card (automatic),64.11,531.56,Yes
CUST-05886,Male,0,No,No,25,Yes,No,Fiber optic,Yes,Yes,No,No,Yes,Yes,Two year,No,Electronic check,78.56,2035.27,No
CUST-05887,Male,0,Yes,Yes,47,Yes,No,Fiber optic,Yes,No,No,No,Yes,Yes,Two year,No,Mailed check,77.26,3653.92,No
CUST-05888,Male,0,No,No,49,No,No phone service,Fiber optic,No,No,No,No,Yes,Yes,One year,Yes,Bank transfer (automatic),82.51,3967.94,No
CUST-05889,Male,0,No,No,27,Yes,No,DSL,No,No,Yes,Yes,No,No,Month-to-month,Yes,Mailed check,46.49,1200.48,No
CUST-05890,Male,0,No,No,28,Yes,No,DSL,No,No,No,No,No,No,One year,No,Bank transfer (automatic),43.17,1219.97,No
CUST-05891,Female,0,Yes,Yes,62,Yes,Yes,Fiber optic,No,No,No,Yes,No,No,Month-to-month,Yes,Electronic check,71.08,4348.18,No
CUST-05892,Male,0,No,No,16,Yes,No,DSL,No,No,No,No,No,No,Month-to-month,Yes,Credit card (automatic),40.76,711.69,Yes
CUST-05893,Male,0,No,Yes,46,Yes,Yes,No,No internet service,No internet service,No internet service,No internet service,No internet service,No internet service,One year,Yes,Electronic check,29.4,1304.39,No
CUST-05894,Male,1,Yes,No,46,Yes,Yes,DSL,Yes,No,Yes,No,No,Yes,Month-to-month,Yes,Bank transfer (automatic),69.02,3200.36,No
CUST-05895,Male,0,Yes,No,40,Yes,Yes,Fiber optic,Yes,No,Yes,No,No,No,One year,Yes,Credit card (automatic),68.76,2778.74,No
CUST-05896,Male,0,Yes,No,34,Yes,No,DSL,No,Yes,Yes,No,No,Yes,One year,Yes,Bank transfer (automatic),67.1,2230.14,Yes
CUST-05897,Female,0,No,No,10,Yes,Yes,Fiber optic,Yes,No,Yes,Yes,No,No,Month-to-month,Yes,Bank transfer (automatic),74.93,765.72,No
CUST-05898,Male,0,No,No,1,Yes,Yes,DSL,No,No,No,No,Yes,No,One year,No,Credit card (automatic),60.07,122.9,Yes
CUST-05899,Male,0,Yes,No,66,Yes,No,No,No internet service,No internet service,No internet service,No internet service,No internet service,No internet service,Two year,Yes,Bank transfer (automatic),27.45,1802.11,No
CUST-05900,Male,0,Yes,No,17,Yes,No,DSL,No,No,No,No,Yes,No,Month-to-month,No,Mailed check,50.78,930.76,No
CUST-05901,Female,0,No,No,47,Yes,No,No,No internet service,No internet service,No internet service,No internet service,No internet service,No internet service,Two year,Yes,Mailed check,21.61,1085.2,No
CUST-05902,Female,0,No,No,24,Yes,No,DSL,No,Yes,No,No,Yes,Yes,Month-to-month,Yes,Electronic check,65.96,1554.19,No
CUST-05903,Female,1,No,Yes,50,Yes,No,Fiber optic,Yes,Yes,No,No,Yes,Yes,Two year,No,Electronic check,89.52,4494.93,No
CUST-05904,Male,0,No,No,29,Yes,No,Fiber optic,Yes,No,Yes,No,Yes,Yes,Month-to-month,Yes,Mailed check,84.82,2400.01,No
CUST-05905,Female,1,No,No,72,Yes,Yes,Fiber optic,No,No,No,No,No,Yes,One year,Yes,Mailed check,73.81,5358.86,No
CUST-05906,Male,0,No,No,13,Yes,No,Fiber optic,Yes,No,No,No,Yes,Yes,One year,Yes,Mailed check,76.43,1077.62,Yes
CUST-05907,Male,0,Yes,No,64,Yes,Yes,No,No internet service,No internet service,No internet service,No internet service,No internet service,No internet service,One year,Yes,Electronic check,28.85,1923.87,No
CUST-05908,Female,0,Yes,No,28,Yes,No,Fiber optic,No,No,Yes,No,No,No,One year,No,Credit card (automatic),57.56,1638.63,No
CUST-05909,Male,0,No,No,5,No,No phone service,DSL,Yes,No,Yes,No,No,No,Two year,No,Credit card (automatic),53.61,218.12,No
CUST-05910,Male,1,Yes,No,9,No,No phone service,Fiber optic,No,No,No,No,No,No,Month-to-month,Yes,Electronic check,60.16,508.16,Yes
CUST-05911,Male,0,Yes,No,14,Yes,No,No,No internet service,No internet service,No internet service,No internet service,No internet service,No internet service,Two year,No,Mailed check,26.18,449.22,No
CUST-05912,Female,0,No,No,10,Yes,No,Fiber optic,No,No,No,No,No,No,Month-to-month,Yes,Mailed check,53.14,437.45,Yes
CUST-05913,Male,1,No,No,33,Yes,No,DSL,Yes,No,Yes,No,No,No,Two year,No,Electronic check,54.04,1838.18,No
CUST-05914,Male,0,No,No,40,No,No phone service,Fiber optic,No,No,Yes,Yes,No,Yes,Month-to-month,No,Electronic check,72.78,2931.14,Yes
CUST-05915,Female,0,No,No,6,Yes,No,Fiber optic,No,No,Yes,No,Yes,No,Month-to-month,No,Credit card (automatic),65.99,443.8,Yes
CUST-05916,Male,0,No,No,17,Yes,Yes,DSL,No,No,Yes,No,Yes,No,Month-to-month,Yes,Bank transfer (automatic),58.82,1033.77,Yes
CUST-05917,Male,0,Yes,No,36,Yes,No,Fiber optic,Yes,Yes,No,No,No,Yes,Month-to-month,Yes,Credit card (automatic),74.76,2694.66,Yes
CUST-05918,Female,0,No,No,70,Yes,No,DSL,No,No,No,No,No,Yes,Month-to-month,No,Bank transfer (automatic),57.61,3994.09,No
CUST-05919,Male,0,Yes,No,61,Yes,No,DSL,No,Yes,No,No,Yes,Yes,Two year,Yes,Credit card (automatic),60.86,3764.47,No
CUST-05920,Male,0,Yes,No,49,No,No phone service,No,No internet service,No internet service,No internet service,No internet service,No internet service,No internet service,Month-to-month,Yes,Mailed check,28.95,1341.94,No
CUST-05921,Male,0,Yes,No,69,Yes,No,Fiber optic,No,Yes,Yes,No,No,Yes,Month-to-month,No,Bank transfer (automatic),70.83,4904.35,No
CUST-05922,Male,0,No,No,71,Yes,No,DSL,No,Yes,No,Yes,No,No,Month-to-month,No,Mailed check,52.59,3713.86,Yes
CUST-05923,Male,1,Yes,No,24,Yes,No,DSL,Yes,No,No,Yes,No,No,Month-to-month,No,Credit card (automatic),48.18,1103.95,Yes
CUST-05924,Female,0,No,No,51,Yes,Yes,DSL,No,No,Yes,No,No,No,Month-to-month,No,Bank transfer (automatic),52.16,2683.4,No
CUST-05925,Female,0,Yes,Yes,42,Yes,No,No,No internet service,No internet service,No internet service,No internet service,No internet service,No internet service,Two year,No,Bank transfer (automatic),33.39,1497.46,No
CUST-05926,Female,0,Yes,No,19,Yes,No,Fiber optic,No,No,No,No,Yes,No,Month-to-month,No,Electronic check,65.01,1177.18,Yes
CUST-05927,Female,0,No,Yes,62,Yes,Yes,DSL,No,No,No,No,No,No,One year,Yes,Credit card (automatic),50.96,3122.36,No
CUST-05928,Male,0,No,No,67,Yes,No,No,No internet service,No internet service,No internet service,No internet service,No internet service,No internet service,Month-to-month,Yes,Credit card (automatic),22.63,1547.56,Yes
CUST-05929,Male,0,Yes,No,30,Yes,Yes,Fiber optic,No,No,No,Yes,Yes,No,Month-to-month,Yes,Credit card (automatic),77.21,2290.31,No
CUST-05930,Male,1,No,No,38,Yes,Yes,Fiber optic,Yes,Yes,No,Yes,No,No,Month-to-month,Yes,Mailed check,75.77,2908.64,No
CUST-05931,Male,0,No,No,6,Yes,Yes,DSL,No,Yes,No,No,Yes,No,Month-to-month,Yes,Electronic check,62.23,359.34,Yes
CUST-05932,Male,0,No,No,22,Yes,Yes,Fiber optic,Yes,No,No,No,No,No,One year,No,Electronic check,68.82,1531.39,Yes
CUST-05933,Female,0,No,Yes,11,Yes,No,No,No internet service,No internet service,No internet service,No internet service,No internet service,No internet service,Two year,No,Mailed check,27.29,340.65,No
CUST-05934,Female,0,Yes,No,72,Yes,No,Fiber optic,No,No,Yes,No,No,Yes,Month-to-month,Yes,Electronic check,73.14,5297.83,Yes
CUST-05935,Male,0,No,No,29,Yes,No,Fiber optic,No,No,No,No,No,No,Month-to-month,Yes,Mailed check,60.45,1719.48,Yes
CUST-05936,Male,0,Yes,No,8,Yes,No,DSL,No,No,Yes,No,Yes,No,Month-to-month,Yes,Electronic check,64.26,531.26,No
CUST-05937,Male,0,Yes,No,35,Yes,No,No,No internet service,No internet service,No internet service,No internet service,No internet service,No internet service,Two year,No,Electronic check,24.9,748.59,No
CUST-05938,Female,1,No,No,72,Yes,Yes,No,No internet service,No internet service,No internet service,No internet service,No internet service,No internet service,Month-to-month,Yes,Credit card (automatic),27.5,1968.73,No
CUST-05939,Male,0,Yes,No,72,Yes,No,Fiber optic,No,Yes,Yes,Yes,Yes,No,One year,Yes,Electronic check,84.0,6084.01,No
CUST-05940,Male,0,Yes,No,45,Yes,No,Fiber optic,Yes,No,Yes,No,No,Yes,Month-to-month,Yes,Electronic check,76.0,3329.98,No
CUST-05941,Male,0,No,Yes,33,No,No phone service,Fiber optic,No,No,No,No,No,Yes,One year,Yes,Bank transfer (automatic),75.64,2510.3,Yes
CUST-05942,Female,0,No,No,5,Yes,Yes,No,No internet service,No internet service,No internet service,No internet service,No internet service,No internet service,One year,Yes,Credit card (automatic),27.0,58.34,No
CUST-05943,Male,0,No,Yes,62,Yes,No,Fiber optic,Yes,Yes,No,No,Yes,Yes,Two year,Yes,Electronic check,90.19,5579.77,No
CUST-05944,Female,0,No,No,37,Yes,No,DSL,No,No,No,No,No,Yes,Month-to-month,Yes,Credit card (automatic),53.65,1963.85,Yes
CUST-05945,Female,0,Yes,No,17,Yes,Yes,DSL,No,Yes,No,Yes,No,No,One year,Yes,Electronic check,58.0,1089.53,No
CUST-05946,Female,0,No,Yes,22,Yes,No,No,No internet service,No internet service,No internet service,No internet service,No internet service,No internet service,Month-to-month,Yes,Credit card (automatic),25.69,592.59,No
CUST-05947,Female,0,No,No,32,Yes,Yes,No,No internet service,No internet service,No internet service,No internet service,No internet service,No internet service,Month-to-month,Yes,Credit card (automatic),33.03,1075.86,No
CUST-05948,Female,0,Yes,No,14,Yes,No,Fiber optic,Yes,Yes,Yes,No,No,No,One year,Yes,Bank transfer (automatic),70.52,936.61,No
CUST-05949,Female,0,Yes,Yes,20,Yes,No,DSL,No,Yes,No,No,No,Yes,One year,Yes,Bank transfer (automatic),58.06,1177.9,Yes
CUST-05950,Male,0,Yes,Yes,22,Yes,No,Fiber optic,No,Yes,No,Yes,Yes,Yes,Month-to-month,Yes,Bank transfer (automatic),82.25,1739.71,Yes
CUST-05951,Male,0,No,Yes,30,Yes,No,Fiber optic,Yes,Yes,No,No,Yes,Yes,Two year,Yes,Electronic check,79.8,2369.2,No
CUST-05952,Male,0,Yes,Yes,54,Yes,Yes,DSL,No,Yes,No,Yes,No,No,One year,Yes,Mailed check,58.9,3177.96,No
CUST-05953,Female,0,No,Yes,33,Yes,No,No,No internet service,No internet service,No internet service,No internet service,No internet service,No internet service,Month-to-month,Yes,Electronic check,20.85,733.45,Yes
CUST-05954,Male,0,Yes,No,5,Yes,Yes,Fiber optic,No,Yes,Yes,No,No,Yes,One year,Yes,Electronic check,81.06,448.17,Yes
CUST-05955,Female,0,Yes,No,18,Yes,Yes,Fiber optic,Yes,No,No,No,No,No,Month-to-month,Yes,Credit card (automatic),63.74,1130.94,Yes
CUST-05956,Female,0,Yes,No,63,Yes,No,Fiber optic,No,Yes,No,No,Yes,No,Month-to-month,Yes,Bank transfer (automatic),66.13,4067.42,No
CUST-05957,Female,0,Yes,No,46,Yes,Yes,Fiber optic,No,Yes,Yes,Yes,No,No,Month-to-month,No,Mailed check,75.97,3476.33,No
CUST-05958,Male,0,Yes,No,7,Yes,No,DSL,No,Yes,No,No,No,Yes,Month-to-month,No,Mailed check,57.11,479.7,Yes
CUST-05959,Female,0,Yes,No,29,Yes,No,Fiber optic,No,No,No,No,No,Yes,Month-to-month,No,Bank transfer (automatic),69.79,1984.74,Yes
CUST-05960,Female,0,Yes,No,57,Yes,Yes,DSL,Yes,No,No,Yes,Yes,Yes,One year,Yes,Bank transfer (automatic),71.36,4071.63,No
CUST-05961,Male,0,No,No,47,Yes,Yes,No,No internet service,No internet service,No internet service,No internet service,No internet service,No internet service,Month-to-month,Yes,Mailed check,33.05,1449.27,Yes
CUST-05962,Male,0,No,No,9,Yes,No,No,No internet service,No internet service,No internet service,No internet service,No internet service,No internet service,One year,Yes,Bank transfer (automatic),28.71,188.0,Yes
CUST-05963,Female,0,No,No,59,Yes,Yes,DSL,Yes,No,Yes,No,Yes,No,Month-to-month,Yes,Electronic check,66.88,3964.36,Yes
CUST-05964,Female,0,No,No,71,Yes,No,DSL,No,No,Yes,Yes,Yes,No,One year,No,Electronic check,52.93,3841.07,No
CUST-05965,Male,0,No,Yes,71,Yes,Yes,Fiber optic,No,No,No,No,No,No,Month-to-month,Yes,Electronic check,55.93,3946.13,No
CUST-05966,Male,0,No,No,43,Yes,Yes,Fiber optic,No,No,No,No,No,Yes,Month-to-month,Yes,Bank transfer (automatic),75.8,3249.54,Yes
CUST-05967,Male,0,Yes,No,59,Yes,No,No,No internet service,No internet service,No internet service,No internet service,No internet service,No internet service,Month-to-month,Yes,Bank transfer (automatic),20.67,1069.26,Yes
CUST-05968,Female,0,No,No,6,Yes,No,Fiber optic,No,No,No,No,No,No,Two year,Yes,Mailed check,59.03,292.81,No
CUST-05969,Male,0,No,Yes,53,Yes,No,No,No internet service,No internet service,No internet service,No internet service,No internet service,No internet service,Month-to-month,No,Mailed check,18.33,997.82,No
CUST-05970,Male,0,No,Yes,64,Yes,No,DSL,No,Yes,No,No,No,No,One year,No,Electronic check,36.68,2370.3,No
CUST-05971,Male,0,No,No,4,Yes,No,Fiber optic,No,No,Yes,No,No,Yes,Month-to-month,No,Mailed check,66.45,305.91,Yes
CUST-05972,Female,0,Yes,Yes,1,Yes,No,Fiber optic,No,Yes,No,No,Yes,Yes,Month-to-month,No,Electronic check,83.82,118.63,No
CUST-05973,Male,0,No,No,70,Yes,No,Fiber optic,No,Yes,No,No,No,No,One year,Yes,Mailed check,57.69,4078.13,Yes
CUST-05974,Male,0,Yes,No,31,Yes,Yes,No,No internet service,No internet service,No internet service,No internet service,No internet service,No internet service,Two year,No,Electronic check,32.68,1060.22,No
CUST-05975,Male,0,Yes,No,65,Yes,No,No,No internet service,No internet service,No internet service,No internet service,No internet service,No internet service,One year,No,Electronic check,35.22,2240.72,No
CUST-05976,Male,0,Yes,Yes,69,Yes,Yes,No,No internet service,No internet service,No internet service,No internet service,No internet service,No internet service,Month-to-month,Yes,Credit card (automatic),22.82,1463.77,No
CUST-05977,Male,0,Yes,No,19,Yes,No,Fiber optic,Yes,Yes,No,No,Yes,Yes,Month-to-month,No,Electronic check,82.03,1515.61,Yes
CUST-05978,Female,0,Yes,Yes,69,Yes,No,Fiber optic,Yes,No,Yes,No,Yes,No,Month-to-month,Yes,Credit card (automatic),69.04,4833.85,No
CUST-05979,Female,0,Yes,No,69,Yes,No,DSL,No,Yes,Yes,No,No,No,Month-to-month,No,Credit card (automatic),47.67,3238.69,No
CUST-05980,Female,0,No,No,49,Yes,No,DSL,No,No,Yes,Yes,Yes,Yes,Month-to-month,Yes,Bank transfer (automatic),66.09,3136.97,Yes
CUST-05981,Male,1,Yes,No,31,Yes,No,Fiber optic,No,No,Yes,No,No,Yes,Month-to-month,Yes,Credit card (automatic),75.09,2409.64,Yes
CUST-05982,Female,1,No,No,60,Yes,No,DSL,No,Yes,No,No,No,No,One year,Yes,Bank transfer (automatic),44.2,2678.51,No
CUST-05983,Female,0,No,No,71,Yes,No,DSL,Yes,No,No,Yes,No,Yes,One year,No,Electronic check,52.53,3769.55,No
CUST-05984,Female,1,No,No,55,Yes,Yes,Fiber optic,No,Yes,Yes,Yes,Yes,Yes,Month-to-month,No,Mailed check,85.96,4711.45,No
CUST-05985,Male,0,Yes,Yes,38,Yes,Yes,DSL,Yes,Yes,No,Yes,Yes,Yes,Month-to-month,No,Bank transfer (automatic),79.44,2981.98,No
CUST-05986,Male,0,No,No,33,Yes,No,Fiber optic,No,Yes,Yes,No,No,No,Month-to-month,No,Bank transfer (automatic),60.3,2022.48,Yes
CUST-05987,Female,0,Yes,Yes,6,Yes,No,Fiber optic,No,No,No,No,Yes,No,Month-to-month,No,Mailed check,60.22,420.88,No
CUST-05988,Female,0,Yes,No,13,Yes,No,Fiber optic,Yes,No,No,No,No,No,Month-to-month,Yes,Electronic check,60.44,722.57,Yes
CUST-05989,Male,0,No,No,20,Yes,No,Fiber optic,No,No,No,No,Yes,Yes,Month-to-month,Yes,Credit card (automatic),78.02,1441.97,No
CUST-05990,Male,1,No,Yes,37,Yes,Yes,Fiber optic,Yes,No,Yes,No,No,No,One year,No,Credit card (automatic),68.96,2500.37,No
CUST-05991,Female,0,No,No,45,Yes,No,Fiber optic,No,No,No,No,Yes,No,One year,Yes,Credit card (automatic),60.19,2719.1,No
CUST-05992,Male,0,Yes,Yes,59,Yes,No,DSL,Yes,No,No,Yes,No,Yes,Month-to-month,Yes,Mailed check,60.26,3540.74,Yes
CUST-05993,Female,0,Yes,Yes,52,Yes,Yes,Fiber optic,No,No,Yes,No,Yes,No,One year,Yes,Mailed check,76.53,3967.33,No
CUST-05994,Male,0,Yes,No,18,No,No phone service,Fiber optic,Yes,Yes,No,No,Yes,No,Month-to-month,Yes,Credit card (automatic),73.63,1339.48,Yes
CUST-05995,Female,0,No,No,25,No,No phone service,DSL,No,No,Yes,No,No,Yes,Two year,No,Credit card (automatic),55.92,1366.55,Yes
CUST-05996,Female,0,Yes,Yes,1,Yes,No,Fiber optic,No,No,Yes,Yes,Yes,No,Month-to-month,Yes,Bank transfer (automatic),82.42,61.55,Yes
CUST-05997,Male,0,No,No,41,Yes,No,No,No internet service,No internet service,No internet service,No internet service,No internet service,No internet service,Month-to-month,Yes,Electronic check,19.96,800.99,No
CUST-05998,Female,0,Yes,No,18,Yes,Yes,Fiber optic,Yes,No,Yes,No,No,No,Month-to-month,Yes,Mailed check,78.06,1410.79,Yes
CUST-05999,Female,0,Yes,No,1,Yes,Yes,DSL,No,Yes,No,No,Yes,No,One year,Yes,Bank transfer (automatic),59.28,142.43,No
CUST-06000,Female,0,Yes,No,39,Yes,No,DSL,No,Yes,No,Yes,No,No,Month-to-month,No,Electronic check,50.57,1871.29,Yes
CUST-06001,Male,1,Yes,Yes,31,Yes,No,DSL,No,No,No,No,Yes,No,Two year,Yes,Credit card (automatic),52.72,1595.29,No
CUST-06002,Male,0,No,Yes,71,No,No phone service,DSL,No,No,Yes,Yes,No,No,One year,Yes,Electronic check,47.65,3441.82,No
CUST-06003,Male,0,No,Yes,38,Yes,No,DSL,Yes,No,No,No,Yes,Yes,Month-to-month,Yes,Electronic check,56.48,2162.86,No
CUST-06004,Female,0,Yes,Yes,8,Yes,No,Fiber optic,Yes,No,No,No,No,No,Two year,Yes,Electronic check,59.28,479.06,No
CUST-06005,Male,0,Yes,Yes,34,Yes,No,Fiber optic,Yes,Yes,No,No,Yes,No,Two year,Yes,Bank transfer (automatic),69.69,2419.44,No
CUST-06006,Female,1,No,No,27,Yes,No,Fiber optic,No,No,No,No,No,No,Month-to-month,No,Mailed check,51.68,1369.48,Yes
CUST-06007,Female,0,No,No,41,Yes,Yes,Fiber optic,No,No,No,No,No,No,Month-to-month,Yes,Mailed check,60.98,2652.96,Yes
CUST-06008,Male,0,No,No,7,Yes,No,DSL,Yes,No,No,No,No,No,Month-to-month,No,Mailed check,46.65,337.06,Yes
CUST-06009,Male,0,Yes,No,32,Yes,Yes,DSL,Yes,No,Yes,Yes,No,Yes,Two year,Yes,Electronic check,67.07,2101.37,No
CUST-06010,Female,1,Yes,Yes,16,Yes,Yes,Fiber optic,No,Yes,Yes,Yes,No,No,One year,No,Mailed check,72.11,1212.04,No
CUST-06011,Female,0,Yes,Yes,2,Yes,No,Fiber optic,No,Yes,No,Yes,No,Yes,Two year,No,Electronic check,80.44,230.93,No
CUST-06012,Male,0,Yes,No,43,Yes,No,DSL,No,Yes,No,No,No,No,Month-to-month,No,Electronic check,46.14,1901.13,No
CUST-06013,Male,0,No,Yes,31,No,No phone service,DSL,Yes,No,No,Yes,No,Yes,Two year,Yes,Credit card (automatic),63.1,1894.82,No
CUST-06014,Male,0,Yes,No,47,Yes,No,DSL,Yes,Yes,No,No,Yes,Yes,Month-to-month,No,Credit card (automatic),62.43,2861.39,Yes
CUST-06015,Female,0,No,No,33,Yes,Yes,Fiber optic,No,No,No,Yes,No,No,Two year,Yes,Bank transfer (automatic),60.13,2050.36,No
CUST-06016,Female,0,Yes,No,17,Yes,No,Fiber optic,Yes,No,No,Yes,Yes,Yes,Month-to-month,Yes,Credit card (automatic),86.47,1510.03,Yes
CUST-06017,Female,0,No,No,54,Yes,Yes,Fiber optic,Yes,Yes,No,Yes,Yes,Yes,Month-to-month,No,Mailed check,97.38,5267.91,Yes
CUST-06018,Female,0,Yes,Yes,54,Yes,Yes,No,No internet service,No internet service,No internet service,No internet service,No internet service,No internet service,Two year,No,Electronic check,27.48,1558.15,No
CUST-06019,Female,0,Yes,No,51,Yes,Yes,No,No internet service,No internet service,No internet service,No internet service,No internet service,No internet service,Two year,No,Mailed check,32.15,1679.93,No
CUST-06020,Male,0,No,No,52,Yes,No,DSL,No,No,Yes,No,Yes,No,Two year,Yes,Credit card (automatic),53.09,2702.3,Yes
CUST-06021,Male,0,Yes,No,7,Yes,No,Fiber optic,No,Yes,Yes,Yes,No,Yes,Month-to-month,No,Electronic check,85.18,690.01,Yes
CUST-06022,Female,0,Yes,No,54,Yes,No,DSL,Yes,No,Yes,No,No,Yes,One year,Yes,Bank transfer (automatic),63.47,3506.34,No
CUST-06023,Female,0,Yes,Yes,11,Yes,No,Fiber optic,No,No,No,Yes,No,Yes,Month-to-month,No,Bank transfer (automatic),72.67,780.94,No
CUST-06024,Male,0,No,No,62,Yes,No,Fiber optic,No,No,No,Yes,No,Yes,Month-to-month,Yes,Electronic check,66.42,4082.08,No
CUST-06025,Male,0,No,No,30,Yes,No,Fiber optic,Yes,No,No,No,No,Yes,Two year,Yes,Credit card (automatic),64.98,2039.69,No
CUST-06026,Male,0,No,No,57,Yes,No,DSL,Yes,No,Yes,Yes,No,Yes,Month-to-month,No,Bank transfer (automatic),63.16,3512.64,Yes
CUST-06027,Male,0,No,No,46,Yes,No,Fiber optic,No,No,No,No,No,No,Month-to-month,Yes,Electronic check,56.35,2674.76,Yes
CUST-06028,Female,0,No,Yes,70,Yes,No,No,No internet service,No internet service,No internet service,No internet service,No internet service,No internet service,Month-to-month,Yes,Bank transfer (automatic),30.14,2102.16,No
CUST-06029,Male,0,No,Yes,66,Yes,No,DSL,No,Yes,No,No,No,Yes,Two year,Yes,Credit card (automatic),58.04,3773.51,No
CUST-06030,Female,0,No,No,55,Yes,Yes,Fiber optic,No,Yes,No,No,No,No,Month-to-month,Yes,Credit card (automatic),66.53,3735.95,Yes
CUST-06031,Male,0,No,No,58,Yes,Yes,No,No internet service,No internet service,No internet service,No internet service,No internet service,No internet service,Two year,No,Credit card (automatic),32.17,1829.54,No
CUST-06032,Male,0,Yes,No,10,Yes,No,DSL,No,No,No,Yes,Yes,Yes,Month-to-month,Yes,Electronic check,70.0,638.12,Yes
CUST-06033,Male,1,No,No,4,Yes,Yes,DSL,Yes,Yes,Yes,No,Yes,No,Month-to-month,Yes,Electronic check,71.15,313.13,No
CUST-06034,Female,0,No,No,62,Yes,Yes,Fiber optic,No,Yes,No,No,Yes,Yes,One year,Yes,Electronic check,83.6,5203.73,Yes
CUST-06035,Female,0,Yes,No,43,Yes,No,DSL,No,No,No,Yes,Yes,No,Month-to-month,No,Electronic check,60.01,2488.24,Yes
CUST-06036,Male,0,Yes,No,42,Yes,No,No,No internet service,No internet service,No internet service,No internet service,No internet service,No internet service,Two year,No,Bank transfer (automatic),27.67,1282.34,No
CUST-06037,Female,0,Yes,No,24,Yes,No,Fiber optic,No,No,No,No,No,No,Month-to-month,Yes,Mailed check,60.14,1521.14,Yes
CUST-06038,Female,0,Yes,Yes,5,Yes,Yes,Fiber optic,No,No,No,No,Yes,Yes,Month-to-month,Yes,Electronic check,80.15,478.32,Yes
CUST-06039,Male,1,Yes,No,68,Yes,No,DSL,No,No,Yes,Yes,No,Yes,Two year,No,Credit card (automatic),55.8,3817.24,No
CUST-06040,Male,0,Yes,No,45,Yes,No,DSL,No,No,No,No,Yes,No,Month-to-month,Yes,Electronic check,48.9,2168.25,Yes
CUST-06041,Female,0,Yes,Yes,59,Yes,No,Fiber optic,No,No,No,Yes,No,Yes,One year,Yes,Credit card (automatic),73.34,4297.45,Yes
CUST-06042,Female,0,No,No,65,Yes,Yes,Fiber optic,Yes,Yes,Yes,No,Yes,No,Month-to-month,No,Electronic check,79.73,5185.46,No
CUST-06043,Female,0,Yes,No,63,Yes,No,Fiber optic,No,Yes,No,No,No,No,Month-to-month,No,Electronic check,59.42,3785.9,Yes
CUST-06044,Male,0,Yes,No,67,Yes,Yes,No,No internet service,No internet service,No internet service,No internet service,No internet service,No internet service,Month-to-month,Yes,Electronic check,27.61,1814.34,No
CUST-06045,Male,0,Yes,No,49,Yes,Yes,Fiber optic,Yes,No,No,No,Yes,No,Month-to-month,Yes,Mailed check,78.08,3794.92,Yes
CUST-06046,Female,0,No,No,32,Yes,Yes,DSL,Yes,No,No,No,No,No,Month-to-month,No,Mailed check,52.75,1684.9,Yes
CUST-06047,Male,1,Yes,No,50,Yes,Yes,No,No internet service,No internet service,No internet service,No internet service,No internet service,No internet service,One year,Yes,Mailed check,35.18,1791.84,No
CUST-06048,Male,0,Yes,No,58,Yes,No,Fiber optic,Yes,No,No,Yes,Yes,Yes,Month-to-month,Yes,Bank transfer (automatic),78.98,4524.62,No
CUST-06049,Female,0,No,Yes,52,Yes,No,No,No internet service,No internet service,No internet service,No internet service,No internet service,No internet service,Month-to-month,No,Electronic check,23.21,1210.93,No
CUST-06050,Female,1,Yes,No,23,Yes,Yes,DSL,Yes,No,No,No,Yes,No,One year,No,Electronic check,59.55,1459.93,Yes
CUST-06051,Male,0,Yes,No,30,Yes,No,DSL,No,No,No,No,Yes,No,Month-to-month,Yes,Mailed check,50.72,1543.91,No
CUST-06052,Male,0,Yes,No,70,Yes,Yes,Fiber optic,Yes,No,Yes,No,Yes,Yes,Month-to-month,No,Electronic check,94.31,6622.03,Yes
CUST-06053,Female,0,No,Yes,71,Yes,No,Fiber optic,No,No,No,No,No,No,Month-to-month,No,Credit card (automatic),60.54,4292.02,Yes
CUST-06054,Male,0,No,No,30,Yes,Yes,No,No internet service,No internet service,No internet service,No internet service,No internet service,No internet service,Month-to-month,No,Credit card (automatic),33.8,1075.19,No
CUST-06055,Male,0,No,No,37,Yes,Yes,DSL,No,No,No,No,No,No,Two year,No,Electronic check,39.42,1496.15,No
CUST-06056,Female,0,Yes,No,48,No,No phone service,DSL,No,No,Yes,No,No,No,Month-to-month,No,Credit card (automatic),44.04,2159.2,Yes
CUST-06057,Female,0,No,No,32,Yes,No,Fiber optic,Yes,No,No,Yes,Yes,Yes,Month-to-month,No,Mailed check,85.68,2774.06,Yes
CUST-06058,Male,0,Yes,Yes,70,Yes,Yes,DSL,Yes,No,No,Yes,No,No,Month-to-month,No,Mailed check,56.75,4021.15,No
CUST-06059,Male,1,Yes,No,35,Yes,No,DSL,Yes,No,Yes,No,Yes,No,One year,Yes,Bank transfer (automatic),59.37,2076.17,Yes
CUST-06060,Male,0,Yes,No,68,Yes,Yes,DSL,No,No,No,Yes,Yes,Yes,One year,Yes,Electronic check,65.5,4466.41,No
CUST-06061,Female,0,No,No,32,Yes,No,DSL,Yes,No,No,No,No,Yes,Month-to-month,Yes,Electronic check,50.91,1684.84,No
CUST-06062,Male,0,Yes,No,59,Yes,Yes,Fiber optic,No,Yes,No,Yes,No,Yes,One year,No,Bank transfer (automatic),76.97,4578.94,Yes
CUST-06063,Male,0,No,No,35,Yes,Yes,No,No internet service,No internet service,No internet service,No internet service,No internet service,No internet service,Month-to-month,Yes,Credit card (automatic),31.52,1039.45,Yes
CUST-06064,Female,0,No,Yes,16,Yes,No,Fiber optic,Yes,Yes,No,No,Yes,No,Month-to-month,Yes,Bank transfer (automatic),72.33,1164.58,Yes
CUST-06065,Female,0,Yes,No,52,Yes,No,Fiber optic,Yes,No,Yes,No,No,Yes,Month-to-month,Yes,Bank transfer (automatic),74.02,3834.86,No
CUST-06066,Male,0,Yes,No,66,Yes,No,Fiber optic,No,No,No,No,No,Yes,Month-to-month,No,Credit card (automatic),65.38,4413.25,Yes
CUST-06067,Female,0,Yes,Yes,6,No,No phone service,Fiber optic,No,No,No,No,No,No,Month-to-month,Yes,Credit card (automatic),62.01,390.44,Yes
CUST-06068,Female,0,Yes,No,14,Yes,Yes,No,No internet service,No internet service,No internet service,No internet service,No internet service,No internet service,Month-to-month,No,Electronic check,33.68,534.22,No
CUST-06069,Male,0,Yes,No,29,Yes,Yes,Fiber optic,No,No,No,Yes,No,Yes,Month-to-month,No,Electronic check,78.36,2281.49,No
CUST-06070,Female,0,No,No,26,Yes,No,DSL,No,No,No,No,Yes,Yes,One year,Yes,Bank transfer (automatic),58.42,1543.96,No
CUST-06071,Female,0,Yes,Yes,18,No,No phone service,No,No internet service,No internet service,No internet service,No internet service,No internet service,No internet service,Month-to-month,No,Electronic check,18.1,340.38,No
CUST-06072,Male,0,No,No,4,Yes,No,Fiber optic,No,Yes,Yes,No,No,No,Month-to-month,No,Mailed check,65.13,290.09,Yes
CUST-06073,Female,0,Yes,No,57,Yes,No,DSL,No,No,No,Yes,No,No,Two year,Yes,Electronic check,42.24,2393.76,No
CUST-06074,Male,0,No,No,53,Yes,No,Fiber optic,No,No,Yes,No,No,No,One year,Yes,Credit card (automatic),64.66,3461.18,No
CUST-06075,Male,1,No,No,25,Yes,No,Fiber optic,Yes,No,No,No,No,No,Month-to-month,No,Mailed check,65.27,1625.52,Yes
CUST-06076,Female,0,No,Yes,47,Yes,Yes,DSL,No,No,No,No,Yes,No,One year,Yes,Electronic check,49.97,2416.86,No
CUST-06077,Female,0,No,No,52,Yes,Yes,Fiber optic,No,No,Yes,No,No,No,Month-to-month,Yes,Bank transfer (automatic),62.64,3223.95,Yes
CUST-06078,Female,0,Yes,No,34,Yes,Yes,Fiber optic,Yes,No,No,No,Yes,Yes,Two year,Yes,Electronic check,81.33,2750.82,No
CUST-06079,Male,1,Yes,No,16,Yes,No,No,No internet service,No internet service,No internet service,No internet service,No internet service,No internet service,Month-to-month,Yes,Credit card (automatic),30.37,544.54,No
CUST-06080,Female,0,No,No,36,Yes,No,No,No internet service,No internet service,No internet service,No internet service,No internet service,No internet service,Month-to-month,Yes,Credit card (automatic),24.18,981.16,No
CUST-06081,Male,0,No,No,28,Yes,No,DSL,Yes,No,No,No,No,No,Month-to-month,Yes,Electronic check,38.32,1121.23,No
CUST-06082,Female,0,No,No,65,No,No phone service,Fiber optic,Yes,No,Yes,No,No,No,Month-to-month,No,Electronic check,66.77,4337.0,No
CUST-06083,Female,0,Yes,No,72,Yes,No,No,No internet service,No internet service,No internet service,No internet service,No internet service,No internet service,Month-to-month,Yes,Electronic check,24.14,1705.46,No
CUST-06084,Female,0,Yes,No,53,Yes,Yes,Fiber optic,Yes,No,No,No,No,Yes,Two year,Yes,Electronic check,70.68,3770.6,No
CUST-06085,Male,0,Yes,No,42,Yes,Yes,Fiber optic,No,No,No,No,No,Yes,Month-to-month,No,Electronic check,71.22,2933.62,Yes
CUST-06086,Female,0,No,No,19,Yes,Yes,DSL,No,No,No,No,Yes,Yes,Month-to-month,No,Electronic check,67.4,1271.45,Yes
CUST-06087,Female,0,No,No,44,Yes,No,No,No internet service,No internet service,No internet service,No internet service,No internet service,No internet service,Two year,Yes,Credit card (automatic),19.75,891.43,No
CUST-06088,Male,0,No,Yes,30,Yes,No,Fiber optic,No,No,No,No,No,No,Month-to-month,Yes,Credit card (automatic),57.43,1777.4,No
CUST-06089,Male,1,No,No,44,Yes,No,DSL,No,Yes,No,No,No,No,Month-to-month,Yes,Bank transfer (automatic),43.62,1901.74,Yes
CUST-06090,Female,0,No,Yes,27,Yes,No,No,No internet service,No internet service,No internet service,No internet service,No internet service,No internet service,Two year,Yes,Mailed check,22.31,628.82,No
CUST-06091,Female,0,No,No,34,Yes,Yes,No,No internet service,No internet service,No internet service,No internet service,No internet service,No internet service,Two year,No,Mailed check,36.22,1249.66,No
CUST-06092,Female,0,Yes,No,24,No,No phone service,Fiber optic,Yes,Yes,No,No,No,No,Month-to-month,No,Bank transfer (automatic),60.89,1460.03,No
CUST-06093,Male,1,No,Yes,56,Yes,No,Fiber optic,No,No,Yes,No,Yes,No,Two year,Yes,Electronic check,70.23,4028.92,No
CUST-06094,Male,1,Yes,No,7,Yes,Yes,Fiber optic,No,Yes,No,Yes,No,Yes,Month-to-month,Yes,Bank transfer (automatic),81.11,583.7,No
CUST-06095,Male,0,No,No,68,Yes,No,Fiber optic,Yes,Yes,No,Yes,No,No,Two year,Yes,Electronic check,65.07,4418.21,No
CUST-06096,Male,0,Yes,Yes,51,Yes,Yes,Fiber optic,No,No,No,No,Yes,No,Two year,No,Bank transfer (automatic),73.35,3689.05,Yes
CUST-06097,Female,0,No,No,8,Yes,Yes,No,No internet service,No internet service,No internet service,No internet service,No internet service,No internet service,One year,Yes,Mailed check,31.4,343.18,No
CUST-06098,Male,1,No,No,56,Yes,Yes,Fiber optic,No,Yes,Yes,No,Yes,Yes,Two year,Yes,Bank transfer (automatic),89.42,5060.57,Yes
CUST-06099,Male,0,No,No,58,Yes,No,Fiber optic,No,No,No,Yes,Yes,Yes,One year,Yes,Bank transfer (automatic),82.75,4813.01,No
CUST-06100,Male,0,No,No,69,Yes,Yes,DSL,No,Yes,No,Yes,No,Yes,Month-to-month,Yes,Electronic check,59.87,4171.98,No
CUST-06101,Female,0,No,Yes,8,Yes,Yes,DSL,No,No,Yes,Yes,Yes,No,One year,Yes,Mailed check,60.64,448.52,No
CUST-06102,Female,1,No,Yes,66,Yes,Yes,Fiber optic,Yes,Yes,No,Yes,Yes,Yes,One year,Yes,Bank transfer (automatic),98.98,6631.11,No
CUST-06103,Male,0,Yes,No,24,Yes,Yes,No,No internet service,No internet service,No internet service,No internet service,No internet service,No internet service,One year,No,Electronic check,36.17,900.2,No
CUST-06104,Male,0,No,No,42,No,No phone service,Fiber optic,Yes,No,No,No,No,No,Two year,No,Credit card (automatic),66.92,2769.74,No
CUST-06105,Female,0,Yes,No,54,Yes,No,Fiber optic,No,Yes,No,No,Yes,Yes,Month-to-month,No,Mailed check,82.94,4514.34,Yes
CUST-06106,Female,0,No,No,16,Yes,No,Fiber optic,No,Yes,Yes,No,No,Yes,One year,No,Electronic check,74.7,1190.71,Yes
CUST-06107,Female,0,No,No,4,Yes,Yes,Fiber optic,No,No,No,No,Yes,No,One year,No,Bank transfer (automatic),77.41,326.61,Yes
CUST-06108,Female,1,No,No,59,Yes,No,No,No internet service,No internet service,No internet service,No internet service,No internet service,No internet service,Month-to-month,No,Bank transfer (automatic),29.31,1809.29,No
CUST-06109,Female,1,No,No,46,Yes,No,No,No internet service,No internet service,No internet service,No internet service,No internet service,No internet service,Month-to-month,Yes,Mailed check,22.7,1101.22,No
CUST-06110,Female,1,No,Yes,13,Yes,Yes,DSL,Yes,Yes,No,No,No,Yes,Month-to-month,Yes,Bank transfer (automatic),61.01,752.04,No
CUST-06111,Female,0,No,Yes,37,Yes,No,No,No internet service,No internet service,No internet service,No internet service,No internet service,No internet service,Month-to-month,Yes,Electronic check,20.63,763.23,No
CUST-06112,Female,0,No,No,54,Yes,Yes,Fiber optic,No,No,No,No,No,Yes,Two year,Yes,Bank transfer (automatic),75.19,4017.17,No
CUST-06113,Male,1,No,No,49,Yes,No,No,No internet service,No internet service,No internet service,No internet service,No internet service,No internet service,Month-to-month,No,Mailed check,20.53,1031.12,No
CUST-06114,Male,0,No,Yes,58,No,No phone service,No,No internet service,No internet service,No internet service,No internet service,No internet service,No internet service,Two year,Yes,Electronic check,19.87,1186.59,No
CUST-06115,Male,0,Yes,No,19,Yes,Yes,Fiber optic,No,Yes,No,Yes,No,No,Two year,Yes,Credit card (automatic),70.79,1388.81,No
CUST-06116,Male,1,No,No,18,Yes,No,Fiber optic,No,Yes,No,No,No,Yes,Two year,No,Credit card (automatic),71.39,1284.03,No
CUST-06117,Male,0,No,Yes,60,Yes,No,No,No internet service,No internet service,No internet service,No internet service,No internet service,No internet service,One year,No,Mailed check,28.26,1748.9,No
CUST-06118,Male,0,No,No,17,Yes,No,Fiber optic,No,No,No,Yes,No,Yes,One year,Yes,Mailed check,72.68,1215.98,Yes
CUST-06119,Female,0,No,Yes,11,Yes,Yes,DSL,No,Yes,No,No,Yes,No,Month-to-month,No,Bank transfer (automatic),66.28,650.89,No
CUST-06120,Female,0,Yes,No,15,Yes,No,Fiber optic,No,No,No,No,Yes,No,One year,Yes,Credit card (automatic),60.98,974.81,Yes
CUST-06121,Male,0,Yes,Yes,72,Yes,No,Fiber optic,Yes,Yes,No,No,No,No,Two year,No,Mailed check,60.68,4294.79,No
CUST-06122,Male,0,No,No,17,Yes,No,No,No internet service,No internet service,No internet service,No internet service,No internet service,No internet service,Month-to-month,No,Credit card (automatic),33.26,570.07,Yes
CUST-06123,Female,0,No,Yes,5,Yes,No,DSL,No,No,No,Yes,Yes,No,Two year,Yes,Electronic check,52.02,211.64,No
CUST-06124,Female,0,No,No,61,No,No phone service,No,No internet service,No internet service,No internet service,No internet service,No internet service,No internet service,Month-to-month,No,Electronic check,24.84,1439.06,No
CUST-06125,Female,0,Yes,No,4,Yes,No,Fiber optic,No,No,Yes,Yes,No,No,Two year,No,Credit card (automatic),66.98,323.11,No
CUST-06126,Male,0,No,No,56,Yes,No,Fiber optic,No,No,Yes,Yes,No,No,Month-to-month,Yes,Bank transfer (automatic),69.69,3896.94,No
CUST-06127,Female,1,No,No,48,Yes,Yes,No,No internet service,No internet service,No internet service,No internet service,No internet service,No internet service,Two year,No,Bank transfer (automatic),28.62,1356.0,No
CUST-06128,Male,0,Yes,No,48,Yes,No,DSL,Yes,Yes,No,No,Yes,Yes,Two year,No,Bank transfer (automatic),64.84,3079.34,No
CUST-06129,Male,0,Yes,Yes,35,No,No phone service,DSL,No,Yes,No,No,Yes,Yes,One year,No,Electronic check,66.06,2314.56,No
CUST-06130,Female,0,Yes,No,33,Yes,No,DSL,No,No,No,Yes,Yes,No,Month-to-month,Yes,Credit card (automatic),58.69,2010.38,Yes
CUST-06131,Female,1,Yes,No,21,Yes,No,DSL,No,No,No,No,No,Yes,Month-to-month,Yes,Electronic check,51.52,1113.88,Yes
CUST-06132,Male,0,Yes,No,5,Yes,No,Fiber optic,No,Yes,Yes,No,Yes,No,Month-to-month,Yes,Electronic check,79.78,425.21,Yes
CUST-06133,Female,0,Yes,No,64,Yes,No,DSL,No,No,No,Yes,Yes,Yes,Month-to-month,No,Bank transfer (automatic),65.85,4096.91,No
CUST-06134,Female,1,No,No,69,Yes,No,No,No internet service,No internet service,No internet service,No internet service,No internet service,No internet service,Two year,Yes,Electronic check,34.23,2447.88,No
CUST-06135,Male,0,Yes,No,21,No,No phone service,No,No internet service,No internet service,No internet service,No internet service,No internet service,No internet service,Month-to-month,No,Credit card (automatic),23.91,518.03,Yes
CUST-06136,Female,1,Yes,No,32,Yes,No,Fiber optic,No,No,Yes,Yes,No,No,Month-to-month,Yes,Bank transfer (automatic),58.07,1894.25,Yes
CUST-06137,Male,1,Yes,No,18,Yes,Yes,DSL,No,No,No,No,Yes,No,Month-to-month,No,Bank transfer (automatic),56.09,996.64,Yes
CUST-06138,Male,1,Yes,No,58,Yes,No,Fiber optic,No,No,Yes,Yes,Yes,Yes,Month-to-month,Yes,Mailed check,88.95,5185.25,No
CUST-06139,Female,0,No,No,24,Yes,No,No,No internet service,No internet service,No internet service,No internet service,No internet service,No internet service,Month-to-month,No,Mailed check,20.5,539.98,No
CUST-06140,Male,0,Yes,No,5,No,No phone service,Fiber optic,No,No,No,Yes,Yes,Yes,Month-to-month,Yes,Mailed check,83.15,407.17,Yes
CUST-06141,Male,1,No,No,53,Yes,No,DSL,Yes,No,No,Yes,No,Yes,One year,No,Bank transfer (automatic),61.42,3325.63,No
CUST-06142,Female,0,No,No,55,Yes,No,DSL,Yes,Yes,Yes,No,Yes,Yes,Two year,Yes,Electronic check,73.72,4112.73,No
CUST-06143,Female,0,Yes,No,5,Yes,No,DSL,No,No,Yes,No,No,No,One year,No,Mailed check,51.29,180.42,No
CUST-06144,Female,0,No,No,69,Yes,No,DSL,No,No,No,No,No,Yes,Month-to-month,Yes,Credit card (automatic),52.48,3598.92,No
CUST-06145,Male,0,No,No,41,Yes,No,Fiber optic,Yes,No,Yes,Yes,No,No,Month-to-month,No,Electronic check,68.86,2805.55,Yes
CUST-06146,Male,0,Yes,Yes,7,Yes,Yes,No,No internet service,No internet service,No internet service,No internet service,No internet service,No internet service,One year,Yes,Mailed check,28.21,151.08,Yes
CUST-06147,Female,0,No,Yes,1,Yes,Yes,DSL,No,No,Yes,No,No,No,One year,No,Electronic check,53.9,98.6,No
CUST-06148,Male,0,No,No,52,Yes,No,DSL,Yes,No,No,No,No,No,One year,Yes,Mailed check,47.2,2553.15,No
CUST-06149,Female,0,No,No,26,Yes,No,No,No internet service,No internet service,No internet service,No internet service,No internet service,No internet service,Two year,Yes,Electronic check,27.46,752.68,No
CUST-06150,Female,0,Yes,No,63,Yes,No,No,No internet service,No internet service,No internet service,No internet service,No internet service,No internet service,Month-to-month,Yes,Mailed check,26.08,1606.23,No
CUST-06151,Male,0,No,No,12,No,No phone service,Fiber optic,No,Yes,No,No,No,No,Month-to-month,No,Mailed check,66.25,789.18,Yes
CUST-06152,Female,0,Yes,No,70,Yes,Yes,No,No internet service,No internet service,No internet service,No internet service,No internet service,No internet service,One year,No,Credit card (automatic),34.63,2378.14,No
CUST-06153,Male,0,Yes,No,19,Yes,No,Fiber optic,No,Yes,Yes,No,Yes,No,Month-to-month,Yes,Electronic check,70.96,1335.06,No
CUST-06154,Male,0,Yes,No,4,Yes,Yes,No,No internet service,No internet service,No internet service,No internet service,No internet service,No internet service,Month-to-month,No,Electronic check,35.06,160.05,No
CUST-06155,Female,0,No,Yes,5,Yes,No,No,No internet service,No internet service,No internet service,No internet service,No internet service,No internet service,Month-to-month,Yes,Electronic check,26.2,83.4,No
CUST-06156,Male,0,No,No,54,Yes,No,No,No internet service,No internet service,No internet service,No internet service,No internet service,No internet service,Month-to-month,No,Electronic check,24.06,1235.97,No
CUST-06157,Female,0,Yes,No,70,No,No phone service,DSL,No,No,Yes,Yes,Yes,Yes,One year,Yes,Credit card (automatic),69.63,4817.37,Yes
CUST-06158,Male,0,Yes,No,57,Yes,Yes,Fiber optic,No,No,Yes,No,No,No,Month-to-month,Yes,Bank transfer (automatic),66.11,3760.11,Yes
CUST-06159,Male,0,No,No,52,Yes,Yes,DSL,No,No,No,Yes,No,No,Two year,No,Electronic check,49.39,2618.86,No
CUST-06160,Male,0,No,No,18,Yes,Yes,Fiber optic,No,No,No,No,No,Yes,One year,Yes,Electronic check,75.57,1301.17,Yes
CUST-06161,Female,0,Yes,Yes,64,Yes,Yes,DSL,Yes,No,No,Yes,Yes,Yes,Month-to-month,Yes,Electronic check,72.29,4614.93,Yes
CUST-06162,Male,1,No,Yes,10,Yes,Yes,Fiber optic,No,No,No,No,Yes,No,Month-to-month,Yes,Electronic check,66.89,551.14,Yes
CUST-06163,Female,0,Yes,Yes,23,Yes,No,DSL,No,No,No,No,No,Yes,Month-to-month,Yes,Electronic check,53.5,1264.87,Yes
CUST-06164,Male,1,No,No,68,Yes,Yes,Fiber optic,No,No,Yes,Yes,Yes,No,Month-to-month,Yes,Electronic check,74.82,5101.24,No
CUST-06165,Male,0,No,Yes,52,Yes,No,Fiber optic,No,Yes,No,No,Yes,Yes,Month-to-month,Yes,Mailed check,77.82,4063.96,No
CUST-06166,Female,0,Yes,Yes,47,Yes,Yes,DSL,Yes,No,No,No,Yes,No,Two year,Yes,Electronic check,54.66,2601.38,No
CUST-06167,Female,0,No,No,70,Yes,No,No,No internet service,No internet service,No internet service,No internet service,No internet service,No internet service,One year,No,Electronic check,18.0,1298.51,No
CUST-06168,Female,0,No,No,26,Yes,Yes,DSL,No,Yes,Yes,No,No,No,Month-to-month,No,Bank transfer (automatic),54.46,1416.01,No
CUST-06169,Female,0,Yes,No,70,Yes,No,DSL,No,No,No,No,No,No,Month-to-month,Yes,Bank transfer (automatic),36.04,2527.74,Yes
CUST-06170,Female,0,Yes,No,43,Yes,No,Fiber optic,No,Yes,No,Yes,Yes,No,Two year,No,Credit card (automatic),71.06,3109.52,No
CUST-06171,Male,0,Yes,No,69,Yes,Yes,Fiber optic,No,No,No,No,Yes,No,One year,Yes,Mailed check,67.39,4634.33,No
CUST-06172,Male,0,Yes,Yes,63,Yes,No,DSL,No,No,Yes,No,No,Yes,Month-to-month,No,Mailed check,53.81,3434.62,Yes
CUST-06173,Female,0,No,No,66,No,No phone service,DSL,No,Yes,No,No,No,No,Month-to-month,Yes,Bank transfer (automatic),50.14,3372.44,No
CUST-06174,Male,0,Yes,No,63,Yes,No,Fiber optic,No,Yes,No,No,No,Yes,One year,Yes,Bank transfer (automatic),71.37,4560.6,No
CUST-06175,Male,1,No,No,13,No,No phone service,No,No internet service,No internet service,No internet service,No internet service,No internet service,No internet service,Month-to-month,No,Mailed check,18.74,194.02,No
CUST-06176,Male,0,Yes,No,51,Yes,No,DSL,Yes,No,No,Yes,No,Yes,Month-to-month,Yes,Credit card (automatic),62.58,3208.02,No
CUST-06177,Female,0,No,No,5,Yes,No,DSL,No,No,No,No,No,No,One year,Yes,Mailed check,44.69,126.39,Yes
CUST-06178,Male,0,Yes,No,47,Yes,No,Fiber optic,Yes,No,No,Yes,No,No,Month-to-month,No,Electronic check,63.43,2917.33,Yes
CUST-06179,Male,0,Yes,No,36,Yes,No,Fiber optic,No,No,Yes,Yes,No,Yes,Month-to-month,No,Bank transfer (automatic),70.19,2490.69,No
CUST-06180,Male,0,Yes,No,36,Yes,Yes,DSL,No,No,No,Yes,Yes,No,Month-to-month,No,Mailed check,64.91,2351.93,No
CUST-06181,Female,0,No,No,50,Yes,No,DSL,No,Yes,No,No,No,No,One year,Yes,Bank transfer (automatic),49.75,2521.37,Yes
CUST-06182,Male,0,Yes,No,56,Yes,No,Fiber optic,Yes,No,No,Yes,No,No,One year,Yes,Mailed check,70.92,4031.16,No
CUST-06183,Male,1,Yes,No,19,Yes,No,Fiber optic,No,No,Yes,No,Yes,Yes,Month-to-month,Yes,Bank transfer (automatic),71.67,1425.76,Yes
CUST-06184,Female,0,No,Yes,20,Yes,Yes,DSL,No,Yes,No,Yes,No,No,Two year,Yes,Mailed check,53.6,1111.23,No
CUST-06185,Female,1,No,No,22,Yes,No,Fiber optic,Yes,No,No,No,Yes,Yes,Month-to-month,No,Mailed check,73.93,1682.46,Yes
CUST-06186,Male,1,No,Yes,31,Yes,Yes,DSL,No,No,Yes,No,No,No,Month-to-month,No,Electronic check,48.41,1433.95,Yes
CUST-06187,Male,1,Yes,No,62,Yes,No,Fiber optic,No,No,No,No,No,No,Month-to-month,No,Electronic check,56.64,3507.24,Yes
CUST-06188,Female,0,Yes,No,44,Yes,No,Fiber optic,No,No,No,Yes,No,Yes,Two year,No,Electronic check,70.33,3050.9,No
CUST-06189,Female,0,No,No,68,Yes,Yes,No,No internet service,No internet service,No internet service,No internet service,No internet service,No internet service,One year,No,Mailed check,36.65,2449.23,No
CUST-06190,Female,0,No,No,67,Yes,No,Fiber optic,No,Yes,No,No,No,No,Month-to-month,Yes,Mailed check,54.64,3619.91,Yes
CUST-06191,Female,0,Yes,No,49,Yes,No,Fiber optic,No,No,No,No,Yes,No,Month-to-month,No,Electronic check,70.75,3500.99,No
CUST-06192,Female,0,Yes,No,59,Yes,Yes,Fiber optic,No,No,No,No,No,Yes,Month-to-month,No,Mailed check,68.0,4057.12,Yes
CUST-06193,Female,0,No,No,4,Yes,No,Fiber optic,No,No,Yes,No,No,Yes,Month-to-month,Yes,Credit card (automatic),65.7,190.26,Yes
CUST-06194,Female,0,Yes,No,39,Yes,Yes,DSL,Yes,No,No,No,No,No,Month-to-month,No,Mailed check,51.34,2012.56,Yes
CUST-06195,Male,0,No,Yes,7,Yes,Yes,No,No internet service,No internet service,No internet service,No internet service,No internet service,No internet service,One year,Yes,Electronic check,25.08,151.75,No
CUST-06196,Female,0,Yes,No,71,Yes,No,No,No internet service,No internet service,No internet service,No internet service,No internet service,No internet service,Two year,Yes,Mailed check,28.2,1919.32,No
CUST-06197,Female,0,No,No,49,Yes,Yes,Fiber optic,No,Yes,Yes,Yes,No,No,Month-to-month,Yes,Credit card (automatic),81.04,4057.15,Yes
CUST-06198,Male,0,No,Yes,15,Yes,No,DSL,No,No,Yes,Yes,No,Yes,One year,Yes,Credit card (automatic),57.46,799.74,No
CUST-06199,Female,0,Yes,No,7,No,No phone service,Fiber optic,No,No,Yes,No,Yes,Yes,One year,Yes,Credit card (automatic),82.16,510.66,Yes
CUST-06200,Female,0,Yes,Yes,47,No,No phone service,Fiber optic,No,No,No,Yes,No,No,Month-to-month,No,Mailed check,62.53,2948.75,Yes
CUST-06201,Male,0,No,No,68,Yes,Yes,DSL,No,No,Yes,No,Yes,No,Two year,Yes,Mailed check,54.88,3797.48,No
CUST-06202,Female,0,Yes,Yes,45,Yes,Yes,No,No internet service,No internet service,No internet service,No internet service,No internet service,No internet service,Month-to-month,No,Electronic check,32.54,1529.37,Yes
CUST-06203,Male,0,No,No,19,Yes,No,Fiber optic,Yes,Yes,No,No,No,No,Month-to-month,No,Electronic check,65.95,1191.6,Yes
CUST-06204,Male,0,No,No,47,Yes,No,No,No internet service,No internet service,No internet service,No internet service,No internet service,No internet service,One year,Yes,Credit card (automatic),18.0,781.85,No
CUST-06205,Male,0,No,No,53,Yes,No,No,No internet service,No internet service,No internet service,No internet service,No internet service,No internet service,One year,No,Bank transfer (automatic),19.52,1045.2,No
CUST-06206,Male,0,Yes,No,27,Yes,No,Fiber optic,No,No,No,No,No,Yes,Two year,No,Credit card (automatic),61.6,1727.66,No
CUST-06207,Female,0,Yes,No,5,Yes,Yes,Fiber optic,No,No,No,No,No,Yes,Month-to-month,Yes,Electronic check,64.56,324.8,Yes
CUST-06208,Male,0,No,No,60,Yes,Yes,DSL,No,Yes,Yes,No,No,Yes,One year,Yes,Electronic check,64.77,3911.5,No
CUST-06209,Male,0,Yes,No,62,Yes,Yes,Fiber optic,No,No,No,Yes,No,Yes,One year,Yes,Electronic check,70.53,4311.22,No
CUST-06210,Female,0,No,No,59,Yes,No,Fiber optic,Yes,No,No,No,No,Yes,Month-to-month,Yes,Mailed check,70.25,4151.25,No
CUST-06211,Male,1,No,Yes,61,Yes,No,Fiber optic,Yes,No,No,Yes,Yes,No,Two year,No,Mailed check,75.9,4668.89,No
CUST-06212,Male,0,Yes,Yes,56,Yes,Yes,Fiber optic,No,No,Yes,Yes,No,No,Month-to-month,No,Credit card (automatic),72.06,4026.46,No
CUST-06213,Male,0,Yes,No,47,Yes,No,Fiber optic,No,No,No,No,Yes,No,One year,No,Electronic check,67.33,3176.49,Yes
CUST-06214,Male,0,Yes,No,48,Yes,No,Fiber optic,Yes,No,No,No,No,Yes,Month-to-month,No,Mailed check,65.37,3219.88,Yes
CUST-06215,Female,0,No,Yes,10,No,No phone service,Fiber optic,No,No,Yes,Yes,No,No,Two year,No,Bank transfer (automatic),68.05,588.15,No
CUST-06216,Male,0,Yes,Yes,32,Yes,Yes,DSL,No,No,Yes,No,Yes,No,Two year,Yes,Bank transfer (automatic),56.47,1815.46,No
CUST-06217,Female,0,Yes,No,65,Yes,Yes,Fiber optic,No,Yes,Yes,Yes,No,No,One year,No,Credit card (automatic),76.93,4954.54,No
CUST-06218,Female,0,No,No,24,Yes,Yes,No,No internet service,No internet service,No internet service,No internet service,No internet service,No internet service,Two year,Yes,Credit card (automatic),28.39,827.56,No
CUST-06219,Male,0,Yes,No,29,Yes,No,DSL,No,Yes,No,No,No,No,Month-to-month,Yes,Electronic check,38.82,1107.89,Yes
CUST-06220,Male,0,Yes,No,7,Yes,Yes,No,No internet service,No internet service,No internet service,No internet service,No internet service,No internet service,Two year,Yes,Mailed check,34.45,203.24,No
CUST-06221,Male,0,Yes,Yes,17,Yes,No,DSL,Yes,No,Yes,No,No,Yes,Two year,Yes,Bank transfer (automatic),68.47,1204.16,No
CUST-06222,Male,0,No,No,25,No,No phone service,No,No internet service,No internet service,No internet service,No internet service,No internet service,No internet service,Month-to-month,No,Mailed check,18.72,411.74,No
CUST-06223,Female,0,Yes,No,36,Yes,No,No,No internet service,No internet service,No internet service,No internet service,No internet service,No internet service,One year,No,Mailed check,27.21,827.01,No
CUST-06224,Female,0,No,No,61,Yes,No,Fiber optic,Yes,No,Yes,Yes,Yes,No,Two year,Yes,Electronic check,83.35,5118.57,No
CUST-06225,Female,0,No,No,71,Yes,Yes,DSL,Yes,No,No,No,Yes,Yes,One year,No,Electronic check,66.48,4793.4,Yes
CUST-06226,Male,0,No,No,35,Yes,Yes,DSL,Yes,Yes,Yes,Yes,No,No,Two year,Yes,Bank transfer (automatic),68.21,2343.32,No
CUST-06227,Female,0,No,No,50,Yes,Yes,DSL,No,Yes,Yes,Yes,No,No,One year,Yes,Credit card (automatic),69.73,3437.89,No
CUST-06228,Male,1,Yes,Yes,56,Yes,Yes,No,No internet service,No internet service,No internet service,No internet service,No internet service,No internet service,Month-to-month,Yes,Credit card (automatic),28.41,1616.54,No
CUST-06229,Male,1,Yes,Yes,65,Yes,No,DSL,No,No,Yes,Yes,No,No,Two year,No,Credit card (automatic),49.63,3264.83,No
CUST-06230,Male,0,Yes,Yes,41,Yes,Yes,Fiber optic,No,Yes,No,No,Yes,Yes,Two year,Yes,Credit card (automatic),84.28,3485.02,Yes
CUST-06231,Male,0,No,No,25,Yes,Yes,Fiber optic,No,No,Yes,No,Yes,Yes,Month-to-month,Yes,Electronic check,88.87,2169.19,No
CUST-06232,Male,0,Yes,No,34,Yes,No,Fiber optic,No,No,No,No,No,Yes,Month-to-month,No,Mailed check,60.7,2032.79,Yes
CUST-06233,Female,0,Yes,No,8,Yes,No,No,No internet service,No internet service,No internet service,No internet service,No internet service,No internet service,One year,Yes,Electronic check,21.2,126.28,No
CUST-06234,Female,1,Yes,No,56,Yes,Yes,Fiber optic,No,No,No,No,No,Yes,One year,Yes,Mailed check,69.53,3833.24,No
CUST-06235,Male,0,Yes,No,30,Yes,No,Fiber optic,No,No,Yes,Yes,Yes,No,Two year,No,Electronic check,72.21,2215.46,Yes
CUST-06236,Female,0,No,Yes,68,Yes,Yes,Fiber optic,Yes,No,No,Yes,No,No,Month-to-month,No,Bank transfer (automatic),65.64,4455.93,No
CUST-06237,Male,0,No,Yes,21,Yes,Yes,No,No internet service,No internet service,No internet service,No internet service,No internet service,No internet service,Month-to-month,Yes,Mailed check,30.24,611.79,No
CUST-06238,Male,0,Yes,Yes,10,Yes,Yes,DSL,Yes,No,No,No,No,No,Two year,Yes,Credit card (automatic),58.01,522.86,No
CUST-06239,Male,1,No,No,33,Yes,No,Fiber optic,No,No,No,No,Yes,No,Two year,No,Electronic check,67.96,2267.86,Yes
CUST-06240,Female,0,No,Yes,4,Yes,No,No,No internet service,No internet service,No internet service,No internet service,No internet service,No internet service,Two year,No,Mailed check,29.97,103.57,No
CUST-06241,Male,0,No,No,23,Yes,No,DSL,No,Yes,No,No,Yes,No,Month-to-month,Yes,Electronic check,52.1,1211.32,Yes
CUST-06242,Male,0,No,No,69,Yes,Yes,DSL,No,No,No,No,No,No,Month-to-month,Yes,Mailed check,39.05,2639.75,No
CUST-06243,Female,0,Yes,Yes,53,Yes,No,Fiber optic,No,Yes,Yes,No,No,No,Month-to-month,Yes,Electronic check,67.2,3621.22,Yes
CUST-06244,Female,0,Yes,Yes,5,Yes,Yes,No,No internet service,No internet service,No internet service,No internet service,No internet service,No internet service,Two year,Yes,Credit card (automatic),26.7,168.54,No
CUST-06245,Female,0,No,No,18,Yes,No,DSL,No,No,No,No,No,No,Month-to-month,Yes,Credit card (automatic),38.05,689.55,Yes
CUST-06246,Male,0,No,Yes,17,Yes,Yes,DSL,Yes,No,Yes,No,No,No,Month-to-month,Yes,Mailed check,53.53,911.24,Yes
CUST-06247,Male,0,No,Yes,58,Yes,Yes,Fiber optic,No,No,Yes,No,Yes,Yes,One year,No,Mailed check,81.95,4772.29,Yes
CUST-06248,Female,0,No,No,67,Yes,No,Fiber optic,No,No,No,No,Yes,No,Two year,Yes,Mailed check,67.28,4514.0,No
CUST-06249,Male,0,No,No,72,Yes,Yes,DSL,No,Yes,No,No,No,No,Month-to-month,Yes,Mailed check,50.55,3725.14,Yes
CUST-06250,Female,0,No,Yes,56,Yes,No,No,No internet service,No internet service,No internet service,No internet service,No internet service,No internet service,Month-to-month,Yes,Mailed check,28.52,1580.77,No
CUST-06251,Female,0,No,No,40,Yes,No,Fiber optic,No,No,No,No,No,No,Two year,No,Mailed check,52.21,1992.96,No
CUST-06252,Male,0,Yes,Yes,2,No,No phone service,Fiber optic,No,Yes,No,No,Yes,No,Month-to-month,No,Credit card (automatic),65.71,193.02,No
CUST-06253,Male,0,No,No,21,Yes,No,Fiber optic,No,No,No,No,Yes,Yes,Month-to-month,No,Mailed check,70.45,1439.99,Yes
CUST-06254,Female,0,No,No,52,Yes,Yes,No,No internet service,No internet service,No internet service,No internet service,No internet service,No internet service,Month-to-month,No,Bank transfer (automatic),19.59,1021.24,No
CUST-06255,Female,0,No,No,24,No,No phone service,DSL,Yes,Yes,No,No,No,No,Month-to-month,No,Bank transfer (automatic),53.25,1225.13,Yes
CUST-06256,Female,0,Yes,No,53,Yes,No,Fiber optic,No,Yes,No,No,Yes,No,One year,Yes,Credit card (automatic),73.18,3804.6,No
CUST-06257,Female,0,Yes,No,38,Yes,No,DSL,No,No,No,No,No,No,Month-to-month,No,Electronic check,36.44,1439.37,Yes
CUST-06258,Male,0,No,No,20,Yes,Yes,Fiber optic,No,No,No,No,No,Yes,Two year,No,Electronic check,66.77,1363.85,No
CUST-06259,Female,0,No,Yes,50,Yes,No,Fiber optic,Yes,Yes,No,No,No,Yes,Two year,Yes,Bank transfer (automatic),81.01,4028.24,No
CUST-06260,Female,1,No,No,39,Yes,Yes,DSL,No,Yes,No,No,No,No,One year,Yes,Mailed check,56.21,2192.01,No
CUST-06261,Female,0,Yes,No,60,Yes,No,DSL,No,No,Yes,Yes,Yes,No,One year,Yes,Bank transfer (automatic),61.57,3751.68,No
CUST-06262,Male,0,Yes,No,39,Yes,Yes,DSL,No,Yes,No,No,Yes,No,Two year,Yes,Mailed check,56.26,2118.67,No
CUST-06263,Male,0,Yes,No,71,Yes,Yes,No,No internet service,No internet service,No internet service,No internet service,No internet service,No internet service,One year,No,Bank transfer (automatic),21.28,1514.15,No
CUST-06264,Female,0,No,No,33,Yes,Yes,Fiber optic,Yes,No,No,Yes,No,No,Month-to-month,Yes,Credit card (automatic),71.69,2476.13,Yes
CUST-06265,Male,0,Yes,Yes,29,Yes,No,Fiber optic,Yes,No,No,No,No,Yes,Month-to-month,Yes,Mailed check,64.83,1843.76,No
CUST-06266,Male,0,No,No,10,Yes,No,Fiber optic,No,Yes,No,No,No,No,Month-to-month,No,Electronic check,63.97,682.9,Yes
CUST-06267,Male,0,Yes,Yes,67,No,No phone service,Fiber optic,No,Yes,No,No,No,Yes,One year,No,Electronic check,64.94,4337.5,No
CUST-06268,Female,0,No,Yes,3,Yes,No,Fiber optic,No,No,No,No,No,No,Month-to-month,No,Electronic check,51.94,166.35,Yes
CUST-06269,Female,0,No,Yes,31,Yes,No,Fiber optic,Yes,Yes,No,No,No,No,Two year,No,Credit card (automatic),58.2,1758.17,No
CUST-06270,Male,0,No,No,27,Yes,Yes,DSL,No,Yes,No,No,Yes,No,One year,Yes,Bank transfer (automatic),59.88,1617.5,No
CUST-06271,Female,0,Yes,Yes,70,Yes,No,DSL,No,No,No,No,Yes,No,Month-to-month,Yes,Mailed check,53.73,3698.6,No
CUST-06272,Female,0,No,No,27,Yes,Yes,No,No internet service,No internet service,No internet service,No internet service,No internet service,No internet service,Two year,Yes,Mailed check,31.27,873.0,No
CUST-06273,Male,0,Yes,No,9,Yes,No,DSL,Yes,No,No,No,No,Yes,Month-to-month,Yes,Electronic check,50.62,502.02,Yes
CUST-06274,Male,0,Yes,Yes,6,Yes,No,Fiber optic,No,No,Yes,No,Yes,No,Month-to-month,Yes,Electronic check,65.41,411.53,Yes
CUST-06275,Female,1,Yes,Yes,6,No,No phone service,Fiber optic,No,Yes,Yes,Yes,No,No,Month-to-month,No,Mailed check,79.11,391.45,Yes
CUST-06276,Male,1,No,Yes,26,Yes,No,Fiber optic,No,Yes,No,No,No,Yes,Month-to-month,No,Electronic check,73.42,1844.67,Yes
CUST-06277,Female,0,Yes,No,43,Yes,No,Fiber optic,Yes,No,No,No,No,Yes,Month-to-month,Yes,Mailed check,71.96,3184.93,Yes
CUST-06278,Female,0,No,Yes,19,Yes,No,DSL,Yes,No,Yes,No,Yes,No,Two year,No,Mailed check,59.52,1133.33,No
CUST-06279,Male,0,Yes,No,16,No,No phone service,Fiber optic,No,No,No,Yes,No,No,Month-to-month,Yes,Credit card (automatic),65.07,1044.12,No
CUST-06280,Female,0,Yes,No,23,Yes,No,Fiber optic,Yes,No,No,No,No,No,Month-to-month,No,Mailed check,59.17,1380.84,Yes
CUST-06281,Female,1,Yes,No,29,No,No phone service,DSL,No,No,Yes,Yes,Yes,No,Month-to-month,No,Bank transfer (automatic),67.66,2004.24,Yes
CUST-06282,Male,0,No,No,38,Yes,No,Fiber optic,No,Yes,Yes,No,Yes,Yes,Month-to-month,Yes,Credit card (automatic),83.85,3138.92,Yes
CUST-06283,Male,0,Yes,No,59,Yes,Yes,Fiber optic,No,No,No,Yes,No,Yes,Month-to-month,Yes,Credit card (automatic),74.09,4360.37,No
CUST-06284,Male,0,No,No,48,Yes,No,No,No internet service,No internet service,No internet service,No internet service,No internet service,No internet service,One year,No,Bank transfer (automatic),20.96,975.99,No
CUST-06285,Female,0,No,No,20,Yes,Yes,DSL,No,Yes,Yes,No,No,No,One year,Yes,Mailed check,58.62,1212.94,No
CUST-06286,Male,0,No,Yes,21,Yes,Yes,No,No internet service,No internet service,No internet service,No internet service,No internet service,No internet service,Two year,Yes,Electronic check,33.81,691.46,No
CUST-06287,Male,0,Yes,No,28,Yes,No,No,No internet service,No internet service,No internet service,No internet service,No internet service,No internet service,Two year,No,Mailed check,22.92,583.59,No
CUST-06288,Male,0,Yes,No,50,Yes,No,DSL,No,No,No,No,No,Yes,One year,Yes,Electronic check,49.97,2537.75,No
CUST-06289,Male,0,No,Yes,33,Yes,Yes,Fiber optic,No,Yes,No,Yes,No,No,One year,Yes,Electronic check,73.96,2535.27,No
CUST-06290,Female,0,No,No,40,No,No phone service,DSL,No,No,Yes,No,Yes,No,Month-to-month,Yes,Mailed check,57.97,2266.57,Yes
CUST-06291,Female,0,Yes,No,54,Yes,Yes,DSL,No,No,No,No,No,No,Two year,Yes,Electronic check,48.08,2601.91,No
CUST-06292,Male,0,No,No,10,Yes,Yes,Fiber optic,Yes,No,No,Yes,No,No,One year,Yes,Bank transfer (automatic),78.4,799.6,No
CUST-06293,Female,0,Yes,No,34,Yes,No,Fiber optic,Yes,No,No,No,No,No,Month-to-month,Yes,Bank transfer (automatic),53.73,1746.54,Yes
CUST-06294,Male,1,No,No,36,Yes,No,DSL,No,No,Yes,Yes,No,Yes,Month-to-month,Yes,Credit card (automatic),66.09,2337.97,Yes
CUST-06295,Male,0,Yes,Yes,7,Yes,Yes,Fiber optic,No,No,No,No,No,No,Month-to-month,No,Electronic check,62.91,488.67,Yes
CUST-06296,Female,0,Yes,No,16,Yes,Yes,No,No internet service,No internet service,No internet service,No internet service,No internet service,No internet service,Month-to-month,No,Credit card (automatic),24.2,405.69,Yes
CUST-06297,Female,0,Yes,Yes,51,Yes,No,Fiber optic,No,No,No,No,Yes,No,One year,No,Credit card (automatic),69.11,3530.31,No
CUST-06298,Male,0,No,No,61,No,No phone service,DSL,Yes,No,No,No,No,Yes,Month-to-month,No,Mailed check,57.11,3539.87,No
CUST-06299,Male,0,No,No,31,No,No phone service,DSL,No,Yes,No,No,No,No,Month-to-month,No,Mailed check,43.78,1384.55,No
CUST-06300,Female,0,Yes,Yes,32,Yes,Yes,Fiber optic,Yes,No,No,Yes,Yes,No,Month-to-month,Yes,Credit card (automatic),82.97,2619.89,Yes
CUST-06301,Male,1,No,No,45,Yes,Yes,Fiber optic,Yes,No,Yes,Yes,Yes,No,Month-to-month,No,Credit card (automatic),79.83,3581.17,No
CUST-06302,Female,0,No,Yes,27,Yes,Yes,Fiber optic,No,No,No,No,Yes,No,Month-to-month,No,Electronic check,70.6,1898.99,Yes
CUST-06303,Male,1,No,Yes,22,Yes,Yes,DSL,No,No,No,No,No,No,Month-to-month,Yes,Bank transfer (automatic),43.52,937.52,Yes
CUST-06304,Male,1,Yes,No,15,Yes,No,Fiber optic,No,Yes,No,Yes,Yes,No,Month-to-month,No,Mailed check,72.07,1113.03,Yes
CUST-06305,Female,1,No,Yes,8,Yes,No,Fiber optic,No,Yes,No,No,No,No,Month-to-month,Yes,Mailed check,62.38,545.69,No
CUST-06306,Female,0,Yes,No,68,Yes,No,Fiber optic,No,No,Yes,No,No,No,Month-to-month,No,Electronic check,55.25,3738.71,No
CUST-06307,Female,0,Yes,Yes,8,Yes,No,Fiber optic,Yes,No,No,No,Yes,No,Two year,No,Mailed check,69.13,564.01,Yes
CUST-06308,Female,0,No,Yes,16,Yes,No,No,No internet service,No internet service,No internet service,No internet service,No internet service,No internet service,Month-to-month,No,Electronic check,19.0,332.9,No
CUST-06309,Female,0,No,Yes,48,Yes,Yes,No,No internet service,No internet service,No internet service,No internet service,No internet service,No internet service,One year,Yes,Credit card (automatic),26.31,1218.85,No
CUST-06310,Female,0,No,No,34,Yes,No,Fiber optic,Yes,No,Yes,No,Yes,Yes,One year,No,Mailed check,81.05,2690.72,Yes
CUST-06311,Female,0,No,Yes,57,No,No phone service,No,No internet service,No internet service,No internet service,No internet service,No internet service,No internet service,Month-to-month,No,Credit card (automatic),29.25,1573.1,No
CUST-06312,Male,0,No,No,5,Yes,No,DSL,No,No,No,No,No,No,Two year,Yes,Electronic check,32.51,109.59,No
CUST-06313,Male,1,Yes,No,44,Yes,Yes,DSL,No,Yes,No,No,Yes,Yes,One year,No,Credit card (automatic),72.49,3095.01,Yes
CUST-06314,Male,0,Yes,Yes,71,Yes,No,DSL,No,Yes,No,No,No,Yes,One year,Yes,Electronic check,57.39,4084.66,No
CUST-06315,Female,0,No,Yes,37,Yes,No,Fiber optic,No,No,Yes,No,Yes,No,One year,Yes,Electronic check,74.98,2752.89,Yes
CUST-06316,Female,0,No,No,28,Yes,No,Fiber optic,Yes,No,Yes,No,Yes,Yes,Month-to-month,No,Credit card (automatic),93.35,2592.18,Yes
CUST-06317,Female,0,No,No,68,Yes,Yes,Fiber optic,Yes,No,No,Yes,Yes,Yes,Month-to-month,Yes,Electronic check,87.48,5916.78,Yes
CUST-06318,Male,0,No,No,38,Yes,Yes,No,No internet service,No internet service,No internet service,No internet service,No internet service,No internet service,Two year,Yes,Electronic check,32.65,1189.42,No
CUST-06319,Female,1,No,No,46,Yes,No,Fiber optic,Yes,No,Yes,Yes,No,No,Two year,Yes,Electronic check,76.9,3537.82,No
CUST-06320,Female,0,No,No,26,Yes,Yes,No,No internet service,No internet service,No internet service,No internet service,No internet service,No internet service,Two year,Yes,Electronic check,32.36,777.5,No
CUST-06321,Male,0,Yes,No,53,Yes,Yes,DSL,No,Yes,No,No,No,No,Month-to-month,No,Electronic check,55.84,2972.0,No
CUST-06322,Female,0,Yes,No,63,Yes,No,Fiber optic,Yes,Yes,No,No,Yes,No,Two year,No,Credit card (automatic),83.93,5279.72,No
CUST-06323,Male,0,No,Yes,63,Yes,Yes,Fiber optic,No,No,No,No,Yes,Yes,Month-to-month,No,Electronic check,82.26,5228.47,Yes
CUST-06324,Male,0,No,Yes,38,Yes,Yes,DSL,No,Yes,Yes,Yes,No,Yes,Month-to-month,No,Credit card (automatic),70.1,2639.73,No
CUST-06325,Female,0,No,No,15,Yes,No,No,No internet service,No internet service,No internet service,No internet service,No internet service,No internet service,Month-to-month,Yes,Credit card (automatic),31.63,439.04,Yes
CUST-06326,Female,0,Yes,No,9,Yes,Yes,Fiber optic,No,Yes,No,No,No,No,Month-to-month,No,Bank transfer (automatic),61.73,551.8,No
CUST-06327,Female,0,No,Yes,22,Yes,Yes,DSL,No,No,No,No,No,Yes,Month-to-month,Yes,Electronic check,55.29,1201.88,No
CUST-06328,Male,0,No,No,70,No,No phone service,DSL,No,Yes,Yes,No,No,No,One year,Yes,Bank transfer (automatic),49.45,3543.98,No
CUST-06329,Male,0,No,No,56,Yes,Yes,DSL,No,No,No,No,No,No,Month-to-month,No,Mailed check,39.89,2161.0,No
CUST-06330,Male,1,Yes,No,37,Yes,Yes,No,No internet service,No internet service,No internet service,No internet service,No internet service,No internet service,Two year,No,Credit card (automatic),32.73,1237.82,No
CUST-06331,Female,0,No,Yes,57,No,No phone service,DSL,Yes,Yes,No,No,Yes,No,Two year,Yes,Mailed check,59.67,3384.77,No
CUST-06332,Female,0,No,No,60,Yes,Yes,Fiber optic,Yes,No,No,Yes,No,No,Month-to-month,No,Electronic check,76.77,4559.06,Yes
CUST-06333,Female,0,No,Yes,12,Yes,No,DSL,Yes,No,Yes,No,Yes,No,Month-to-month,No,Bank transfer (automatic),58.49,683.45,No
CUST-06334,Female,1,No,Yes,7,Yes,No,Fiber optic,Yes,No,Yes,Yes,Yes,No,Month-to-month,Yes,Mailed check,75.71,605.63,Yes
CUST-06335,Male,1,No,Yes,66,Yes,Yes,DSL,No,Yes,No,Yes,Yes,No,Month-to-month,Yes,Bank transfer (automatic),70.41,4614.22,No
CUST-06336,Male,0,Yes,No,41,No,No phone service,Fiber optic,No,Yes,Yes,Yes,Yes,No,Two year,Yes,Electronic check,76.99,3186.74,Yes
CUST-06337,Male,0,Yes,No,24,Yes,Yes,Fiber optic,No,No,No,No,No,No,Month-to-month,Yes,Credit card (automatic),59.98,1392.74,Yes
CUST-06338,Male,0,No,No,25,Yes,Yes,Fiber optic,No,Yes,Yes,No,Yes,No,One year,Yes,Bank transfer (automatic),80.98,2018.13,Yes
CUST-06339,Female,0,Yes,No,62,Yes,No,Fiber optic,No,No,No,Yes,No,No,One year,No,Mailed check,62.16,3866.55,No
CUST-06340,Female,0,No,No,44,Yes,No,No,No internet service,No internet service,No internet service,No internet service,No internet service,No internet service,Month-to-month,No,Bank transfer (automatic),27.4,1299.42,Yes
CUST-06341,Female,0,Yes,Yes,2,No,No phone service,Fiber optic,No,Yes,No,No,No,No,Month-to-month,Yes,Mailed check,66.02,35.48,Yes
CUST-06342,Male,0,Yes,Yes,42,Yes,Yes,No,No internet service,No internet service,No internet service,No internet service,No internet service,No internet service,One year,Yes,Credit card (automatic),32.04,1276.29,No
CUST-06343,Male,1,No,No,33,Yes,Yes,DSL,No,Yes,No,No,No,No,Month-to-month,No,Credit card (automatic),49.87,1620.5,Yes
CUST-06344,Female,0,Yes,No,17,Yes,No,DSL,No,Yes,Yes,No,No,Yes,One year,No,Credit card (automatic),62.83,1138.19,No
CUST-06345,Female,0,No,No,63,Yes,No,Fiber optic,No,Yes,No,No,No,No,Two year,Yes,Mailed check,57.71,3582.56,No
CUST-06346,Male,0,No,No,22,Yes,Yes,No,No internet service,No internet service,No internet service,No internet service,No internet service,No internet service,Two year,Yes,Electronic check,32.73,643.17,No
CUST-06347,Female,0,Yes,No,1,Yes,No,DSL,No,No,Yes,No,No,No,Two year,Yes,Bank transfer (automatic),53.93,18.0,No
CUST-06348,Male,0,No,No,70,Yes,No,DSL,Yes,No,No,Yes,No,Yes,Month-to-month,Yes,Mailed check,62.55,4375.78,No
CUST-06349,Male,0,Yes,No,54,Yes,No,Fiber optic,No,No,Yes,No,No,No,Two year,Yes,Electronic check,57.93,3167.61,No
CUST-06350,Male,0,No,No,14,Yes,Yes,Fiber optic,No,No,No,Yes,Yes,Yes,Month-to-month,Yes,Credit card (automatic),89.5,1313.82,Yes
CUST-06351,Female,0,Yes,No,53,Yes,Yes,Fiber optic,Yes,No,No,Yes,No,Yes,Month-to-month,Yes,Electronic check,82.08,4311.06,No
CUST-06352,Female,0,Yes,No,6,Yes,Yes,Fiber optic,No,Yes,Yes,Yes,Yes,No,Month-to-month,Yes,Electronic check,82.29,524.74,Yes
CUST-06353,Male,0,No,No,64,Yes,No,Fiber optic,No,No,Yes,Yes,No,No,Month-to-month,No,Bank transfer (automatic),64.46,4138.64,No
CUST-06354,Female,0,No,No,33,Yes,No,Fiber optic,No,No,Yes,No,No,No,Two year,Yes,Credit card (automatic),51.11,1702.03,No
CUST-06355,Male,0,Yes,No,72,Yes,No,No,No internet service,No internet service,No internet service,No internet service,No internet service,No internet service,One year,No,Bank transfer (automatic),18.81,1332.4,No
CUST-06356,Male,0,No,No,44,Yes,Yes,No,No internet service,No internet service,No internet service,No internet service,No internet service,No internet service,One year,Yes,Bank transfer (automatic),25.77,1205.75,Yes
CUST-06357,Male,0,No,No,34,Yes,No,DSL,Yes,Yes,No,No,No,No,Two year,Yes,Credit card (automatic),44.55,1497.61,No
CUST-06358,Male,0,No,No,34,Yes,No,Fiber optic,No,No,No,No,No,Yes,Two year,Yes,Electronic check,68.72,2440.7,No
CUST-06359,Female,0,Yes,No,24,Yes,Yes,DSL,Yes,Yes,Yes,No,Yes,No,Month-to-month,Yes,Bank transfer (automatic),71.21,1693.57,No
CUST-06360,Male,0,No,No,2,Yes,No,No,No internet service,No internet service,No internet service,No internet service,No internet service,No internet service,Month-to-month,Yes,Mailed check,22.62,102.41,No
CUST-06361,Male,0,No,No,8,No,No phone service,Fiber optic,Yes,No,Yes,No,No,Yes,Two year,Yes,Bank transfer (automatic),72.39,627.98,No
CUST-06362,Female,1,No,Yes,25,Yes,No,No,No internet service,No internet service,No internet service,No internet service,No internet service,No internet service,One year,No,Credit card (automatic),23.97,714.32,No
CUST-06363,Male,0,No,No,32,Yes,Yes,DSL,Yes,Yes,No,No,No,Yes,One year,Yes,Mailed check,66.14,2080.07,No
CUST-06364,Male,0,Yes,No,56,Yes,Yes,DSL,Yes,No,No,No,No,No,One year,Yes,Bank transfer (automatic),45.35,2530.23,No
CUST-06365,Female,0,Yes,No,7,Yes,Yes,No,No internet service,No internet service,No internet service,No internet service,No internet service,No internet service,One year,No,Mailed check,31.9,295.86,No
CUST-06366,Female,0,Yes,No,48,No,No phone service,No,No internet service,No internet service,No internet service,No internet service,No internet service,No internet service,One year,No,Bank transfer (automatic),24.1,1144.76,No
CUST-06367,Female,0,Yes,No,54,Yes,No,Fiber optic,Yes,No,No,No,Yes,Yes,Month-to-month,No,Electronic check,78.42,4197.01,Yes
CUST-06368,Male,0,Yes,No,63,Yes,No,DSL,Yes,Yes,Yes,No,Yes,Yes,Month-to-month,Yes,Electronic check,76.04,4805.88,Yes
CUST-06369,Female,0,No,Yes,2,No,No phone service,DSL,No,No,No,No,No,Yes,Two year,Yes,Credit card (automatic),45.21,86.46,No
CUST-06370,Female,0,Yes,No,35,Yes,No,Fiber optic,No,Yes,Yes,Yes,No,Yes,Two year,Yes,Electronic check,77.88,2783.4,No
CUST-06371,Male,1,Yes,No,22,Yes,Yes,Fiber optic,No,No,Yes,Yes,No,No,Month-to-month,Yes,Mailed check,66.92,1554.83,Yes
CUST-06372,Male,0,Yes,Yes,64,Yes,No,No,No internet service,No internet service,No internet service,No internet service,No internet service,No internet service,One year,Yes,Credit card (automatic),30.15,1896.33,No
CUST-06373,Male,0,Yes,No,59,Yes,Yes,DSL,Yes,No,No,Yes,Yes,Yes,Month-to-month,Yes,Electronic check,79.7,4698.52,No
CUST-06374,Male,0,Yes,No,49,Yes,Yes,DSL,No,No,No,No,No,Yes,Month-to-month,Yes,Credit card (automatic),48.94,2416.14,No
CUST-06375,Male,1,No,No,52,Yes,No,Fiber optic,No,No,Yes,Yes,No,Yes,Two year,No,Electronic check,66.9,3501.88,Yes
CUST-06376,Female,0,Yes,Yes,21,Yes,No,DSL,Yes,No,No,No,Yes,Yes,Month-to-month,Yes,Bank transfer (automatic),69.64,1454.91,Yes
CUST-06377,Female,0,No,Yes,12,Yes,Yes,Fiber optic,No,No,No,No,No,Yes,Month-to-month,No,Mailed check,72.14,833.01,Yes
CUST-06378,Female,1,Yes,No,11,Yes,Yes,Fiber optic,Yes,No,No,No,Yes,No,One year,Yes,Electronic check,79.18,860.35,No
CUST-06379,Male,0,No,Yes,54,Yes,No,Fiber optic,No,Yes,Yes,No,No,No,One year,Yes,Bank transfer (automatic),62.68,3436.06,No
CUST-06380,Male,0,Yes,No,70,Yes,No,Fiber optic,Yes,No,Yes,No,No,No,Two year,Yes,Electronic check,64.82,4488.11,No
CUST-06381,Male,0,No,No,14,Yes,No,No,No internet service,No internet service,No internet service,No internet service,No internet service,No internet service,Month-to-month,No,Bank transfer (automatic),28.13,355.77,No
CUST-06382,Female,0,No,No,33,Yes,Yes,Fiber optic,No,No,No,No,No,No,Month-to-month,Yes,Mailed check,54.44,1758.26,No
CUST-06383,Female,1,No,Yes,26,Yes,Yes,DSL,No,Yes,No,No,Yes,Yes,Month-to-month,No,Electronic check,72.82,1856.47,Yes
CUST-06384,Male,0,No,No,14,Yes,No,DSL,No,Yes,No,No,Yes,No,Month-to-month,Yes,Mailed check,49.28,672.32,Yes
CUST-06385,Female,1,No,No,48,Yes,No,No,No internet service,No internet service,No internet service,No internet service,No internet service,No internet service,Month-to-month,No,Bank transfer (automatic),25.82,1203.1,No
CUST-06386,Male,1,No,No,65,Yes,Yes,Fiber optic,No,No,No,Yes,Yes,Yes,Month-to-month,No,Electronic check,85.44,5571.76,No
CUST-06387,Female,0,No,Yes,46,Yes,Yes,Fiber optic,Yes,No,No,No,No,No,Month-to-month,No,Credit card (automatic),55.92,2587.92,No
CUST-06388,Female,0,No,Yes,55,Yes,No,No,No internet service,No internet service,No internet service,No internet service,No internet service,No internet service,One year,No,Bank transfer (automatic),22.73,1253.79,No
CUST-06389,Female,0,No,No,68,No,No phone service,Fiber optic,No,No,No,Yes,Yes,No,Two year,Yes,Credit card (automatic),68.52,4626.58,No
CUST-06390,Male,0,No,No,12,Yes,No,DSL,No,No,No,No,No,Yes,Month-to-month,Yes,Credit card (automatic),45.48,519.06,Yes
CUST-06391,Female,0,Yes,No,54,Yes,No,DSL,No,No,Yes,No,Yes,No,Two year,No,Credit card (automatic),50.66,2775.14,No
CUST-06392,Female,0,No,Yes,64,Yes,No,No,No internet service,No internet service,No internet service,No internet service,No internet service,No internet service,Two year,Yes,Mailed check,34.85,2272.22,No
CUST-06393,Male,0,No,No,47,Yes,Yes,Fiber optic,No,No,Yes,No,No,No,Month-to-month,Yes,Electronic check,70.25,3227.06,Yes
CUST-06394,Female,0,No,No,37,Yes,No,Fiber optic,Yes,Yes,Yes,Yes,Yes,No,Month-to-month,Yes,Credit card (automatic),89.69,3425.42,Yes
CUST-06395,Male,0,Yes,Yes,41,No,No phone service,No,No internet service,No internet service,No internet service,No internet service,No internet service,No internet service,Two year,No,Bank transfer (automatic),29.13,1223.45,No
CUST-06396,Male,1,No,No,27,Yes,Yes,Fiber optic,Yes,No,Yes,No,No,Yes,One year,Yes,Mailed check,75.04,2047.58,No
CUST-06397,Male,0,No,No,42,Yes,No,Fiber optic,Yes,No,Yes,No,No,No,Month-to-month,Yes,Credit card (automatic),69.55,2913.35,Yes
CUST-06398,Male,1,No,No,68,Yes,Yes,Fiber optic,No,No,No,No,No,No,Two year,Yes,Electronic check,58.8,4040.52,No
CUST-06399,Male,0,Yes,No,29,Yes,Yes,Fiber optic,No,No,No,Yes,No,No,Month-to-month,Yes,Credit card (automatic),71.53,2065.84,Yes
CUST-06400,Female,0,Yes,No,36,No,No phone service,Fiber optic,Yes,Yes,No,Yes,Yes,Yes,One year,No,Credit card (automatic),92.89,3361.01,No
CUST-06401,Male,0,Yes,No,57,Yes,No,DSL,Yes,No,Yes,No,Yes,Yes,Month-to-month,Yes,Mailed check,66.28,3786.1,No
CUST-06402,Male,0,No,No,12,Yes,No,No,No internet service,No internet service,No internet service,No internet service,No internet service,No internet service,Two year,No,Mailed check,20.16,285.23,No
CUST-06403,Male,0,Yes,No,45,Yes,Yes,No,No internet service,No internet service,No internet service,No internet service,No internet service,No internet service,Month-to-month,Yes,Credit card (automatic),34.86,1541.45,No
CUST-06404,Male,0,No,No,20,Yes,Yes,Fiber optic,No,No,No,No,No,No,One year,Yes,Mailed check,68.3,1319.15,No
CUST-06405,Female,0,No,No,45,Yes,Yes,Fiber optic,No,No,No,No,No,No,Two year,No,Bank transfer (automatic),56.72,2522.2,Yes
CUST-06406,Male,0,No,Yes,23,Yes,Yes,DSL,No,No,Yes,No,Yes,No,One year,No,Bank transfer (automatic),58.45,1296.64,No
CUST-06407,Female,0,Yes,No,62,Yes,No,No,No internet service,No internet service,No internet service,No internet service,No internet service,No internet service,Two year,Yes,Electronic check,27.36,1686.47,No
CUST-06408,Male,0,Yes,No,34,Yes,No,Fiber optic,Yes,No,No,No,No,No,Two year,Yes,Credit card (automatic),62.27,2116.02,No
CUST-06409,Female,0,No,Yes,21,Yes,No,Fiber optic,Yes,Yes,Yes,No,No,No,Month-to-month,Yes,Bank transfer (automatic),74.37,1587.97,Yes
CUST-06410,Male,0,No,No,51,Yes,No,Fiber optic,No,No,No,No,Yes,No,Two year,Yes,Electronic check,60.69,3031.05,No
CUST-06411,Male,1,Yes,Yes,9,Yes,No,DSL,No,No,No,No,No,Yes,One year,No,Mailed check,51.19,442.46,Yes
CUST-06412,Female,1,No,Yes,10,Yes,No,DSL,No,Yes,No,No,No,No,Two year,Yes,Electronic check,49.74,532.26,No
CUST-06413,Male,1,No,Yes,52,Yes,Yes,DSL,No,No,Yes,No,No,No,Month-to-month,Yes,Bank transfer (automatic),48.83,2524.75,No
CUST-06414,Female,0,Yes,No,45,No,No phone service,Fiber optic,No,No,Yes,No,No,No,Month-to-month,No,Electronic check,57.93,2516.12,Yes
CUST-06415,Male,0,Yes,No,52,Yes,No,Fiber optic,Yes,No,No,Yes,Yes,Yes,One year,No,Mailed check,82.28,4287.67,No
CUST-06416,Female,0,No,No,30,Yes,No,DSL,Yes,Yes,No,No,No,No,One year,No,Credit card (automatic),52.98,1580.83,No
CUST-06417,Male,0,Yes,No,64,No,No phone service,DSL,No,Yes,No,No,Yes,Yes,Two year,Yes,Electronic check,70.13,4414.96,No
CUST-06418,Male,0,Yes,No,2,Yes,No,DSL,No,No,No,No,No,Yes,Month-to-month,Yes,Bank transfer (automatic),52.95,80.67,Yes
CUST-06419,Female,0,Yes,No,49,Yes,No,DSL,No,Yes,Yes,Yes,No,Yes,Month-to-month,No,Electronic check,65.91,3246.44,Yes
CUST-06420,Male,0,No,Yes,45,Yes,No,No,No internet service,No internet service,No internet service,No internet service,No internet service,No internet service,Month-to-month,Yes,Mailed check,28.14,1153.16,No
CUST-06421,Male,0,No,No,17,Yes,Yes,Fiber optic,No,No,No,Yes,Yes,No,Two year,Yes,Bank transfer (automatic),79.5,1357.25,No
CUST-06422,Male,0,Yes,No,28,Yes,No,DSL,No,No,No,No,No,Yes,Month-to-month,No,Credit card (automatic),50.85,1430.81,Yes
CUST-06423,Male,0,Yes,Yes,45,Yes,No,Fiber optic,Yes,No,Yes,No,Yes,No,Month-to-month,No,Electronic check,70.76,3339.21,Yes
CUST-06424,Male,0,Yes,Yes,17,Yes,No,Fiber optic,No,No,No,No,No,No,Month-to-month,No,Electronic check,61.04,1069.64,Yes
CUST-06425,Male,0,No,No,59,Yes,No,No,No internet service,No internet service,No internet service,No internet service,No internet service,No internet service,One year,Yes,Bank transfer (automatic),24.86,1410.58,No
CUST-06426,Female,0,Yes,No,14,Yes,No,DSL,Yes,Yes,Yes,No,Yes,Yes,Two year,Yes,Mailed check,77.74,1076.48,No
CUST-06427,Female,1,No,Yes,10,Yes,No,DSL,No,Yes,Yes,Yes,Yes,No,One year,Yes,Electronic check,57.78,554.25,No
CUST-06428,Female,0,Yes,Yes,18,Yes,Yes,Fiber optic,No,Yes,No,Yes,No,Yes,One year,Yes,Bank transfer (automatic),83.75,1539.58,No
CUST-06429,Male,0,Yes,Yes,35,Yes,Yes,No,No internet service,No internet service,No internet service,No internet service,No internet service,No internet service,Month-to-month,Yes,Bank transfer (automatic),32.61,1122.26,No
CUST-06430,Female,1,Yes,No,48,Yes,No,DSL,Yes,Yes,Yes,No,Yes,No,One year,No,Bank transfer (automatic),57.09,2798.07,No
CUST-06431,Male,0,No,No,58,Yes,No,DSL,No,No,No,No,No,No,Month-to-month,Yes,Credit card (automatic),41.07,2396.42,Yes
CUST-06432,Male,0,No,Yes,18,Yes,Yes,DSL,No,No,Yes,No,No,No,Month-to-month,No,Bank transfer (automatic),55.51,1014.79,No
CUST-06433,Male,0,No,Yes,52,Yes,No,Fiber optic,No,Yes,Yes,No,Yes,Yes,Month-to-month,Yes,Bank transfer (automatic),83.64,4349.86,No
CUST-06434,Male,0,Yes,No,30,Yes,Yes,Fiber optic,Yes,Yes,Yes,No,Yes,Yes,Month-to-month,No,Mailed check,96.65,2908.17,No
CUST-06435,Female,0,Yes,Yes,37,Yes,No,No,No internet service,No internet service,No internet service,No internet service,No internet service,No internet service,Two year,Yes,Bank transfer (automatic),28.04,1109.48,No
CUST-06436,Male,0,No,No,40,Yes,Yes,No,No internet service,No internet service,No internet service,No internet service,No internet service,No internet service,Month-to-month,No,Bank transfer (automatic),34.56,1444.15,No
CUST-06437,Female,0,No,Yes,6,Yes,Yes,Fiber optic,No,No,No,No,Yes,Yes,Month-to-month,Yes,Mailed check,79.01,448.85,Yes
CUST-06438,Male,0,No,Yes,35,Yes,No,No,No internet service,No internet service,No internet service,No internet service,No internet service,No internet service,Month-to-month,Yes,Bank transfer (automatic),30.29,1068.28,No
CUST-06439,Female,1,Yes,No,26,Yes,No,DSL,No,Yes,No,Yes,No,No,One year,No,Credit card (automatic),49.95,1422.09,No
CUST-06440,Female,0,Yes,No,30,Yes,No,Fiber optic,No,Yes,No,No,No,Yes,One year,No,Mailed check,64.92,1964.1,Yes
CUST-06441,Female,0,Yes,No,24,Yes,Yes,No,No internet service,No internet service,No internet service,No internet service,No internet service,No internet service,Month-to-month,Yes,Mailed check,18.0,382.59,No
CUST-06442,Female,1,No,No,55,Yes,No,Fiber optic,No,No,No,No,Yes,Yes,Month-to-month,Yes,Bank transfer (automatic),75.94,4148.85,Yes
CUST-06443,Female,0,No,No,9,Yes,No,DSL,No,No,No,No,Yes,No,One year,Yes,Electronic check,51.1,580.54,No
CUST-06444,Female,0,No,No,62,Yes,Yes,DSL,No,No,No,No,No,Yes,Two year,Yes,Electronic check,51.48,3156.0,No
CUST-06445,Male,0,Yes,No,18,Yes,No,Fiber optic,Yes,Yes,No,No,Yes,Yes,Month-to-month,Yes,Mailed check,88.52,1545.32,Yes
CUST-06446,Female,0,No,No,51,Yes,No,No,No internet service,No internet service,No internet service,No internet service,No internet service,No internet service,Month-to-month,No,Mailed check,27.57,1369.41,No
CUST-06447,Male,0,Yes,Yes,19,Yes,No,Fiber optic,No,No,No,No,Yes,No,Month-to-month,Yes,Electronic check,59.43,1060.35,Yes
CUST-06448,Female,0,Yes,Yes,69,Yes,No,DSL,No,Yes,No,No,No,No,One year,No,Bank transfer (automatic),47.08,3186.43,No
CUST-06449,Male,0,No,Yes,33,Yes,No,Fiber optic,Yes,No,No,No,No,No,One year,Yes,Mailed check,59.37,1942.03,No
CUST-06450,Female,0,No,No,38,Yes,No,No,No internet service,No internet service,No internet service,No internet service,No internet service,No internet service,Month-to-month,No,Electronic check,23.13,961.03,No
CUST-06451,Female,0,No,No,13,Yes,Yes,Fiber optic,Yes,Yes,No,No,No,No,Month-to-month,No,Electronic check,64.86,855.66,Yes
CUST-06452,Male,1,No,Yes,49,Yes,No,DSL,No,No,No,No,Yes,Yes,Month-to-month,Yes,Bank transfer (automatic),57.49,2845.87,No
CUST-06453,Female,0,Yes,No,53,Yes,No,No,No internet service,No internet service,No internet service,No internet service,No internet service,No internet service,Month-to-month,Yes,Electronic check,22.68,1162.84,No
CUST-06454,Female,1,No,Yes,1,No,No phone service,No,No internet service,No internet service,No internet service,No internet service,No internet service,No internet service,Two year,Yes,Mailed check,29.78,18.0,No
CUST-06455,Female,0,No,No,12,Yes,No,Fiber optic,No,No,No,No,No,No,One year,No,Electronic check,53.17,654.9,Yes
CUST-06456,Male,0,Yes,No,24,Yes,No,DSL,Yes,No,No,Yes,No,No,Month-to-month,Yes,Electronic check,46.33,1112.47,No
CUST-06457,Female,0,No,No,1,Yes,No,Fiber optic,Yes,No,No,No,Yes,No,One year,No,Credit card (automatic),69.29,118.58,No
CUST-06458,Male,0,No,Yes,68,Yes,No,No,No internet service,No internet service,No internet service,No internet service,No internet service,No internet service,Month-to-month,No,Electronic check,29.29,1973.49,No
CUST-06459,Female,0,Yes,No,7,Yes,No,No,No internet service,No internet service,No internet service,No internet service,No internet service,No internet service,Two year,No,Credit card (automatic),18.13,96.49,No
CUST-06460,Female,0,Yes,No,69,Yes,Yes,No,No internet service,No internet service,No internet service,No internet service,No internet service,No internet service,Month-to-month,Yes,Mailed check,30.62,2061.11,No
CUST-06461,Male,0,Yes,No,39,Yes,No,DSL,Yes,No,No,No,No,No,Month-to-month,Yes,Bank transfer (automatic),52.65,2017.36,No
CUST-06462,Female,0,No,Yes,32,Yes,No,No,No internet service,No internet service,No internet service,No internet service,No internet service,No internet service,Two year,No,Bank transfer (automatic),18.68,528.74,No
CUST-06463,Female,1,No,Yes,49,Yes,No,Fiber optic,No,No,Yes,No,Yes,Yes,One year,No,Mailed check,84.85,4272.36,Yes
CUST-06464,Male,0,No,No,31,Yes,No,No,No internet service,No internet service,No internet service,No internet service,No internet service,No internet service,Month-to-month,Yes,Credit card (automatic),25.88,827.11,Yes
CUST-06465,Female,0,Yes,No,3,Yes,Yes,Fiber optic,No,No,No,No,Yes,Yes,Two year,No,Bank transfer (automatic),84.75,185.54,Yes
CUST-06466,Male,0,No,No,47,Yes,Yes,No,No internet service,No internet service,No internet service,No internet service,No internet service,No internet service,Two year,No,Credit card (automatic),30.4,1443.93,No
CUST-06467,Male,0,No,No,15,Yes,No,DSL,No,No,Yes,No,Yes,Yes,One year,No,Mailed check,58.43,889.54,No
CUST-06468,Male,0,Yes,No,51,Yes,No,Fiber optic,No,Yes,No,No,No,No,Month-to-month,Yes,Bank transfer (automatic),65.86,3390.09,Yes
CUST-06469,Female,0,No,No,21,Yes,Yes,DSL,Yes,Yes,No,No,No,No,Month-to-month,No,Credit card (automatic),64.31,1347.17,Yes
CUST-06470,Male,0,No,Yes,41,Yes,No,DSL,Yes,No,Yes,No,No,Yes,One year,Yes,Bank transfer (automatic),63.04,2568.57,No
CUST-06471,Male,1,Yes,Yes,3,Yes,Yes,Fiber optic,No,No,Yes,No,No,No,Month-to-month,Yes,Electronic check,65.86,134.16,No
CUST-06472,Female,0,Yes,No,1,Yes,Yes,Fiber optic,Yes,No,No,Yes,Yes,No,Month-to-month,Yes,Credit card (automatic),76.08,18.0,Yes
CUST-06473,Male,1,No,Yes,21,Yes,Yes,Fiber optic,No,Yes,No,No,No,Yes,Month-to-month,Yes,Mailed check,78.22,1625.51,Yes
CUST-06474,Female,0,No,No,21,Yes,Yes,DSL,Yes,No,Yes,No,No,No,One year,Yes,Bank transfer (automatic),55.7,1210.02,No
CUST-06475,Female,0,No,No,49,Yes,Yes,DSL,No,No,No,No,No,No,Month-to-month,Yes,Electronic check,55.56,2672.95,No
CUST-06476,Female,0,No,No,65,Yes,No,DSL,No,Yes,No,Yes,No,No,Month-to-month,Yes,Mailed check,42.92,2798.86,No
CUST-06477,Female,0,Yes,No,41,Yes,No,DSL,No,Yes,No,Yes,No,Yes,Month-to-month,Yes,Bank transfer (automatic),56.01,2256.63,No
CUST-06478,Male,0,Yes,No,67,Yes,No,Fiber optic,No,Yes,No,Yes,No,Yes,Month-to-month,Yes,Bank transfer (automatic),76.09,5032.3,Yes
CUST-06479,Male,0,No,Yes,42,Yes,No,Fiber optic,No,No,No,Yes,Yes,Yes,One year,Yes,Mailed check,73.32,3100.32,No
CUST-06480,Male,0,Yes,No,69,Yes,Yes,No,No internet service,No internet service,No internet service,No internet service,No internet service,No internet service,One year,No,Electronic check,31.94,2230.87,No
CUST-06481,Male,0,No,No,57,Yes,No,DSL,No,No,No,No,No,No,Month-to-month,Yes,Credit card (automatic),36.35,2047.36,Yes
CUST-06482,Male,1,Yes,No,43,Yes,No,DSL,No,No,Yes,No,No,Yes,Two year,Yes,Bank transfer (automatic),56.89,2436.32,No
CUST-06483,Female,0,Yes,Yes,12,Yes,No,Fiber optic,No,No,Yes,No,No,Yes,Month-to-month,Yes,Electronic check,67.8,899.93,Yes
CUST-06484,Male,1,Yes,No,64,Yes,No,No,No internet service,No internet service,No internet service,No internet service,No internet service,No internet service,One year,Yes,Credit card (automatic),25.52,1699.55,No
CUST-06485,Male,0,Yes,No,51,Yes,No,DSL,No,No,Yes,No,Yes,No,Month-to-month,Yes,Bank transfer (automatic),54.11,2738.21,No
CUST-06486,Male,1,No,No,60,Yes,No,No,No internet service,No internet service,No internet service,No internet service,No internet service,No internet service,One year,Yes,Credit card (automatic),28.06,1706.63,No
CUST-06487,Female,0,Yes,Yes,71,Yes,No,Fiber optic,No,Yes,No,No,Yes,No,Month-to-month,Yes,Credit card (automatic),63.06,4518.46,Yes
CUST-06488,Female,0,No,No,28,Yes,Yes,No,No internet service,No internet service,No internet service,No internet service,No internet service,No internet service,Month-to-month,No,Bank transfer (automatic),28.91,790.78,No
CUST-06489,Male,0,No,No,71,Yes,No,No,No internet service,No internet service,No internet service,No internet service,No internet service,No internet service,Month-to-month,Yes,Electronic check,27.23,1887.86,No
CUST-06490,Female,0,No,No,14,Yes,No,DSL,No,Yes,No,No,No,No,One year,No,Bank transfer (automatic),44.66,637.65,No
CUST-06491,Male,0,Yes,No,32,Yes,Yes,Fiber optic,Yes,Yes,No,No,No,Yes,Month-to-month,Yes,Electronic check,81.01,2572.19,Yes
CUST-06492,Male,0,No,No,8,Yes,Yes,No,No internet service,No internet service,No internet service,No internet service,No internet service,No internet service,Month-to-month,No,Mailed check,30.89,203.31,No
CUST-06493,Female,0,Yes,No,27,Yes,No,No,No internet service,No internet service,No internet service,No internet service,No internet service,No internet service,One year,No,Bank transfer (automatic),28.64,761.02,No
CUST-06494,Female,0,No,No,50,Yes,Yes,Fiber optic,No,No,No,Yes,No,No,Month-to-month,No,Credit card (automatic),66.48,3320.29,Yes
CUST-06495,Male,0,No,No,59,No,No phone service,No,No internet service,No internet service,No internet service,No internet service,No internet service,No internet service,Month-to-month,Yes,Mailed check,25.95,1611.45,Yes
CUST-06496,Male,0,Yes,No,57,Yes,Yes,Fiber optic,No,No,No,Yes,No,No,Month-to-month,Yes,Mailed check,65.47,3697.67,Yes
CUST-06497,Female,0,No,No,3,Yes,No,Fiber optic,No,No,Yes,No,No,No,One year,No,Electronic check,54.31,168.79,Yes
CUST-06498,Male,1,Yes,No,27,Yes,Yes,DSL,No,Yes,Yes,Yes,No,Yes,Two year,Yes,Bank transfer (automatic),69.17,1799.48,Yes
CUST-06499,Female,0,Yes,No,34,Yes,No,Fiber optic,No,Yes,No,No,Yes,No,Two year,Yes,Electronic check,73.17,2472.7,No
CUST-06500,Male,0,No,Yes,26,No,No phone service,Fiber optic,No,No,No,Yes,No,No,Month-to-month,Yes,Credit card (automatic),59.23,1651.37,No
CUST-06501,Female,1,Yes,Yes,40,Yes,No,DSL,No,No,Yes,Yes,No,Yes,Month-to-month,Yes,Electronic check,61.7,2520.0,Yes
CUST-06502,Male,0,No,No,32,Yes,Yes,No,No internet service,No internet service,No internet service,No internet service,No internet service,No internet service,Two year,Yes,Mailed check,36.87,1116.18,Yes
CUST-06503,Male,0,No,Yes,41,Yes,Yes,No,No internet service,No internet service,No internet service,No internet service,No internet service,No internet service,Two year,Yes,Credit card (automatic),35.92,1469.79,No
CUST-06504,Female,0,Yes,No,2,Yes,Yes,DSL,No,Yes,No,No,Yes,No,Month-to-month,No,Electronic check,63.51,138.77,No
CUST-06505,Male,0,Yes,No,72,Yes,No,Fiber optic,No,Yes,No,Yes,No,No,Month-to-month,No,Mailed check,61.68,4478.74,Yes
CUST-06506,Male,0,Yes,No,7,Yes,Yes,Fiber optic,No,No,Yes,No,No,No,Month-to-month,Yes,Electronic check,71.13,545.26,Yes
CUST-06507,Female,0,Yes,Yes,19,Yes,No,No,No internet service,No internet service,No internet service,No internet service,No internet service,No internet service,Two year,No,Electronic check,19.55,310.73,No
CUST-06508,Male,0,Yes,Yes,33,No,No phone service,DSL,No,Yes,No,No,Yes,Yes,Month-to-month,Yes,Bank transfer (automatic),62.58,2088.47,Yes
CUST-06509,Male,0,No,No,2,Yes,No,Fiber optic,No,Yes,Yes,No,No,Yes,Month-to-month,No,Credit card (automatic),73.92,219.32,Yes
CUST-06510,Male,0,No,No,67,Yes,Yes,No,No internet service,No internet service,No internet service,No internet service,No internet service,No internet service,Two year,Yes,Electronic check,27.18,1862.01,No
CUST-06511,Female,1,No,No,15,Yes,No,Fiber optic,Yes,No,No,Yes,No,Yes,Month-to-month,Yes,Electronic check,70.83,1035.96,Yes
CUST-06512,Female,0,Yes,No,21,Yes,No,Fiber optic,No,No,No,No,Yes,Yes,Month-to-month,Yes,Mailed check,79.76,1680.41,Yes
CUST-06513,Female,1,No,Yes,59,Yes,Yes,Fiber optic,No,No,No,Yes,No,No,Month-to-month,No,Credit card (automatic),65.23,3832.44,No
CUST-06514,Male,1,No,Yes,39,Yes,Yes,Fiber optic,No,No,No,Yes,Yes,No,Month-to-month,Yes,Electronic check,78.66,3068.97,Yes
CUST-06515,Male,0,Yes,No,20,Yes,Yes,No,No internet service,No internet service,No internet service,No internet service,No internet service,No internet service,Month-to-month,No,Bank transfer (automatic),32.06,691.7,Yes
CUST-06516,Male,0,Yes,No,1,Yes,No,No,No internet service,No internet service,No internet service,No internet service,No internet service,No internet service,One year,Yes,Bank transfer (automatic),19.52,56.18,No
CUST-06517,Male,0,Yes,No,9,Yes,No,Fiber optic,Yes,No,Yes,No,Yes,Yes,Two year,No,Mailed check,83.2,806.84,No
CUST-06518,Female,1,No,Yes,51,Yes,Yes,DSL,No,No,Yes,Yes,No,No,One year,Yes,Electronic check,50.73,2608.58,No
CUST-06519,Male,0,No,Yes,38,Yes,Yes,DSL,No,No,No,No,No,Yes,One year,No,Mailed check,52.66,1926.91,No
CUST-06520,Male,1,No,No,15,No,No phone service,DSL,No,Yes,No,No,No,No,Month-to-month,No,Mailed check,37.97,576.24,No
CUST-06521,Male,0,No,No,41,Yes,Yes,DSL,No,No,No,Yes,No,Yes,One year,Yes,Credit card (automatic),65.7,2699.62,Yes
CUST-06522,Female,0,No,Yes,47,Yes,Yes,No,No internet service,No internet service,No internet service,No internet service,No internet service,No internet service,Month-to-month,No,Credit card (automatic),28.37,1363.0,No
CUST-06523,Male,0,Yes,No,26,Yes,Yes,Fiber optic,No,Yes,Yes,Yes,No,No,Month-to-month,Yes,Credit card (automatic),69.92,1745.74,Yes
CUST-06524,Male,0,No,Yes,54,No,No phone service,DSL,No,No,Yes,No,Yes,No,Month-to-month,No,Electronic check,59.48,3291.44,No
CUST-06525,Male,0,No,No,70,Yes,No,No,No internet service,No internet service,No internet service,No internet service,No internet service,No internet service,Two year,Yes,Electronic check,24.78,1708.34,No
CUST-06526,Male,0,Yes,Yes,39,Yes,No,No,No internet service,No internet service,No internet service,No internet service,No internet service,No internet service,Two year,Yes,Electronic check,20.39,812.92,No
CUST-06527,Male,0,No,No,17,Yes,Yes,No,No internet service,No internet service,No internet service,No internet service,No internet service,No internet service,Two year,Yes,Electronic check,33.88,627.52,No
CUST-06528,Female,0,Yes,Yes,70,Yes,Yes,No,No internet service,No internet service,No internet service,No internet service,No internet service,No internet service,Month-to-month,Yes,Mailed check,29.77,2165.25,No
CUST-06529,Male,1,Yes,Yes,9,No,No phone service,DSL,No,No,No,No,No,No,Month-to-month,No,Mailed check,43.97,391.55,Yes
CUST-06530,Male,1,No,No,46,Yes,Yes,Fiber optic,No,No,Yes,No,Yes,No,Month-to-month,Yes,Mailed check,82.36,3781.24,Yes
CUST-06531,Male,0,No,No,6,Yes,Yes,DSL,Yes,Yes,No,No,No,No,Two year,Yes,Credit card (automatic),55.62,322.72,No
CUST-06532,Male,0,Yes,No,68,Yes,Yes,Fiber optic,No,No,Yes,No,No,Yes,Month-to-month,Yes,Bank transfer (automatic),71.76,4958.07,No
CUST-06533,Male,0,No,Yes,16,Yes,No,DSL,No,No,No,Yes,Yes,No,One year,Yes,Bank transfer (automatic),50.7,736.6,No
CUST-06534,Male,0,No,No,29,Yes,Yes,No,No internet service,No internet service,No internet service,No internet service,No internet service,No internet service,Two year,Yes,Bank transfer (automatic),35.79,1049.86,No
CUST-06535,Male,0,No,No,41,Yes,No,No,No internet service,No internet service,No internet service,No internet service,No internet service,No internet service,Month-to-month,No,Mailed check,26.44,1169.2,No
CUST-06536,Male,0,Yes,No,68,Yes,Yes,Fiber optic,No,No,Yes,Yes,No,Yes,Month-to-month,No,Mailed check,85.61,5798.04,No
CUST-06537,Male,0,Yes,Yes,62,Yes,Yes,Fiber optic,No,No,No,No,No,Yes,Month-to-month,Yes,Mailed check,74.19,4595.36,Yes
CUST-06538,Male,1,Yes,Yes,40,Yes,No,No,No internet service,No internet service,No internet service,No internet service,No internet service,No internet service,One year,Yes,Credit card (automatic),22.42,850.98,No
CUST-06539,Female,0,Yes,No,62,Yes,Yes,Fiber optic,No,No,Yes,Yes,No,Yes,One year,Yes,Bank transfer (automatic),82.49,5039.17,No
CUST-06540,Female,0,Yes,No,24,Yes,Yes,Fiber optic,No,Yes,No,No,Yes,No,Month-to-month,No,Mailed check,72.72,1740.79,No
CUST-06541,Female,0,No,No,6,Yes,No,DSL,Yes,No,No,No,Yes,No,One year,Yes,Mailed check,53.25,274.73,Yes
CUST-06542,Female,0,Yes,No,40,Yes,Yes,No,No internet service,No internet service,No internet service,No internet service,No internet service,No internet service,Month-to-month,Yes,Credit card (automatic),23.05,997.49,No
CUST-06543,Male,0,Yes,No,70,Yes,No,No,No internet service,No internet service,No internet service,No internet service,No internet service,No internet service,Month-to-month,Yes,Mailed check,28.08,2010.36,No
CUST-06544,Female,0,Yes,No,58,Yes,No,Fiber optic,Yes,No,Yes,No,No,Yes,Two year,No,Credit card (automatic),76.68,4395.0,No
CUST-06545,Female,0,Yes,No,14,Yes,Yes,Fiber optic,Yes,No,Yes,No,Yes,No,Month-to-month,No,Mailed check,82.46,1149.81,No
CUST-06546,Male,1,Yes,No,45,Yes,Yes,Fiber optic,Yes,No,No,No,No,No,One year,Yes,Credit card (automatic),64.17,2828.66,Yes
CUST-06547,Female,0,Yes,Yes,6,Yes,Yes,DSL,No,No,No,No,No,No,Month-to-month,No,Electronic check,44.86,278.94,Yes
CUST-06548,Female,1,No,Yes,23,Yes,No,DSL,Yes,No,No,No,Yes,Yes,Month-to-month,No,Mailed check,57.13,1282.25,No
CUST-06549,Male,0,Yes,Yes,62,Yes,No,DSL,No,No,No,No,No,No,Month-to-month,Yes,Electronic check,47.88,2948.44,No
CUST-06550,Male,1,No,No,17,Yes,No,DSL,No,Yes,No,No,No,No,Month-to-month,No,Electronic check,46.85,731.85,Yes
CUST-06551,Male,0,No,No,70,Yes,No,DSL,Yes,No,No,No,Yes,No,Month-to-month,Yes,Mailed check,62.08,4240.84,No
CUST-06552,Female,0,Yes,No,28,Yes,No,Fiber optic,No,No,No,No,No,No,Two year,No,Mailed check,48.12,1305.5,No
CUST-06553,Female,0,Yes,No,13,Yes,Yes,Fiber optic,Yes,No,Yes,No,No,No,Month-to-month,Yes,Electronic check,75.94,1001.06,Yes
CUST-06554,Male,0,Yes,No,29,Yes,Yes,No,No internet service,No internet service,No internet service,No internet service,No internet service,No internet service,Month-to-month,Yes,Mailed check,23.19,727.34,Yes
CUST-06555,Male,0,Yes,Yes,45,Yes,No,Fiber optic,No,No,Yes,No,Yes,Yes,One year,No,Credit card (automatic),93.63,4175.56,No
CUST-06556,Female,0,Yes,No,20,Yes,Yes,Fiber optic,No,No,No,No,No,Yes,Two year,No,Mailed check,70.73,1427.28,Yes
CUST-06557,Male,0,No,No,58,Yes,No,No,No internet service,No internet service,No internet service,No internet service,No internet service,No internet service,Two year,Yes,Electronic check,25.3,1514.08,No
CUST-06558,Female,0,Yes,Yes,54,Yes,Yes,No,No internet service,No internet service,No internet service,No internet service,No internet service,No internet service,One year,Yes,Electronic check,28.12,1502.88,No
CUST-06559,Male,1,No,Yes,64,Yes,Yes,DSL,No,No,No,Yes,No,Yes,Two year,Yes,Credit card (automatic),56.24,3651.56,No
CUST-06560,Male,0,Yes,Yes,52,No,No phone service,Fiber optic,No,Yes,No,Yes,Yes,Yes,Two year,No,Electronic check,79.97,4173.43,No
CUST-06561,Female,0,No,No,43,Yes,No,Fiber optic,No,Yes,No,No,No,No,Month-to-month,Yes,Credit card (automatic),64.07,2721.65,Yes
CUST-06562,Male,0,No,Yes,18,Yes,No,Fiber optic,No,Yes,No,Yes,Yes,No,Month-to-month,No,Electronic check,69.6,1228.39,Yes
CUST-06563,Male,0,Yes,No,54,Yes,No,No,No internet service,No internet service,No internet service,No internet service,No internet service,No internet service,Month-to-month,Yes,Mailed check,25.27,1379.92,No
CUST-06564,Male,0,Yes,No,60,Yes,No,DSL,Yes,Yes,No,Yes,No,No,Month-to-month,Yes,Bank transfer (automatic),54.26,3182.68,No
CUST-06565,Female,0,No,No,71,Yes,Yes,DSL,Yes,Yes,No,No,No,Yes,Month-to-month,No,Bank transfer (automatic),69.98,5032.32,No
CUST-06566,Male,0,No,No,1,Yes,No,DSL,No,No,No,No,Yes,Yes,Month-to-month,No,Bank transfer (automatic),53.95,19.54,Yes
CUST-06567,Male,0,Yes,No,37,Yes,No,No,No internet service,No internet service,No internet service,No internet service,No internet service,No internet service,One year,Yes,Credit card (automatic),20.45,750.97,No
CUST-06568,Male,0,Yes,Yes,49,Yes,No,Fiber optic,Yes,No,Yes,Yes,No,No,Month-to-month,Yes,Electronic check,66.9,3253.3,No
CUST-06569,Male,0,Yes,Yes,35,No,No phone service,Fiber optic,Yes,No,No,Yes,No,No,One year,No,Bank transfer (automatic),66.99,2330.13,No
CUST-06570,Male,0,Yes,Yes,67,Yes,Yes,Fiber optic,No,No,No,Yes,Yes,Yes,Month-to-month,No,Credit card (automatic),87.74,5864.79,No
CUST-06571,Male,0,No,No,35,Yes,No,DSL,No,No,No,Yes,No,Yes,Month-to-month,No,Electronic check,44.34,1516.05,No
CUST-06572,Female,0,No,No,9,Yes,Yes,DSL,No,No,No,No,Yes,No,One year,Yes,Electronic check,61.67,534.88,Yes
CUST-06573,Female,1,Yes,No,37,Yes,Yes,No,No internet service,No internet service,No internet service,No internet service,No internet service,No internet service,Month-to-month,No,Bank transfer (automatic),30.04,1084.92,Yes
CUST-06574,Male,1,Yes,No,60,No,No phone service,DSL,No,No,No,No,Yes,Yes,Two year,Yes,Electronic check,64.79,3849.22,No
CUST-06575,Female,0,Yes,Yes,56,Yes,No,No,No internet service,No internet service,No internet service,No internet service,No internet service,No internet service,Month-to-month,Yes,Bank transfer (automatic),22.38,1150.61,No
CUST-06576,Female,0,No,No,12,Yes,Yes,No,No internet service,No internet service,No internet service,No internet service,No internet service,No internet service,Two year,Yes,Electronic check,30.24,321.08,No
CUST-06577,Male,0,No,Yes,71,Yes,Yes,Fiber optic,No,No,No,Yes,No,No,Month-to-month,No,Mailed check,62.87,4421.77,No
CUST-06578,Female,0,Yes,Yes,71,Yes,No,Fiber optic,No,No,No,No,No,No,Month-to-month,No,Bank transfer (automatic),48.37,3437.13,Yes
CUST-06579,Female,0,Yes,No,4,Yes,No,Fiber optic,No,Yes,No,No,No,Yes,Month-to-month,No,Credit card (automatic),67.48,316.43,Yes
CUST-06580,Female,0,No,No,61,Yes,Yes,DSL,No,No,Yes,No,No,No,Month-to-month,Yes,Mailed check,50.57,3094.26,No
CUST-06581,Female,0,Yes,Yes,45,Yes,No,No,No internet service,No internet service,No internet service,No internet service,No internet service,No internet service,One year,Yes,Mailed check,34.36,1456.57,No
CUST-06582,Female,0,Yes,No,50,No,No phone service,Fiber optic,No,No,Yes,No,Yes,No,Month-to-month,Yes,Credit card (automatic),74.28,3693.12,No
CUST-06583,Female,0,Yes,No,50,Yes,No,DSL,No,Yes,No,Yes,No,No,Month-to-month,Yes,Electronic check,50.05,2517.44,Yes
CUST-06584,Female,0,Yes,Yes,48,Yes,No,DSL,No,No,No,Yes,No,Yes,Month-to-month,No,Mailed check,57.23,2836.44,Yes
CUST-06585,Female,0,Yes,Yes,23,No,No phone service,No,No internet service,No internet service,No internet service,No internet service,No internet service,No internet service,Two year,Yes,Electronic check,27.13,680.29,No
CUST-06586,Male,0,No,No,8,Yes,No,No,No internet service,No internet service,No internet service,No internet service,No internet service,No internet service,Month-to-month,No,Bank transfer (automatic),19.9,180.99,Yes
CUST-06587,Male,0,No,No,29,No,No phone service,Fiber optic,Yes,No,No,Yes,No,No,Month-to-month,Yes,Mailed check,61.8,1713.05,Yes
CUST-06588,Female,0,Yes,No,43,Yes,No,No,No internet service,No internet service,No internet service,No internet service,No internet service,No internet service,Month-to-month,Yes,Bank transfer (automatic),32.97,1510.96,No
CUST-06589,Female,0,Yes,Yes,53,Yes,Yes,No,No internet service,No internet service,No internet service,No internet service,No internet service,No internet service,Two year,Yes,Electronic check,29.34,1573.34,No
CUST-06590,Male,0,No,No,6,Yes,No,DSL,No,Yes,No,No,No,No,One year,Yes,Credit card (automatic),46.4,349.39,No
CUST-06591,Female,0,Yes,No,24,Yes,No,No,No internet service,No internet service,No internet service,No internet service,No internet service,No internet service,One year,No,Credit card (automatic),27.77,778.8,No
CUST-06592,Female,0,Yes,No,14,Yes,No,Fiber optic,No,No,Yes,Yes,No,No,Two year,No,Mailed check,67.71,824.5,Yes
CUST-06593,Male,0,Yes,Yes,52,Yes,No,Fiber optic,No,No,Yes,No,No,No,Month-to-month,Yes,Credit card (automatic),55.88,2907.77,Yes
CUST-06594,Male,0,No,No,70,Yes,Yes,DSL,Yes,No,No,No,Yes,No,Month-to-month,No,Electronic check,62.03,4387.86,No
CUST-06595,Male,0,Yes,No,4,Yes,No,No,No internet service,No internet service,No internet service,No internet service,No internet service,No internet service,Month-to-month,No,Bank transfer (automatic),21.14,130.24,No
CUST-06596,Female,0,Yes,No,58,No,No phone service,DSL,No,Yes,No,No,Yes,No,Month-to-month,Yes,Credit card (automatic),57.58,3316.31,No
CUST-06597,Female,1,Yes,No,37,Yes,No,Fiber optic,No,No,No,No,Yes,No,Month-to-month,No,Mailed check,67.41,2444.18,Yes
CUST-06598,Male,1,Yes,No,48,No,No phone service,DSL,Yes,No,No,No,No,No,Month-to-month,Yes,Bank transfer (automatic),41.88,1942.74,No
CUST-06599,Male,0,No,No,39,Yes,Yes,Fiber optic,Yes,No,Yes,No,Yes,No,Month-to-month,Yes,Bank transfer (automatic),85.24,3287.26,Yes
CUST-06600,Female,1,No,No,66,Yes,No,Fiber optic,No,No,No,No,No,No,One year,No,Electronic check,51.66,3493.8,No
CUST-06601,Male,0,Yes,No,13,Yes,Yes,Fiber optic,No,No,No,No,No,No,Month-to-month,Yes,Electronic check,53.0,680.87,Yes
CUST-06602,Female,0,Yes,No,66,No,No phone service,Fiber optic,No,No,Yes,No,No,No,One year,Yes,Bank transfer (automatic),69.85,4578.99,No
CUST-06603,Female,0,No,No,60,Yes,No,DSL,No,No,Yes,Yes,No,Yes,Month-to-month,No,Mailed check,60.05,3577.69,No
CUST-06604,Male,1,Yes,No,41,Yes,Yes,Fiber optic,No,Yes,Yes,No,No,Yes,One year,Yes,Credit card (automatic),73.36,3013.31,Yes
CUST-06605,Male,0,No,Yes,32,Yes,No,Fiber optic,No,No,Yes,No,No,No,Month-to-month,No,Credit card (automatic),60.57,1951.43,Yes
CUST-06606,Female,0,No,No,52,Yes,Yes,No,No internet service,No internet service,No internet service,No internet service,No internet service,No internet service,Month-to-month,Yes,Credit card (automatic),35.31,1893.38,No
CUST-06607,Male,0,Yes,Yes,5,Yes,No,Fiber optic,Yes,Yes,No,Yes,No,No,Two year,No,Electronic check,65.73,353.18,No
CUST-06608,Male,0,No,No,67,No,No phone service,Fiber optic,Yes,Yes,No,Yes,No,No,Two year,Yes,Mailed check,77.94,5232.44,No
CUST-06609,Male,0,Yes,Yes,66,No,No phone service,No,No internet service,No internet service,No internet service,No internet service,No internet service,No internet service,One year,Yes,Bank transfer (automatic),18.0,1167.32,No
CUST-06610,Male,0,Yes,No,52,Yes,Yes,Fiber optic,Yes,Yes,No,Yes,No,No,Two year,No,Electronic check,78.53,4078.06,No
CUST-06611,Female,0,No,No,49,Yes,No,DSL,Yes,No,No,No,Yes,No,Month-to-month,No,Credit card (automatic),50.59,2453.85,Yes
CUST-06612,Female,0,No,Yes,29,Yes,No,No,No internet service,No internet service,No internet service,No internet service,No internet service,No internet service,Two year,No,Mailed check,21.89,655.04,No
CUST-06613,Female,0,No,No,38,Yes,Yes,No,No internet service,No internet service,No internet service,No internet service,No internet service,No internet service,Month-to-month,No,Electronic check,31.65,1233.14,No
CUST-06614,Female,0,No,Yes,70,Yes,No,DSL,No,No,No,No,No,Yes,One year,Yes,Electronic check,44.68,3056.75,No
CUST-06615,Male,0,Yes,No,8,Yes,No,DSL,No,No,No,No,No,No,One year,No,Bank transfer (automatic),39.89,388.14,Yes
CUST-06616,Male,0,Yes,No,59,Yes,No,No,No internet service,No internet service,No internet service,No internet service,No internet service,No internet service,Two year,Yes,Bank transfer (automatic),23.66,1377.0,No
CUST-06617,Female,0,Yes,No,55,Yes,Yes,Fiber optic,No,No,No,No,No,No,One year,No,Bank transfer (automatic),62.58,3427.79,Yes
CUST-06618,Female,0,No,No,2,No,No phone service,DSL,Yes,No,Yes,No,No,Yes,Month-to-month,No,Electronic check,59.07,130.31,Yes
CUST-06619,Male,0,Yes,No,26,Yes,Yes,Fiber optic,No,No,No,No,No,Yes,Month-to-month,No,Bank transfer (automatic),76.3,2108.27,Yes
CUST-06620,Female,0,Yes,No,63,Yes,No,Fiber optic,No,No,Yes,No,No,No,One year,Yes,Electronic check,66.3,4213.75,No
CUST-06621,Female,1,No,No,17,Yes,Yes,DSL,No,No,Yes,Yes,Yes,No,Two year,No,Credit card (automatic),64.03,1012.72,No
CUST-06622,Male,1,Yes,No,59,No,No phone service,Fiber optic,Yes,No,Yes,No,Yes,Yes,Month-to-month,Yes,Bank transfer (automatic),81.93,4972.62,Yes
CUST-06623,Female,0,Yes,No,16,Yes,Yes,Fiber optic,No,No,No,No,No,Yes,Two year,No,Bank transfer (automatic),70.04,1042.14,Yes
CUST-06624,Male,0,Yes,Yes,58,Yes,No,Fiber optic,Yes,No,Yes,No,Yes,No,Month-to-month,Yes,Electronic check,72.74,4262.38,No
CUST-06625,Male,1,Yes,Yes,64,Yes,No,Fiber optic,Yes,No,Yes,No,No,No,Month-to-month,Yes,Electronic check,69.33,4363.12,No
CUST-06626,Female,1,Yes,Yes,50,Yes,No,DSL,No,No,No,Yes,No,Yes,Month-to-month,Yes,Electronic check,51.74,2554.95,No
CUST-06627,Male,1,Yes,No,26,Yes,No,DSL,Yes,Yes,Yes,No,No,No,Two year,No,Electronic check,57.6,1534.99,No
CUST-06628,Female,1,Yes,No,17,No,No phone service,Fiber optic,No,No,Yes,Yes,No,Yes,Two year,No,Credit card (automatic),65.75,1143.74,No
CUST-06629,Male,0,Yes,Yes,46,Yes,No,DSL,No,No,Yes,Yes,Yes,Yes,Month-to-month,No,Bank transfer (automatic),68.41,3194.38,No
CUST-06630,Female,0,Yes,Yes,68,Yes,No,Fiber optic,No,No,Yes,No,Yes,No,One year,No,Credit card (automatic),65.72,4529.24,No
CUST-06631,Female,0,Yes,No,50,Yes,No,No,No internet service,No internet service,No internet service,No internet service,No internet service,No internet service,Month-to-month,No,Electronic check,19.28,939.62,Yes
CUST-06632,Female,0,Yes,Yes,43,Yes,No,No,No internet service,No internet service,No internet service,No internet service,No internet service,No internet service,Month-to-month,Yes,Bank transfer (automatic),25.58,1131.12,Yes
CUST-06633,Male,0,Yes,No,48,No,No phone service,Fiber optic,No,Yes,No,No,Yes,Yes,Two year,Yes,Credit card (automatic),86.76,4247.61,No
CUST-06634,Male,0,Yes,No,68,Yes,No,Fiber optic,No,No,No,Yes,No,Yes,One year,No,Mailed check,73.53,5008.9,No
CUST-06635,Female,0,No,No,19,Yes,No,DSL,No,No,No,Yes,No,Yes,Month-to-month,Yes,Electronic check,58.38,1133.06,Yes
CUST-06636,Male,0,No,Yes,25,Yes,No,DSL,No,No,No,No,No,Yes,One year,No,Bank transfer (automatic),52.81,1402.62,No
CUST-06637,Female,0,Yes,No,72,Yes,Yes,DSL,Yes,Yes,No,No,No,Yes,Two year,Yes,Bank transfer (automatic),66.19,4852.52,No
CUST-06638,Female,0,Yes,No,18,Yes,No,No,No internet service,No internet service,No internet service,No internet service,No internet service,No internet service,Two year,Yes,Credit card (automatic),30.77,597.15,No
CUST-06639,Male,0,No,Yes,51,Yes,Yes,Fiber optic,No,No,No,No,Yes,No,Month-to-month,Yes,Credit card (automatic),70.42,3602.52,No
CUST-06640,Female,0,No,No,18,Yes,No,DSL,Yes,No,Yes,No,No,Yes,Month-to-month,Yes,Mailed check,68.76,1287.5,No
CUST-06641,Male,0,No,No,58,Yes,No,Fiber optic,No,Yes,Yes,Yes,Yes,Yes,Month-to-month,Yes,Electronic check,83.46,4788.98,Yes
CUST-06642,Female,0,Yes,Yes,64,Yes,No,Fiber optic,Yes,No,Yes,No,No,No,Month-to-month,No,Electronic check,66.85,4245.14,No
CUST-06643,Male,0,No,No,71,Yes,No,Fiber optic,No,Yes,No,No,No,Yes,Two year,No,Credit card (automatic),67.33,4738.5,No
CUST-06644,Female,0,No,Yes,57,No,No phone service,No,No internet service,No internet service,No internet service,No internet service,No internet service,No internet service,Two year,No,Mailed check,23.76,1366.41,No
CUST-06645,Female,0,Yes,No,17,Yes,No,Fiber optic,No,No,Yes,No,Yes,No,Two year,Yes,Bank transfer (automatic),62.31,1166.57,Yes
CUST-06646,Male,0,Yes,No,59,Yes,No,Fiber optic,No,No,No,No,No,Yes,One year,Yes,Bank transfer (automatic),64.0,3789.64,Yes
CUST-06647,Female,0,Yes,Yes,67,Yes,Yes,DSL,Yes,No,No,Yes,Yes,Yes,Month-to-month,Yes,Mailed check,79.8,5380.98,No
CUST-06648,Female,1,Yes,Yes,15,No,No phone service,DSL,Yes,No,No,No,No,No,Month-to-month,Yes,Credit card (automatic),45.37,629.21,Yes
CUST-06649,Male,0,Yes,No,26,Yes,Yes,Fiber optic,No,No,No,No,No,No,One year,No,Electronic check,61.82,1593.94,Yes
CUST-06650,Female,0,No,No,48,No,No phone service,DSL,Yes,No,Yes,No,No,No,Two year,Yes,Bank transfer (automatic),47.17,2263.85,No
CUST-06651,Male,0,Yes,No,14,Yes,Yes,Fiber optic,No,No,No,No,No,No,Two year,Yes,Bank transfer (automatic),57.5,762.27,No
CUST-06652,Female,0,Yes,No,9,Yes,Yes,Fiber optic,No,No,Yes,No,No,No,Two year,Yes,Electronic check,63.22,539.7,No
CUST-06653,Male,0,No,No,7,Yes,Yes,Fiber optic,No,Yes,Yes,No,No,No,Month-to-month,No,Electronic check,70.24,624.68,Yes
CUST-06654,Female,1,Yes,Yes,55,Yes,No,DSL,Yes,Yes,No,No,No,No,One year,No,Bank transfer (automatic),55.24,3113.72,No
CUST-06655,Female,0,Yes,No,12,Yes,No,Fiber optic,Yes,No,Yes,Yes,Yes,Yes,Month-to-month,Yes,Electronic check,93.52,1009.99,Yes
CUST-06656,Female,0,Yes,No,17,Yes,No,No,No internet service,No internet service,No internet service,No internet service,No internet service,No internet service,Two year,Yes,Electronic check,25.54,400.75,No
CUST-06657,Male,0,Yes,No,8,Yes,No,DSL,Yes,No,No,Yes,No,No,Two year,No,Mailed check,55.14,434.49,No
CUST-06658,Male,0,Yes,Yes,42,Yes,Yes,No,No internet service,No internet service,No internet service,No internet service,No internet service,No internet service,Two year,Yes,Bank transfer (automatic),28.34,1161.44,No
CUST-06659,Male,0,No,No,37,Yes,No,No,No internet service,No internet service,No internet service,No internet service,No internet service,No internet service,Two year,Yes,Credit card (automatic),27.05,990.45,No
CUST-06660,Male,0,Yes,No,20,Yes,Yes,Fiber optic,No,No,No,No,No,No,Month-to-month,No,Mailed check,59.27,1157.01,Yes
CUST-06661,Female,0,No,No,1,Yes,Yes,Fiber optic,No,No,No,No,No,No,Month-to-month,No,Electronic check,61.72,48.41,Yes
CUST-06662,Female,0,Yes,No,9,Yes,Yes,Fiber optic,No,No,Yes,No,Yes,No,Month-to-month,No,Mailed check,70.61,676.86,Yes
CUST-06663,Male,1,No,No,24,Yes,Yes,Fiber optic,No,Yes,No,No,No,Yes,One year,Yes,Bank transfer (automatic),78.62,1889.9,No
CUST-06664,Male,0,No,Yes,34,Yes,Yes,No,No internet service,No internet service,No internet service,No internet service,No internet service,No internet service,Two year,Yes,Electronic check,34.74,1150.29,No
CUST-06665,Male,0,No,No,36,Yes,No,Fiber optic,Yes,No,No,No,No,No,Month-to-month,Yes,Electronic check,71.22,2576.17,Yes
CUST-06666,Female,0,Yes,Yes,4,Yes,Yes,Fiber optic,No,Yes,No,Yes,No,No,Month-to-month,No,Electronic check,66.78,263.7,Yes
CUST-06667,Male,0,No,Yes,29,Yes,No,DSL,No,No,Yes,No,No,No,Month-to-month,Yes,Mailed check,48.47,1330.23,No
CUST-06668,Male,0,No,No,16,No,No phone service,DSL,No,No,Yes,No,Yes,No,One year,Yes,Credit card (automatic),52.61,911.63,Yes
CUST-06669,Female,0,No,No,8,Yes,No,No,No internet service,No internet service,No internet service,No internet service,No internet service,No internet service,Two year,Yes,Bank transfer (automatic),23.94,180.47,No
CUST-06670,Female,0,Yes,No,39,No,No phone service,DSL,Yes,Yes,No,No,Yes,No,Month-to-month,Yes,Bank transfer (automatic),63.89,2424.75,No
CUST-06671,Male,0,Yes,No,58,Yes,No,No,No internet service,No internet service,No internet service,No internet service,No internet service,No internet service,One year,No,Credit card (automatic),22.51,1256.87,No
CUST-06672,Female,0,Yes,No,12,Yes,Yes,Fiber optic,Yes,Yes,Yes,No,No,No,Month-to-month,No,Credit card (automatic),76.38,781.81,Yes
CUST-06673,Male,0,Yes,No,44,Yes,No,No,No internet service,No internet service,No internet service,No internet service,No internet service,No internet service,Two year,Yes,Mailed check,22.51,1081.22,No
CUST-06674,Female,0,No,Yes,4,Yes,Yes,No,No internet service,No internet service,No internet service,No internet service,No internet service,No internet service,Month-to-month,Yes,Bank transfer (automatic),31.46,154.58,Yes
CUST-06675,Male,0,No,No,25,Yes,No,No,No internet service,No internet service,No internet service,No internet service,No internet service,No internet service,Two year,Yes,Credit card (automatic),21.98,578.83,No
CUST-06676,Male,1,No,Yes,70,Yes,Yes,Fiber optic,No,No,No,No,Yes,No,Month-to-month,Yes,Mailed check,70.68,4963.35,Yes
CUST-06677,Male,0,Yes,No,67,No,No phone service,No,No internet service,No internet service,No internet service,No internet service,No internet service,No internet service,One year,Yes,Bank transfer (automatic),26.38,1770.11,No
CUST-06678,Male,0,Yes,No,39,No,No phone service,Fiber optic,No,No,No,Yes,Yes,No,Two year,No,Credit card (automatic),65.46,2527.9,No
CUST-06679,Female,0,Yes,Yes,24,Yes,Yes,DSL,No,No,Yes,No,Yes,No,Two year,Yes,Mailed check,60.6,1489.47,No
CUST-06680,Female,0,Yes,Yes,6,Yes,No,Fiber optic,Yes,No,No,No,No,Yes,Month-to-month,No,Bank transfer (automatic),58.8,360.67,No
CUST-06681,Female,0,No,No,72,Yes,No,Fiber optic,No,Yes,No,Yes,No,No,Month-to-month,Yes,Mailed check,62.58,4476.71,Yes
CUST-06682,Female,1,Yes,No,33,Yes,No,DSL,No,Yes,No,Yes,No,No,Two year,No,Bank transfer (automatic),46.28,1557.94,No
CUST-06683,Male,0,No,No,48,Yes,No,No,No internet service,No internet service,No internet service,No internet service,No internet service,No internet service,Month-to-month,Yes,Mailed check,22.45,1019.11,No
CUST-06684,Male,1,No,No,67,Yes,Yes,DSL,No,Yes,No,No,Yes,Yes,Month-to-month,No,Electronic check,68.75,4620.44,Yes
CUST-06685,Female,0,No,No,2,Yes,No,Fiber optic,Yes,No,No,No,No,No,Month-to-month,No,Credit card (automatic),62.82,111.36,Yes
CUST-06686,Female,0,Yes,No,38,Yes,No,Fiber optic,No,No,No,No,Yes,No,Month-to-month,No,Bank transfer (automatic),65.95,2452.65,Yes
CUST-06687,Female,0,Yes,No,40,Yes,No,DSL,No,Yes,No,No,Yes,No,Month-to-month,Yes,Credit card (automatic),53.26,2091.42,No
CUST-06688,Female,0,Yes,Yes,56,No,No phone service,DSL,No,No,Yes,No,No,No,Month-to-month,No,Bank transfer (automatic),46.9,2687.54,No
CUST-06689,Female,0,Yes,No,21,Yes,No,Fiber optic,No,Yes,Yes,No,Yes,No,One year,No,Credit card (automatic),73.88,1511.01,Yes
CUST-06690,Male,1,No,No,35,Yes,No,DSL,Yes,Yes,No,No,Yes,Yes,Month-to-month,No,Credit card (automatic),67.8,2341.37,No
CUST-06691,Male,0,No,No,67,Yes,No,No,No internet service,No internet service,No internet service,No internet service,No internet service,No internet service,Two year,Yes,Electronic check,21.62,1455.73,No
CUST-06692,Male,1,Yes,No,60,Yes,No,Fiber optic,No,No,No,Yes,Yes,No,One year,No,Credit card (automatic),70.57,4150.92,No
CUST-06693,Female,1,Yes,No,23,Yes,No,DSL,No,No,No,No,Yes,Yes,One year,Yes,Electronic check,61.26,1443.11,Yes
CUST-06694,Female,1,No,Yes,65,Yes,Yes,DSL,No,Yes,No,Yes,No,No,Two year,No,Credit card (automatic),50.62,3231.18,No
CUST-06695,Female,0,Yes,No,63,Yes,No,Fiber optic,No,Yes,Yes,No,No,No,Month-to-month,Yes,Bank transfer (automatic),64.14,3965.88,No
CUST-06696,Female,0,No,Yes,23,Yes,Yes,No,No internet service,No internet service,No internet service,No internet service,No internet service,No internet service,Month-to-month,Yes,Mailed check,34.1,774.9,No
CUST-06697,Male,0,No,Yes,42,Yes,No,No,No internet service,No internet service,No internet service,No internet service,No internet service,No internet service,Month-to-month,Yes,Credit card (automatic),21.03,865.47,No
CUST-06698,Male,0,No,No,64,Yes,No,DSL,No,No,No,No,No,No,Two year,Yes,Mailed check,34.85,2233.95,No
CUST-06699,Female,0,No,No,66,Yes,No,DSL,No,No,Yes,No,Yes,Yes,Month-to-month,Yes,Bank transfer (automatic),69.95,4615.15,Yes
CUST-06700,Male,0,No,No,41,Yes,No,DSL,No,No,Yes,No,No,No,Month-to-month,Yes,Electronic check,45.89,1863.85,Yes
CUST-06701,Male,0,No,Yes,20,Yes,No,Fiber optic,Yes,Yes,No,No,Yes,No,Month-to-month,Yes,Electronic check,76.56,1512.25,Yes
CUST-06702,Female,1,No,No,9,Yes,Yes,Fiber optic,Yes,No,Yes,No,No,No,Two year,Yes,Bank transfer (automatic),69.06,591.73,No
CUST-06703,Female,1,Yes,Yes,57,Yes,Yes,DSL,Yes,Yes,No,No,No,No,One year,No,Mailed check,57.91,3320.74,No
CUST-06704,Female,0,Yes,No,17,Yes,No,DSL,No,No,No,Yes,Yes,No,Month-to-month,No,Electronic check,55.88,1055.59,Yes
CUST-06705,Female,0,No,No,18,Yes,Yes,No,No internet service,No internet service,No internet service,No internet service,No internet service,No internet service,Month-to-month,Yes,Electronic check,28.59,428.07,Yes
CUST-06706,Female,0,Yes,No,63,Yes,No,No,No internet service,No internet service,No internet service,No internet service,No internet service,No internet service,Two year,Yes,Credit card (automatic),22.92,1528.05,No
CUST-06707,Female,0,No,No,72,Yes,Yes,DSL,Yes,Yes,No,Yes,No,Yes,Two year,No,Mailed check,73.27,5293.21,No
CUST-06708,Male,0,No,Yes,72,Yes,No,DSL,No,No,No,No,No,Yes,One year,Yes,Credit card (automatic),46.03,3420.34,No
CUST-06709,Male,0,No,No,26,Yes,Yes,No,No internet service,No internet service,No internet service,No internet service,No internet service,No internet service,Month-to-month,No,Electronic check,26.83,702.78,No
CUST-06710,Female,0,Yes,No,72,Yes,Yes,Fiber optic,No,No,Yes,No,No,No,Month-to-month,Yes,Mailed check,67.84,4830.78,Yes
CUST-06711,Male,0,Yes,No,72,Yes,Yes,No,No internet service,No internet service,No internet service,No internet service,No internet service,No internet service,One year,Yes,Mailed check,31.46,2231.91,No
CUST-06712,Female,0,Yes,No,13,Yes,Yes,Fiber optic,No,No,Yes,No,No,No,Month-to-month,Yes,Electronic check,61.42,760.8,Yes
CUST-06713,Female,0,Yes,No,17,Yes,Yes,Fiber optic,No,No,Yes,No,Yes,Yes,Month-to-month,No,Electronic check,79.62,1324.56,Yes
CUST-06714,Female,1,No,No,26,Yes,No,DSL,No,Yes,No,No,No,Yes,Month-to-month,Yes,Mailed check,51.53,1368.9,Yes
CUST-06715,Female,0,No,No,6,Yes,Yes,No,No internet service,No internet service,No internet service,No internet service,No internet service,No internet service,Two year,No,Mailed check,26.04,132.85,No
CUST-06716,Male,0,No,No,4,Yes,Yes,No,No internet service,No internet service,No internet service,No internet service,No internet service,No internet service,One year,Yes,Bank transfer (automatic),25.32,120.2,No
CUST-06717,Female,0,Yes,Yes,7,Yes,No,DSL,No,Yes,No,No,Yes,No,One year,No,Mailed check,57.11,390.84,Yes
CUST-06718,Male,0,Yes,Yes,17,Yes,Yes,Fiber optic,No,Yes,Yes,No,Yes,No,Two year,Yes,Electronic check,76.1,1241.11,No
CUST-06719,Female,0,Yes,Yes,50,Yes,No,Fiber optic,No,No,Yes,No,No,No,Month-to-month,Yes,Mailed check,63.4,3227.03,Yes
CUST-06720,Female,0,Yes,No,6,Yes,No,Fiber optic,No,Yes,No,No,No,No,Month-to-month,Yes,Credit card (automatic),55.49,324.97,Yes
CUST-06721,Female,0,No,Yes,30,Yes,No,No,No internet service,No internet service,No internet service,No internet service,No internet service,No internet service,Month-to-month,No,Electronic check,31.03,824.08,No
CUST-06722,Male,0,Yes,Yes,56,Yes,No,Fiber optic,Yes,No,No,Yes,No,Yes,One year,Yes,Credit card (automatic),65.46,3706.59,No
CUST-06723,Female,0,Yes,No,39,Yes,Yes,No,No internet service,No internet service,No internet service,No internet service,No internet service,No internet service,Two year,Yes,Bank transfer (automatic),29.48,1092.6,No
CUST-06724,Female,0,No,No,14,Yes,No,No,No internet service,No internet service,No internet service,No internet service,No internet service,No internet service,One year,No,Bank transfer (automatic),19.33,355.66,No
CUST-06725,Female,0,No,No,54,Yes,No,Fiber optic,No,Yes,No,No,No,Yes,One year,Yes,Mailed check,64.6,3561.58,No
CUST-06726,Male,0,Yes,No,22,Yes,No,No,No internet service,No internet service,No internet service,No internet service,No internet service,No internet service,Month-to-month,Yes,Mailed check,23.08,488.55,Yes
CUST-06727,Male,0,No,Yes,57,Yes,Yes,DSL,No,No,No,No,No,Yes,One year,Yes,Bank transfer (automatic),59.42,3321.5,No
CUST-06728,Male,0,Yes,No,41,Yes,Yes,DSL,No,No,No,Yes,No,No,One year,Yes,Bank transfer (automatic),58.84,2382.76,No
CUST-06729,Female,1,Yes,Yes,10,Yes,No,DSL,No,Yes,No,No,No,No,One year,Yes,Bank transfer (automatic),41.87,457.88,No
CUST-06730,Male,0,Yes,No,2,No,No phone service,Fiber optic,No,Yes,No,No,No,No,Month-to-month,No,Bank transfer (automatic),60.32,44.19,Yes
CUST-06731,Female,1,No,Yes,67,Yes,Yes,DSL,Yes,No,No,No,Yes,No,One year,Yes,Electronic check,59.64,4025.69,No
CUST-06732,Male,0,Yes,No,48,Yes,Yes,No,No internet service,No internet service,No internet service,No internet service,No internet service,No internet service,Month-to-month,Yes,Mailed check,33.79,1699.74,No
CUST-06733,Male,1,Yes,Yes,42,Yes,No,No,No internet service,No internet service,No internet service,No internet service,No internet service,No internet service,Month-to-month,Yes,Mailed check,18.0,751.33,No
CUST-06734,Female,0,No,No,11,Yes,No,Fiber optic,No,Yes,Yes,No,Yes,Yes,Month-to-month,Yes,Credit card (automatic),90.75,1071.17,Yes
CUST-06735,Male,0,Yes,Yes,12,Yes,No,Fiber optic,Yes,Yes,No,Yes,No,No,Two year,Yes,Bank transfer (automatic),67.52,788.37,No
CUST-06736,Female,1,Yes,Yes,14,Yes,No,Fiber optic,No,Yes,No,No,No,Yes,Two year,Yes,Mailed check,75.97,1037.76,Yes
CUST-06737,Female,0,Yes,No,30,Yes,Yes,Fiber optic,Yes,No,No,No,No,No,One year,Yes,Credit card (automatic),68.79,1980.41,No
CUST-06738,Male,0,Yes,Yes,60,Yes,No,Fiber optic,No,No,No,No,No,No,Two year,No,Bank transfer (automatic),56.62,3372.24,No
CUST-06739,Female,0,No,No,30,Yes,Yes,DSL,No,No,No,No,No,No,Month-to-month,No,Credit card (automatic),44.45,1366.53,Yes
CUST-06740,Female,0,No,No,38,Yes,No,No,No internet service,No internet service,No internet service,No internet service,No internet service,No internet service,Two year,Yes,Credit card (automatic),29.97,1161.62,No
CUST-06741,Male,0,Yes,No,65,Yes,No,DSL,No,No,Yes,No,Yes,No,Month-to-month,No,Bank transfer (automatic),56.07,3586.28,No
CUST-06742,Male,0,Yes,No,47,Yes,Yes,Fiber optic,Yes,Yes,No,No,Yes,Yes,Two year,Yes,Mailed check,87.04,4068.71,No
CUST-06743,Female,1,No,No,39,Yes,No,Fiber optic,Yes,No,No,No,Yes,No,Month-to-month,Yes,Mailed check,64.63,2501.36,Yes
CUST-06744,Male,0,Yes,No,49,Yes,No,No,No internet service,No internet service,No internet service,No internet service,No internet service,No internet service,Month-to-month,No,Electronic check,26.29,1278.73,No
CUST-06745,Female,1,No,No,58,Yes,No,DSL,No,No,No,No,Yes,Yes,Two year,Yes,Bank transfer (automatic),61.4,3535.58,No
CUST-06746,Female,1,Yes,Yes,17,Yes,Yes,Fiber optic,No,No,No,No,No,No,Month-to-month,Yes,Mailed check,54.31,884.8,Yes
CUST-06747,Male,0,No,Yes,6,Yes,Yes,Fiber optic,No,No,No,No,Yes,No,Two year,Yes,Electronic check,66.8,376.61,Yes
CUST-06748,Male,0,No,Yes,15,Yes,Yes,Fiber optic,No,No,No,Yes,No,No,Month-to-month,Yes,Electronic check,63.36,963.11,Yes
CUST-06749,Male,0,No,No,67,Yes,Yes,DSL,No,No,No,No,No,No,Month-to-month,No,Credit card (automatic),49.38,3334.18,No
CUST-06750,Male,0,Yes,No,28,Yes,No,Fiber optic,Yes,No,No,No,Yes,Yes,Month-to-month,Yes,Electronic check,83.06,2389.98,Yes
CUST-06751,Female,0,No,No,44,Yes,No,DSL,No,No,No,No,No,Yes,Two year,Yes,Mailed check,43.2,1867.02,No
CUST-06752,Female,0,No,No,18,Yes,No,Fiber optic,No,Yes,No,No,No,Yes,Month-to-month,Yes,Mailed check,67.74,1271.29,No
CUST-06753,Male,0,No,No,32,Yes,Yes,Fiber optic,No,No,No,No,Yes,No,Month-to-month,No,Mailed check,69.02,2192.89,No
CUST-06754,Male,0,Yes,No,69,Yes,Yes,No,No internet service,No internet service,No internet service,No internet service,No internet service,No internet service,Month-to-month,Yes,Mailed check,34.83,2362.73,No
CUST-06755,Female,0,No,No,44,Yes,No,DSL,No,Yes,No,No,No,No,Month-to-month,Yes,Electronic check,50.09,2139.24,Yes
CUST-06756,Female,0,Yes,No,70,Yes,No,Fiber optic,No,No,No,No,No,No,Month-to-month,Yes,Electronic check,58.14,4118.79,Yes
CUST-06757,Female,0,Yes,No,63,No,No phone service,DSL,Yes,No,No,No,Yes,No,Month-to-month,No,Electronic check,58.84,3712.93,Yes
CUST-06758,Female,0,No,Yes,58,Yes,No,DSL,Yes,Yes,No,No,Yes,No,Month-to-month,Yes,Credit card (automatic),62.96,3699.65,No
CUST-06759,Male,0,Yes,No,47,Yes,Yes,Fiber optic,No,No,No,No,No,No,Two year,Yes,Bank transfer (automatic),61.25,2918.58,Yes
CUST-06760,Female,1,No,No,17,Yes,No,DSL,No,Yes,No,No,No,No,One year,No,Credit card (automatic),47.46,783.74,Yes
CUST-06761,Female,0,No,Yes,39,Yes,Yes,DSL,No,Yes,No,No,No,No,Month-to-month,No,Bank transfer (automatic),44.39,1670.96,No
CUST-06762,Male,0,No,No,59,Yes,No,Fiber optic,Yes,No,Yes,Yes,No,No,Month-to-month,Yes,Mailed check,65.58,3897.38,Yes
CUST-06763,Female,0,No,Yes,7,Yes,No,Fiber optic,No,Yes,No,No,Yes,No,Month-to-month,Yes,Mailed check,63.99,440.61,Yes
CUST-06764,Female,1,No,No,63,Yes,No,DSL,Yes,No,No,Yes,No,Yes,Month-to-month,Yes,Mailed check,55.38,3570.04,No
CUST-06765,Male,0,Yes,Yes,57,Yes,Yes,Fiber optic,No,No,No,No,No,No,Month-to-month,Yes,Mailed check,65.13,3724.37,Yes
CUST-06766,Male,0,No,No,34,Yes,No,DSL,Yes,No,No,Yes,No,Yes,Two year,No,Electronic check,47.68,1603.11,No
CUST-06767,Male,1,Yes,No,53,Yes,Yes,No,No internet service,No internet service,No internet service,No internet service,No internet service,No internet service,Two year,Yes,Mailed check,32.43,1736.8,No
CUST-06768,Female,0,Yes,No,66,Yes,No,Fiber optic,No,No,No,No,No,Yes,One year,No,Mailed check,65.19,4312.31,No
CUST-06769,Female,0,No,No,48,Yes,No,DSL,No,No,No,No,No,No,Two year,Yes,Bank transfer (automatic),39.05,1989.54,No
CUST-06770,Male,0,Yes,No,60,Yes,Yes,DSL,Yes,Yes,No,Yes,No,Yes,Month-to-month,Yes,Bank transfer (automatic),71.04,4247.76,No
CUST-06771,Male,1,Yes,No,43,Yes,No,DSL,Yes,Yes,Yes,No,Yes,No,Month-to-month,Yes,Credit card (automatic),63.98,2731.61,No
CUST-06772,Female,0,No,No,4,Yes,No,DSL,Yes,Yes,No,No,No,No,One year,No,Mailed check,50.14,245.04,Yes
CUST-06773,Male,0,Yes,Yes,52,No,No phone service,Fiber optic,No,Yes,No,No,No,No,Month-to-month,Yes,Bank transfer (automatic),68.16,3560.07,No
CUST-06774,Male,0,Yes,No,32,Yes,Yes,No,No internet service,No internet service,No internet service,No internet service,No internet service,No internet service,One year,Yes,Mailed check,31.45,1011.78,No
CUST-06775,Male,0,Yes,No,51,Yes,No,No,No internet service,No internet service,No internet service,No internet service,No internet service,No internet service,Two year,Yes,Mailed check,31.18,1525.33,No
CUST-06776,Female,0,No,No,10,Yes,No,Fiber optic,No,No,No,No,No,No,One year,Yes,Electronic check,56.67,565.94,Yes
CUST-06777,Female,0,No,Yes,12,Yes,Yes,Fiber optic,Yes,Yes,No,No,No,Yes,Month-to-month,No,Electronic check,77.22,935.23,Yes
CUST-06778,Female,0,No,Yes,39,Yes,Yes,DSL,Yes,Yes,Yes,No,No,Yes,Two year,Yes,Electronic check,69.19,2720.11,No
CUST-06779,Female,0,Yes,No,68,Yes,Yes,Fiber optic,No,No,No,No,No,No,One year,Yes,Electronic check,64.38,4372.76,No
CUST-06780,Female,0,No,No,10,Yes,Yes,DSL,No,No,No,No,Yes,Yes,Two year,Yes,Electronic check,69.16,808.02,No
CUST-06781,Female,0,No,Yes,10,Yes,Yes,DSL,No,Yes,Yes,Yes,No,No,One year,No,Mailed check,62.43,593.57,No
CUST-06782,Male,0,Yes,No,23,Yes,No,Fiber optic,No,No,No,Yes,Yes,Yes,Two year,No,Electronic check,81.52,1912.19,No
CUST-06783,Female,0,Yes,Yes,13,Yes,Yes,No,No internet service,No internet service,No internet service,No internet service,No internet service,No internet service,Month-to-month,No,Credit card (automatic),29.86,337.31,Yes
CUST-06784,Female,0,No,No,48,Yes,Yes,DSL,Yes,No,No,No,Yes,No,Month-to-month,No,Electronic check,62.36,3089.67,Yes
CUST-06785,Male,0,No,No,44,Yes,No,DSL,No,Yes,No,No,No,No,Month-to-month,Yes,Electronic check,45.23,2073.9,No
CUST-06786,Female,0,No,No,64,Yes,Yes,DSL,Yes,Yes,No,No,No,No,Two year,No,Mailed check,54.47,3479.53,No
CUST-06787,Female,0,Yes,Yes,40,No,No phone service,DSL,No,No,No,No,No,No,Month-to-month,Yes,Electronic check,38.65,1547.3,Yes
CUST-06788,Male,0,No,Yes,6,No,No phone service,No,No internet service,No internet service,No internet service,No internet service,No internet service,No internet service,Two year,Yes,Credit card (automatic),20.57,184.99,No
CUST-06789,Male,0,Yes,No,72,Yes,No,DSL,Yes,No,No,No,Yes,No,Month-to-month,Yes,Bank transfer (automatic),56.92,4122.25,Yes
CUST-06790,Male,0,Yes,No,43,Yes,No,Fiber optic,No,No,No,Yes,No,Yes,Two year,Yes,Electronic check,70.16,2971.38,No
CUST-06791,Female,1,Yes,No,32,Yes,Yes,DSL,No,No,No,No,No,Yes,Two year,No,Mailed check,57.41,1849.94,No
CUST-06792,Male,0,No,No,49,Yes,No,Fiber optic,No,No,Yes,No,No,Yes,Month-to-month,Yes,Mailed check,74.31,3576.17,Yes
CUST-06793,Female,0,No,No,19,Yes,No,Fiber optic,Yes,No,Yes,No,Yes,No,One year,No,Credit card (automatic),76.59,1480.17,Yes
CUST-06794,Female,1,No,Yes,52,Yes,Yes,Fiber optic,No,Yes,No,Yes,Yes,No,Month-to-month,No,Bank transfer (automatic),81.72,4324.88,No
CUST-06795,Female,0,No,Yes,52,Yes,No,Fiber optic,No,No,Yes,No,No,No,Month-to-month,Yes,Mailed check,65.27,3455.84,Yes
CUST-06796,Female,0,Yes,No,34,Yes,No,No,No internet service,No internet service,No internet service,No internet service,No internet service,No internet service,Month-to-month,Yes,Mailed check,27.07,895.37,No
CUST-06797,Male,0,No,No,59,Yes,No,DSL,No,No,No,Yes,Yes,No,Month-to-month,No,Mailed check,50.3,2969.04,Yes
CUST-06798,Male,0,No,No,5,Yes,Yes,Fiber optic,Yes,No,No,No,No,Yes,Month-to-month,No,Bank transfer (automatic),74.03,377.54,Yes
CUST-06799,Female,0,Yes,No,66,Yes,Yes,Fiber optic,No,No,No,Yes,Yes,No,Month-to-month,No,Electronic check,70.51,4606.0,No
CUST-06800,Male,0,Yes,Yes,41,Yes,No,No,No internet service,No internet service,No internet service,No internet service,No internet service,No internet service,Month-to-month,No,Mailed check,21.85,914.62,No
CUST-06801,Female,0,Yes,No,34,Yes,Yes,No,No internet service,No internet service,No internet service,No internet service,No internet service,No internet service,Month-to-month,Yes,Electronic check,20.73,679.34,Yes
CUST-06802,Female,0,Yes,No,54,Yes,No,DSL,Yes,No,No,No,Yes,Yes,Month-to-month,Yes,Electronic check,62.05,3278.59,No
CUST-06803,Female,0,Yes,No,20,Yes,No,No,No internet service,No internet service,No internet service,No internet service,No internet service,No internet service,One year,No,Electronic check,30.06,590.14,No
CUST-06804,Male,1,Yes,No,54,Yes,No,Fiber optic,No,No,No,Yes,No,Yes,Month-to-month,Yes,Mailed check,72.88,4014.24,Yes
CUST-06805,Female,0,No,No,66,Yes,No,No,No internet service,No internet service,No internet service,No internet service,No internet service,No internet service,Month-to-month,No,Electronic check,28.31,1861.64,No
CUST-06806,Female,0,Yes,Yes,18,Yes,No,Fiber optic,No,No,No,No,Yes,No,Month-to-month,No,Mailed check,65.43,1131.64,Yes
CUST-06807,Male,0,Yes,No,44,Yes,No,DSL,No,Yes,No,No,No,No,Two year,Yes,Bank transfer (automatic),49.47,2106.35,Yes
CUST-06808,Male,0,No,Yes,48,Yes,No,Fiber optic,No,Yes,No,Yes,No,No,Two year,Yes,Credit card (automatic),60.44,2948.28,No
CUST-06809,Male,0,Yes,No,35,Yes,Yes,Fiber optic,No,No,Yes,No,No,No,Month-to-month,Yes,Bank transfer (automatic),65.2,2324.33,Yes
CUST-06810,Male,0,No,Yes,39,Yes,No,DSL,No,No,No,Yes,Yes,No,Two year,Yes,Bank transfer (automatic),56.71,2230.23,No
CUST-06811,Female,0,No,Yes,3,Yes,Yes,Fiber optic,No,No,No,No,No,No,Month-to-month,Yes,Credit card (automatic),52.29,131.95,Yes
CUST-06812,Male,0,Yes,Yes,19,Yes,Yes,Fiber optic,Yes,No,No,No,Yes,Yes,Month-to-month,Yes,Mailed check,88.09,1739.06,No
CUST-06813,Female,0,Yes,Yes,18,No,No phone service,No,No internet service,No internet service,No internet service,No internet service,No internet service,No internet service,Month-to-month,No,Mailed check,24.24,457.16,Yes
CUST-06814,Male,0,Yes,No,5,Yes,No,Fiber optic,No,Yes,No,Yes,No,Yes,Two year,Yes,Electronic check,78.99,405.75,No
CUST-06815,Male,1,Yes,No,55,No,No phone service,Fiber optic,Yes,Yes,Yes,No,No,No,Month-to-month,No,Mailed check,63.02,3481.44,No
CUST-06816,Male,1,Yes,No,13,Yes,No,No,No internet service,No internet service,No internet service,No internet service,No internet service,No internet service,Month-to-month,Yes,Mailed check,18.1,240.77,No
CUST-06817,Male,0,Yes,No,34,Yes,No,Fiber optic,No,No,No,No,No,No,Month-to-month,No,Credit card (automatic),55.27,1845.77,Yes
CUST-06818,Male,0,Yes,Yes,18,Yes,No,Fiber optic,Yes,No,No,No,No,No,One year,Yes,Electronic check,64.1,1077.25,Yes
CUST-06819,Male,0,No,No,68,Yes,No,DSL,No,No,No,No,Yes,No,Two year,Yes,Bank transfer (automatic),42.62,2853.82,No
CUST-06820,Female,0,Yes,Yes,72,Yes,No,Fiber optic,Yes,Yes,No,No,No,Yes,Two year,Yes,Bank transfer (automatic),72.38,5133.76,No
CUST-06821,Male,1,No,Yes,43,Yes,No,DSL,No,No,No,No,No,Yes,Month-to-month,No,Bank transfer (automatic),49.0,2147.35,No
CUST-06822,Male,0,Yes,Yes,65,Yes,Yes,No,No internet service,No internet service,No internet service,No internet service,No internet service,No internet service,One year,Yes,Bank transfer (automatic),35.7,2241.75,No
CUST-06823,Male,0,No,No,41,Yes,No,No,No internet service,No internet service,No internet service,No internet service,No internet service,No internet service,Month-to-month,No,Credit card (automatic),18.0,724.43,No
CUST-06824,Male,1,Yes,Yes,38,Yes,No,DSL,No,No,No,Yes,No,No,Month-to-month,Yes,Bank transfer (automatic),47.76,1809.49,No
CUST-06825,Female,1,No,No,38,Yes,No,DSL,No,No,Yes,No,No,Yes,One year,No,Credit card (automatic),54.41,2080.8,Yes
CUST-06826,Male,0,Yes,No,13,Yes,No,Fiber optic,Yes,No,Yes,No,No,Yes,Month-to-month,Yes,Bank transfer (automatic),79.84,1065.21,Yes
CUST-06827,Male,0,No,No,22,Yes,No,DSL,No,No,Yes,No,Yes,Yes,Month-to-month,Yes,Credit card (automatic),70.44,1572.59,Yes
CUST-06828,Male,0,Yes,No,29,Yes,No,Fiber optic,Yes,No,No,No,No,No,Two year,No,Bank transfer (automatic),56.6,1567.55,No
CUST-06829,Male,0,No,No,9,Yes,No,Fiber optic,No,Yes,Yes,No,No,No,One year,Yes,Mailed check,75.69,639.0,Yes
CUST-06830,Female,0,Yes,No,68,Yes,No,No,No internet service,No internet service,No internet service,No internet service,No internet service,No internet service,Month-to-month,Yes,Electronic check,28.31,1919.09,Yes
CUST-06831,Male,0,No,Yes,17,Yes,No,No,No internet service,No internet service,No internet service,No internet service,No internet service,No internet service,One year,Yes,Credit card (automatic),28.77,508.6,No
CUST-06832,Female,0,Yes,No,37,No,No phone service,Fiber optic,No,No,No,No,No,No,Month-to-month,Yes,Electronic check,47.18,1861.13,Yes
CUST-06833,Male,0,Yes,Yes,64,Yes,No,Fiber optic,No,No,Yes,Yes,Yes,No,Month-to-month,No,Credit card (automatic),76.05,4849.16,No
CUST-06834,Female,0,Yes,No,67,Yes,Yes,Fiber optic,No,No,No,Yes,Yes,No,Month-to-month,No,Bank transfer (automatic),71.58,4718.68,Yes
CUST-06835,Female,0,Yes,No,4,Yes,No,No,No internet service,No internet service,No internet service,No internet service,No internet service,No internet service,One year,Yes,Bank transfer (automatic),33.06,189.32,No
CUST-06836,Male,0,No,No,40,Yes,No,DSL,Yes,Yes,No,No,Yes,Yes,Month-to-month,No,Mailed check,73.38,2847.27,Yes
CUST-06837,Male,0,No,No,16,No,No phone service,Fiber optic,No,Yes,Yes,Yes,No,No,Month-to-month,No,Electronic check,72.28,1142.6,Yes
CUST-06838,Female,0,Yes,Yes,11,Yes,Yes,DSL,Yes,Yes,No,No,No,Yes,Two year,Yes,Bank transfer (automatic),64.48,694.24,No
CUST-06839,Female,0,No,No,26,No,No phone service,DSL,Yes,Yes,No,Yes,Yes,No,Month-to-month,No,Mailed check,67.66,1750.37,No
CUST-06840,Male,0,No,No,72,Yes,No,Fiber optic,Yes,No,No,Yes,No,Yes,One year,No,Mailed check,71.79,5075.91,No
CUST-06841,Female,0,No,No,65,Yes,No,DSL,Yes,No,Yes,No,No,No,Month-to-month,No,Bank transfer (automatic),56.24,3607.44,No
CUST-06842,Female,0,Yes,Yes,2,Yes,No,Fiber optic,No,No,No,No,No,Yes,Two year,Yes,Electronic check,66.11,107.72,Yes
CUST-06843,Female,0,Yes,No,45,Yes,No,DSL,No,No,Yes,No,No,No,Month-to-month,No,Bank transfer (automatic),40.93,1824.2,Yes
CUST-06844,Male,0,No,No,43,Yes,No,Fiber optic,No,No,Yes,Yes,No,No,One year,Yes,Credit card (automatic),63.57,2719.87,No
CUST-06845,Female,0,Yes,No,3,Yes,Yes,DSL,No,No,Yes,Yes,No,Yes,Month-to-month,Yes,Electronic check,67.22,163.0,Yes
CUST-06846,Female,0,No,No,34,Yes,Yes,No,No internet service,No internet service,No internet service,No internet service,No internet service,No internet service,Two year,Yes,Mailed check,30.7,1138.08,No
CUST-06847,Female,0,No,No,65,Yes,Yes,Fiber optic,No,No,No,No,No,Yes,One year,Yes,Mailed check,62.37,4050.48,Yes
CUST-06848,Male,0,Yes,No,64,Yes,Yes,DSL,No,Yes,No,No,No,No,Month-to-month,Yes,Electronic check,55.14,3504.0,Yes
CUST-06849,Male,0,Yes,No,7,Yes,No,DSL,Yes,Yes,Yes,Yes,Yes,No,Month-to-month,No,Mailed check,79.99,571.2,Yes
CUST-06850,Female,1,No,No,35,Yes,No,DSL,Yes,No,No,No,Yes,No,Two year,No,Electronic check,60.83,2113.92,No
CUST-06851,Male,0,Yes,No,22,Yes,No,Fiber optic,Yes,No,Yes,Yes,No,No,One year,No,Credit card (automatic),72.35,1659.75,No
CUST-06852,Female,0,Yes,No,48,Yes,No,DSL,No,No,No,Yes,No,No,Two year,Yes,Credit card (automatic),49.06,2313.51,No
CUST-06853,Male,0,Yes,Yes,32,Yes,No,DSL,No,No,Yes,No,No,Yes,Two year,Yes,Credit card (automatic),59.92,1893.97,No
CUST-06854,Male,0,No,No,26,Yes,Yes,Fiber optic,No,No,No,No,Yes,No,Month-to-month,No,Credit card (automatic),73.88,1896.9,Yes
CUST-06855,Female,0,Yes,No,6,Yes,No,No,No internet service,No internet service,No internet service,No internet service,No internet service,No internet service,One year,Yes,Bank transfer (automatic),29.89,113.97,No
CUST-06856,Male,0,No,No,46,Yes,No,DSL,No,No,No,No,No,No,Month-to-month,Yes,Credit card (automatic),38.65,1782.25,Yes
CUST-06857,Male,0,Yes,Yes,55,Yes,Yes,DSL,No,Yes,Yes,Yes,No,Yes,Month-to-month,No,Mailed check,69.66,3853.58,No
CUST-06858,Male,0,Yes,No,55,Yes,No,Fiber optic,Yes,No,No,Yes,Yes,Yes,Month-to-month,Yes,Credit card (automatic),84.05,4482.2,Yes
CUST-06859,Female,0,No,No,57,Yes,No,Fiber optic,No,No,No,No,No,Yes,Two year,Yes,Credit card (automatic),62.89,3628.18,No
CUST-06860,Male,1,No,No,63,Yes,Yes,Fiber optic,No,No,No,Yes,No,Yes,Month-to-month,Yes,Mailed check,67.0,4287.69,No
CUST-06861,Male,0,Yes,Yes,1,Yes,No,Fiber optic,Yes,No,No,Yes,Yes,Yes,One year,Yes,Credit card (automatic),78.52,161.13,No
CUST-06862,Female,0,No,Yes,21,Yes,Yes,DSL,No,No,Yes,No,No,No,One year,No,Mailed check,50.38,985.32,No
CUST-06863,Male,0,Yes,No,20,No,No phone service,Fiber optic,No,Yes,Yes,No,No,Yes,Two year,Yes,Bank transfer (automatic),77.29,1568.38,No
CUST-06864,Male,0,No,No,29,Yes,No,No,No internet service,No internet service,No internet service,No internet service,No internet service,No internet service,One year,Yes,Credit card (automatic),25.52,764.82,No
CUST-06865,Male,0,Yes,No,43,Yes,No,No,No internet service,No internet service,No internet service,No internet service,No internet service,No internet service,Two year,Yes,Credit card (automatic),19.09,731.7,No
CUST-06866,Male,0,No,No,45,Yes,Yes,Fiber optic,No,Yes,No,No,No,No,Two year,No,Bank transfer (automatic),70.17,3132.71,No
CUST-06867,Male,0,No,No,65,No,No phone service,DSL,No,No,Yes,No,No,No,Month-to-month,No,Electronic check,44.04,2828.68,No
CUST-06868,Female,0,Yes,No,3,Yes,No,Fiber optic,No,Yes,Yes,No,Yes,No,Two year,Yes,Electronic check,79.86,208.55,No
CUST-06869,Female,0,No,Yes,20,Yes,Yes,No,No internet service,No internet service,No internet service,No internet service,No internet service,No internet service,Month-to-month,No,Credit card (automatic),28.14,600.86,No
CUST-06870,Male,0,No,Yes,37,Yes,Yes,DSL,No,Yes,No,Yes,No,No,One year,Yes,Mailed check,60.68,2317.37,No
CUST-06871,Male,0,Yes,No,38,Yes,Yes,Fiber optic,No,No,Yes,No,Yes,No,Month-to-month,No,Electronic check,79.54,3103.19,Yes
CUST-06872,Male,0,No,No,45,No,No phone service,No,No internet service,No internet service,No internet service,No internet service,No internet service,No internet service,Two year,No,Credit card (automatic),25.99,1172.35,No
CUST-06873,Female,1,No,No,42,Yes,Yes,Fiber optic,No,No,Yes,No,No,Yes,One year,Yes,Mailed check,72.99,3096.49,Yes
CUST-06874,Female,1,No,No,46,Yes,No,Fiber optic,Yes,No,No,No,Yes,Yes,Month-to-month,No,Credit card (automatic),88.22,3956.25,No
CUST-06875,Male,0,No,No,60,Yes,No,Fiber optic,No,No,No,No,Yes,No,Two year,Yes,Mailed check,69.08,4122.28,No
CUST-06876,Male,0,No,No,13,Yes,No,DSL,No,No,Yes,Yes,No,Yes,Month-to-month,Yes,Credit card (automatic),55.64,690.47,Yes
CUST-06877,Female,0,No,No,31,Yes,No,Fiber optic,Yes,No,No,No,No,No,One year,No,Credit card (automatic),64.19,1944.92,No
CUST-06878,Male,0,No,Yes,68,Yes,No,No,No internet service,No internet service,No internet service,No internet service,No internet service,No internet service,Month-to-month,Yes,Mailed check,22.95,1610.67,No
CUST-06879,Female,0,Yes,No,62,Yes,Yes,No,No internet service,No internet service,No internet service,No internet service,No internet service,No internet service,Month-to-month,Yes,Electronic check,26.94,1632.07,Yes
CUST-06880,Female,1,No,No,49,Yes,No,Fiber optic,Yes,No,No,Yes,Yes,No,Month-to-month,Yes,Bank transfer (automatic),80.86,3886.29,No
CUST-06881,Male,0,Yes,No,18,Yes,Yes,Fiber optic,No,No,No,No,Yes,No,One year,Yes,Credit card (automatic),76.31,1329.79,Yes
CUST-06882,Female,0,No,No,53,Yes,No,DSL,No,No,No,Yes,No,No,Two year,Yes,Electronic check,43.21,2227.38,No
CUST-06883,Male,0,No,No,18,Yes,No,Fiber optic,Yes,No,Yes,No,No,Yes,Month-to-month,Yes,Electronic check,76.79,1353.97,Yes
CUST-06884,Male,0,Yes,No,51,Yes,Yes,Fiber optic,No,No,Yes,No,No,No,One year,Yes,Mailed check,67.91,3523.52,No
CUST-06885,Male,0,Yes,No,41,Yes,No,Fiber optic,No,Yes,No,No,Yes,No,Two year,No,Electronic check,68.73,2908.4,No
CUST-06886,Male,0,Yes,Yes,67,Yes,Yes,Fiber optic,No,Yes,No,No,Yes,Yes,Two year,Yes,Electronic check,82.02,5481.16,No
CUST-06887,Male,0,Yes,No,65,Yes,No,Fiber optic,Yes,Yes,No,No,Yes,No,Two year,Yes,Mailed check,79.1,5032.41,No
CUST-06888,Male,0,No,Yes,6,Yes,No,Fiber optic,No,Yes,Yes,No,No,Yes,Two year,Yes,Mailed check,77.23,463.8,No
CUST-06889,Female,1,Yes,No,37,Yes,Yes,DSL,No,Yes,No,No,Yes,Yes,Month-to-month,No,Credit card (automatic),71.38,2633.78,No
CUST-06890,Female,0,No,No,12,Yes,No,Fiber optic,No,No,Yes,Yes,No,No,Month-to-month,Yes,Credit card (automatic),68.42,812.43,Yes
CUST-06891,Female,1,No,No,2,Yes,No,Fiber optic,No,Yes,No,Yes,No,No,Two year,Yes,Electronic check,67.91,143.79,Yes
CUST-06892,Female,0,No,Yes,53,Yes,Yes,DSL,Yes,Yes,No,No,No,Yes,Month-to-month,No,Credit card (automatic),66.41,3521.58,No
CUST-06893,Male,0,Yes,No,25,Yes,Yes,DSL,Yes,No,Yes,Yes,No,No,Month-to-month,Yes,Electronic check,66.43,1696.74,No
CUST-06894,Female,0,No,No,28,Yes,Yes,No,No internet service,No internet service,No internet service,No internet service,No internet service,No internet service,Two year,No,Bank transfer (automatic),31.64,861.54,No
CUST-06895,Female,0,Yes,Yes,45,Yes,Yes,DSL,No,No,Yes,No,Yes,No,Month-to-month,Yes,Electronic check,58.87,2689.26,Yes
CUST-06896,Female,0,No,No,37,Yes,No,Fiber optic,No,Yes,Yes,Yes,No,No,Month-to-month,No,Electronic check,63.68,2285.92,Yes
CUST-06897,Male,0,No,No,17,Yes,No,DSL,No,No,No,No,No,No,Month-to-month,No,Mailed check,35.76,649.69,Yes
CUST-06898,Female,0,Yes,No,69,Yes,Yes,DSL,No,No,Yes,Yes,No,No,Two year,Yes,Credit card (automatic),62.36,4286.58,No
CUST-06899,Male,0,Yes,No,56,Yes,Yes,DSL,No,No,Yes,No,Yes,No,Month-to-month,Yes,Mailed check,55.82,3162.07,No
CUST-06900,Female,0,Yes,No,58,Yes,No,Fiber optic,Yes,Yes,No,No,Yes,No,Month-to-month,Yes,Electronic check,76.82,4400.85,Yes
CUST-06901,Male,0,No,Yes,4,Yes,No,No,No internet service,No internet service,No internet service,No internet service,No internet service,No internet service,Two year,No,Electronic check,31.08,151.76,Yes
CUST-06902,Male,0,Yes,No,55,Yes,Yes,No,No internet service,No internet service,No internet service,No internet service,No internet service,No internet service,Two year,No,Electronic check,27.01,1519.0,No
CUST-06903,Female,0,No,No,49,Yes,Yes,Fiber optic,No,No,Yes,No,No,Yes,One year,Yes,Mailed check,73.84,3528.04,No
CUST-06904,Male,0,Yes,No,38,No,No phone service,Fiber optic,No,No,Yes,No,No,Yes,Month-to-month,No,Credit card (automatic),65.84,2550.18,Yes
CUST-06905,Male,0,No,No,45,Yes,No,Fiber optic,No,No,No,No,No,Yes,Month-to-month,Yes,Electronic check,64.02,2875.61,Yes
CUST-06906,Female,0,Yes,No,30,Yes,Yes,Fiber optic,No,No,Yes,No,No,No,Month-to-month,Yes,Electronic check,64.72,1968.18,Yes
CUST-06907,Female,1,Yes,No,37,Yes,No,No,No internet service,No internet service,No internet service,No internet service,No internet service,No internet service,One year,Yes,Bank transfer (automatic),27.84,972.75,No
CUST-06908,Female,0,Yes,No,56,Yes,No,No,No internet service,No internet service,No internet service,No internet service,No internet service,No internet service,One year,Yes,Bank transfer (automatic),20.09,1048.64,No
CUST-06909,Male,0,No,No,27,Yes,No,Fiber optic,No,Yes,No,No,No,No,One year,No,Mailed check,61.71,1622.18,Yes
CUST-06910,Male,1,No,No,32,Yes,No,Fiber optic,No,No,No,No,No,No,Month-to-month,No,Electronic check,53.41,1724.82,Yes
CUST-06911,Male,1,Yes,No,11,No,No phone service,Fiber optic,Yes,Yes,Yes,No,Yes,No,One year,Yes,Electronic check,83.76,891.72,No
CUST-06912,Female,0,Yes,Yes,58,Yes,No,Fiber optic,Yes,Yes,No,No,Yes,Yes,Two year,Yes,Mailed check,85.95,5044.28,No
CUST-06913,Male,1,Yes,No,35,Yes,No,Fiber optic,Yes,No,Yes,No,Yes,No,Month-to-month,Yes,Electronic check,69.97,2435.68,No
CUST-06914,Male,0,No,Yes,17,Yes,Yes,Fiber optic,Yes,No,No,No,No,Yes,One year,Yes,Electronic check,74.35,1246.68,No
CUST-06915,Male,0,Yes,No,30,Yes,No,No,No internet service,No internet service,No internet service,No internet service,No internet service,No internet service,One year,No,Electronic check,29.66,963.71,No
CUST-06916,Male,0,No,No,18,Yes,Yes,No,No internet service,No internet service,No internet service,No internet service,No internet service,No internet service,Two year,No,Electronic check,31.49,606.87,No
CUST-06917,Male,0,No,Yes,30,Yes,No,Fiber optic,No,Yes,No,No,No,Yes,Month-to-month,Yes,Credit card (automatic),70.03,2067.66,Yes
CUST-06918,Male,0,No,No,16,Yes,Yes,DSL,No,Yes,Yes,No,Yes,Yes,One year,Yes,Electronic check,77.51,1231.59,Yes
CUST-06919,Male,0,No,Yes,54,Yes,No,DSL,No,No,Yes,No,No,Yes,One year,Yes,Electronic check,60.74,3238.08,No
CUST-06920,Female,1,Yes,No,4,Yes,No,No,No internet service,No internet service,No internet service,No internet service,No internet service,No internet service,Month-to-month,Yes,Mailed check,27.87,83.45,Yes
CUST-06921,Female,0,No,No,15,Yes,No,No,No internet service,No internet service,No internet service,No internet service,No internet service,No internet service,Month-to-month,No,Credit card (automatic),27.9,442.18,Yes
CUST-06922,Female,0,Yes,Yes,27,Yes,No,Fiber optic,No,Yes,No,Yes,Yes,No,Month-to-month,Yes,Mailed check,73.96,2072.14,Yes
CUST-06923,Male,0,Yes,No,4,Yes,Yes,Fiber optic,No,No,No,Yes,No,No,Two year,No,Electronic check,70.88,287.2,Yes
CUST-06924,Male,0,No,No,35,No,No phone service,Fiber optic,No,No,No,No,Yes,Yes,One year,No,Bank transfer (automatic),71.82,2557.77,No
CUST-06925,Female,0,Yes,No,63,Yes,No,Fiber optic,Yes,Yes,No,Yes,No,No,Month-to-month,No,Mailed check,70.53,4403.47,No
CUST-06926,Male,0,Yes,No,66,Yes,Yes,DSL,No,No,No,No,Yes,Yes,Two year,Yes,Bank transfer (automatic),63.28,4158.69,No
CUST-06927,Female,1,Yes,No,39,Yes,No,DSL,No,No,Yes,No,No,No,One year,Yes,Bank transfer (automatic),40.1,1560.88,No
CUST-06928,Male,0,Yes,Yes,28,Yes,Yes,DSL,No,No,Yes,No,Yes,Yes,Month-to-month,Yes,Electronic check,63.72,1882.82,Yes
CUST-06929,Male,0,Yes,No,34,Yes,No,Fiber optic,Yes,Yes,No,No,No,Yes,Two year,No,Mailed check,78.4,2711.37,No
CUST-06930,Female,0,Yes,No,33,Yes,Yes,Fiber optic,No,No,Yes,No,No,No,Two year,Yes,Mailed check,63.2,2087.44,No
CUST-06931,Female,0,Yes,No,50,Yes,Yes,No,No internet service,No internet service,No internet service,No internet service,No internet service,No internet service,Two year,No,Mailed check,33.55,1612.76,No
CUST-06932,Female,1,No,Yes,60,Yes,No,DSL,No,No,No,No,No,No,One year,Yes,Bank transfer (automatic),38.66,2300.03,No
CUST-06933,Female,0,No,No,72,Yes,No,Fiber optic,No,No,Yes,No,Yes,Yes,Month-to-month,Yes,Credit card (automatic),75.54,5485.91,Yes
CUST-06934,Female,0,No,No,72,Yes,No,DSL,No,No,No,Yes,Yes,No,Two year,Yes,Bank transfer (automatic),52.99,3783.88,No
CUST-06935,Male,0,No,No,42,Yes,Yes,No,No internet service,No internet service,No internet service,No internet service,No internet service,No internet service,Two year,No,Electronic check,29.43,1259.76,No
CUST-06936,Male,0,No,No,28,Yes,Yes,No,No internet service,No internet service,No internet service,No internet service,No internet service,No internet service,Month-to-month,No,Mailed check,31.11,763.63,No
CUST-06937,Male,0,No,No,27,No,No phone service,No,No internet service,No internet service,No internet service,No internet service,No internet service,No internet service,Two year,No,Mailed check,23.02,622.49,No
CUST-06938,Female,0,No,No,1,Yes,No,DSL,No,No,No,Yes,Yes,Yes,Month-to-month,Yes,Electronic check,68.75,38.12,Yes
CUST-06939,Female,0,No,No,8,Yes,Yes,No,No internet service,No internet service,No internet service,No internet service,No internet service,No internet service,One year,Yes,Mailed check,21.28,223.95,No
CUST-06940,Female,0,Yes,No,46,No,No phone service,DSL,No,No,No,No,No,Yes,One year,No,Electronic check,48.62,2209.63,No
CUST-06941,Female,0,No,No,24,Yes,Yes,DSL,No,Yes,No,No,No,No,Month-to-month,Yes,Bank transfer (automatic),50.44,1305.56,No
CUST-06942,Female,0,No,No,40,Yes,Yes,DSL,Yes,No,Yes,No,No,Yes,Month-to-month,Yes,Credit card (automatic),60.52,2390.37,No
CUST-06943,Female,0,No,No,51,Yes,No,Fiber optic,Yes,Yes,No,No,No,Yes,Month-to-month,Yes,Credit card (automatic),74.29,3812.96,Yes
CUST-06944,Male,0,No,Yes,24,Yes,Yes,DSL,No,Yes,No,Yes,No,No,One year,No,Electronic check,56.87,1325.46,No
CUST-06945,Male,1,Yes,Yes,22,Yes,Yes,Fiber optic,Yes,No,Yes,Yes,Yes,Yes,Month-to-month,No,Mailed check,91.09,1982.79,Yes
CUST-06946,Male,0,Yes,No,68,Yes,Yes,DSL,No,Yes,No,No,No,No,One year,Yes,Electronic check,48.6,3209.33,No
CUST-06947,Male,0,No,No,8,Yes,Yes,No,No internet service,No internet service,No internet service,No internet service,No internet service,No internet service,Month-to-month,Yes,Mailed check,24.96,250.11,No
CUST-06948,Male,0,No,Yes,58,Yes,No,Fiber optic,No,No,No,No,No,Yes,Month-to-month,No,Electronic check,70.44,4050.47,Yes
CUST-06949,Female,0,Yes,No,15,Yes,No,Fiber optic,No,No,Yes,No,No,No,Month-to-month,No,Bank transfer (automatic),57.3,904.62,Yes
CUST-06950,Female,0,Yes,No,8,Yes,No,No,No internet service,No internet service,No internet service,No internet service,No internet service,No internet service,One year,Yes,Electronic check,36.72,337.81,No
CUST-06951,Female,1,No,No,42,No,No phone service,DSL,Yes,No,No,No,No,No,Month-to-month,No,Mailed check,37.72,1698.18,No
CUST-06952,Female,0,Yes,No,39,Yes,Yes,DSL,No,Yes,No,Yes,No,No,Month-to-month,No,Credit card (automatic),52.03,2079.11,No
CUST-06953,Female,0,Yes,No,35,Yes,Yes,Fiber optic,No,Yes,No,Yes,No,Yes,One year,Yes,Mailed check,77.54,2760.28,Yes
CUST-06954,Female,0,Yes,Yes,41,Yes,Yes,DSL,Yes,Yes,No,No,No,Yes,Month-to-month,No,Credit card (automatic),65.97,2713.59,No
CUST-06955,Male,1,Yes,No,48,Yes,No,DSL,No,No,Yes,No,Yes,Yes,One year,Yes,Credit card (automatic),70.15,3407.46,No
CUST-06956,Female,0,Yes,No,71,Yes,No,No,No internet service,No internet service,No internet service,No internet service,No internet service,No internet service,Two year,No,Mailed check,26.37,1882.85,No
CUST-06957,Female,0,No,No,44,Yes,No,DSL,Yes,Yes,No,No,No,No,One year,Yes,Bank transfer (automatic),52.18,2297.78,No
CUST-06958,Female,1,Yes,No,35,Yes,No,No,No internet service,No internet service,No internet service,No internet service,No internet service,No internet service,Month-to-month,Yes,Bank transfer (automatic),23.11,830.65,Yes
CUST-06959,Female,0,Yes,Yes,27,Yes,Yes,DSL,No,Yes,No,No,No,No,Month-to-month,No,Electronic check,61.56,1604.13,No
CUST-06960,Male,0,No,No,65,No,No phone service,No,No internet service,No internet service,No internet service,No internet service,No internet service,No internet service,One year,Yes,Mailed check,26.91,1808.46,No
CUST-06961,Male,0,No,No,70,Yes,No,Fiber optic,No,No,No,No,No,No,Month-to-month,Yes,Mailed check,59.3,4068.04,No
CUST-06962,Female,0,Yes,No,66,Yes,No,Fiber optic,Yes,Yes,No,Yes,No,No,Two year,No,Mailed check,69.01,4547.44,No
CUST-06963,Male,0,No,Yes,71,Yes,No,DSL,No,No,Yes,No,No,No,Two year,No,Electronic check,45.02,3178.86,No
CUST-06964,Male,0,No,No,72,Yes,Yes,DSL,No,Yes,Yes,No,Yes,No,Month-to-month,Yes,Bank transfer (automatic),59.53,4285.63,No
CUST-06965,Female,0,No,Yes,63,Yes,No,Fiber optic,Yes,No,Yes,No,Yes,Yes,One year,No,Credit card (automatic),80.27,5036.98,Yes
CUST-06966,Female,0,No,No,29,Yes,No,Fiber optic,No,No,No,No,Yes,No,Month-to-month,No,Mailed check,68.47,1933.5,Yes
CUST-06967,Female,0,No,No,31,Yes,No,DSL,No,Yes,Yes,Yes,No,No,One year,No,Credit card (automatic),57.72,1965.89,No
CUST-06968,Female,0,Yes,No,64,Yes,Yes,Fiber optic,Yes,No,No,No,No,No,Two year,Yes,Bank transfer (automatic),61.47,3926.89,No
CUST-06969,Female,0,No,No,53,Yes,Yes,DSL,No,No,No,Yes,Yes,Yes,Month-to-month,No,Electronic check,67.53,3620.79,Yes
CUST-06970,Male,0,No,No,68,No,No phone service,No,No internet service,No internet service,No internet service,No internet service,No internet service,No internet service,Month-to-month,No,Mailed check,29.59,2037.12,No
CUST-06971,Female,0,Yes,Yes,25,Yes,No,No,No internet service,No internet service,No internet service,No internet service,No internet service,No internet service,Month-to-month,No,Bank transfer (automatic),23.95,577.71,Yes
CUST-06972,Female,0,No,No,13,Yes,Yes,DSL,Yes,No,Yes,No,No,Yes,Two year,Yes,Bank transfer (automatic),59.26,743.54,No
CUST-06973,Female,0,No,No,40,Yes,Yes,Fiber optic,Yes,No,No,No,Yes,No,Month-to-month,No,Bank transfer (automatic),75.21,2988.43,No
CUST-06974,Male,0,No,Yes,72,Yes,No,Fiber optic,No,No,No,Yes,No,No,Two year,Yes,Bank transfer (automatic),56.8,4107.01,No
CUST-06975,Female,0,Yes,Yes,7,Yes,No,No,No internet service,No internet service,No internet service,No internet service,No internet service,No internet service,Month-to-month,Yes,Electronic check,20.21,153.56,No
CUST-06976,Female,0,Yes,No,32,Yes,Yes,DSL,No,No,Yes,No,No,Yes,Two year,Yes,Credit card (automatic),61.87,1958.79,No
CUST-06977,Female,0,No,No,24,Yes,Yes,DSL,No,No,No,Yes,Yes,No,Month-to-month,No,Electronic check,57.27,1437.18,No
CUST-06978,Male,0,Yes,No,1,Yes,Yes,No,No internet service,No internet service,No internet service,No internet service,No internet service,No internet service,One year,Yes,Electronic check,31.39,56.33,No
CUST-06979,Female,0,No,No,47,Yes,No,No,No internet service,No internet service,No internet service,No internet service,No internet service,No internet service,Two year,No,Electronic check,20.78,964.47,No
CUST-06980,Female,0,Yes,No,51,Yes,No,No,No internet service,No internet service,No internet service,No internet service,No internet service,No internet service,One year,Yes,Electronic check,31.31,1617.88,No
CUST-06981,Female,0,No,No,36,Yes,Yes,DSL,No,No,No,No,Yes,Yes,Month-to-month,No,Bank transfer (automatic),69.59,2516.18,No
CUST-06982,Male,0,No,Yes,27,No,No phone service,DSL,No,No,No,Yes,Yes,Yes,Month-to-month,Yes,Electronic check,67.7,1779.64,Yes
CUST-06983,Female,0,Yes,No,70,No,No phone service,DSL,No,No,No,No,No,Yes,Month-to-month,No,Electronic check,47.63,3360.27,No
CUST-06984,Female,0,Yes,No,42,Yes,Yes,No,No internet service,No internet service,No internet service,No internet service,No internet service,No internet service,One year,Yes,Electronic check,31.74,1275.45,No
CUST-06985,Female,0,Yes,No,68,Yes,No,Fiber optic,No,No,No,No,No,No,Month-to-month,Yes,Electronic check,64.42,4373.69,Yes
CUST-06986,Male,1,Yes,No,70,Yes,No,No,No internet service,No internet service,No internet service,No internet service,No internet service,No internet service,Month-to-month,Yes,Bank transfer (automatic),21.86,1498.18,No
CUST-06987,Female,0,No,No,13,Yes,Yes,No,No internet service,No internet service,No internet service,No internet service,No internet service,No internet service,Month-to-month,No,Mailed check,22.44,232.43,No
CUST-06988,Female,0,No,No,25,Yes,No,Fiber optic,No,Yes,No,Yes,No,No,Month-to-month,Yes,Bank transfer (automatic),60.84,1498.38,Yes
CUST-06989,Female,0,Yes,No,22,Yes,No,Fiber optic,Yes,No,No,No,Yes,No,Month-to-month,Yes,Electronic check,78.28,1681.26,Yes
CUST-06990,Male,0,Yes,No,21,No,No phone service,DSL,No,Yes,No,No,No,Yes,Month-to-month,No,Bank transfer (automatic),52.58,1083.99,Yes
CUST-06991,Male,0,Yes,Yes,15,Yes,No,Fiber optic,No,No,No,No,Yes,Yes,Two year,Yes,Electronic check,68.51,1003.1,No
CUST-06992,Female,0,No,No,67,Yes,Yes,Fiber optic,Yes,No,No,No,Yes,Yes,Month-to-month,No,Mailed check,82.15,5540.97,Yes
CUST-06993,Male,0,Yes,Yes,37,Yes,Yes,DSL,No,Yes,Yes,Yes,No,Yes,Month-to-month,Yes,Credit card (automatic),73.64,2649.84,No
CUST-06994,Male,0,No,Yes,45,Yes,Yes,DSL,No,No,No,No,No,Yes,Month-to-month,No,Electronic check,56.87,2575.62,Yes
CUST-06995,Male,0,No,No,26,Yes,Yes,Fiber optic,No,Yes,No,No,No,No,Two year,No,Credit card (automatic),65.75,1696.93,No
CUST-06996,Female,0,No,No,55,Yes,Yes,Fiber optic,No,No,Yes,No,No,No,Month-to-month,No,Electronic check,68.2,3723.85,Yes
CUST-06997,Female,1,No,No,50,Yes,No,Fiber optic,Yes,Yes,No,No,No,No,Month-to-month,Yes,Electronic check,65.82,3350.61,Yes
CUST-06998,Male,0,No,No,35,Yes,No,Fiber optic,Yes,Yes,Yes,No,Yes,No,Month-to-month,Yes,Credit card (automatic),81.27,2907.81,Yes
CUST-06999,Male,1,No,Yes,41,Yes,No,DSL,Yes,No,No,No,No,No,One year,Yes,Bank transfer (automatic),49.25,2105.41,Yes
CUST-07000,Male,0,No,Yes,72,Yes,No,No,No internet service,No internet service,No internet service,No internet service,No internet service,No internet service,Month-to-month,No,Electronic check,26.09,1885.61,No
CUST-07001,Female,1,Yes,Yes,11,Yes,No,Fiber optic,No,No,No,No,Yes,Yes,Month-to-month,No,Bank transfer (automatic),73.11,703.42,Yes
CUST-07002,Female,0,No,No,8,Yes,No,Fiber optic,No,No,No,Yes,Yes,Yes,One year,Yes,Credit card (automatic),73.51,607.44,Yes
CUST-07003,Male,0,Yes,Yes,54,Yes,Yes,DSL,Yes,No,Yes,No,No,No,Month-to-month,No,Credit card (automatic),54.87,2934.96,No
CUST-07004,Male,0,No,Yes,1,Yes,No,Fiber optic,No,Yes,No,Yes,Yes,No,Month-to-month,Yes,Credit card (automatic),73.6,73.79,No
CUST-07005,Male,1,No,No,20,Yes,Yes,Fiber optic,No,Yes,No,No,No,No,Two year,No,Credit card (automatic),64.48,1372.06,No
CUST-07006,Male,0,No,Yes,34,Yes,No,DSL,No,Yes,Yes,No,No,Yes,Month-to-month,Yes,Electronic check,55.79,1906.77,Yes
CUST-07007,Female,0,No,Yes,57,Yes,No,Fiber optic,No,No,Yes,No,No,Yes,Month-to-month,Yes,Bank transfer (automatic),68.28,3941.78,No
CUST-07008,Male,1,Yes,No,13,Yes,Yes,DSL,No,Yes,Yes,No,Yes,Yes,Month-to-month,Yes,Electronic check,81.13,1011.17,Yes
CUST-07009,Female,0,No,No,54,Yes,Yes,Fiber optic,No,No,No,No,No,Yes,Month-to-month,No,Credit card (automatic),75.87,4106.77,No
CUST-07010,Male,0,Yes,No,53,Yes,No,No,No internet service,No internet service,No internet service,No internet service,No internet service,No internet service,Two year,Yes,Electronic check,23.34,1187.17,No
CUST-07011,Male,1,Yes,No,52,Yes,No,DSL,No,Yes,Yes,No,No,Yes,One year,No,Bank transfer (automatic),59.45,3037.52,No
CUST-07012,Male,0,Yes,No,6,Yes,No,Fiber optic,No,Yes,No,No,No,No,Month-to-month,Yes,Electronic check,55.63,305.45,Yes
CUST-07013,Male,0,Yes,Yes,36,Yes,Yes,Fiber optic,Yes,No,No,No,Yes,Yes,Month-to-month,Yes,Credit card (automatic),88.68,3147.85,No
CUST-07014,Male,0,No,No,25,Yes,No,No,No internet service,No internet service,No internet service,No internet service,No internet service,No internet service,Month-to-month,No,Mailed check,25.0,635.89,Yes
CUST-07015,Female,0,No,No,58,Yes,Yes,Fiber optic,Yes,No,No,Yes,Yes,Yes,One year,No,Mailed check,87.04,4976.45,No
CUST-07016,Male,0,No,No,55,Yes,No,No,No internet service,No internet service,No internet service,No internet service,No internet service,No internet service,One year,Yes,Mailed check,20.67,1106.89,No
CUST-07017,Male,1,Yes,No,3,Yes,No,No,No internet service,No internet service,No internet service,No internet service,No internet service,No internet service,Month-to-month,No,Bank transfer (automatic),27.09,18.0,No
CUST-07018,Male,0,No,No,28,Yes,Yes,Fiber optic,Yes,No,No,No,Yes,Yes,Month-to-month,Yes,Credit card (automatic),78.93,2125.91,Yes
CUST-07019,Female,0,No,No,68,Yes,Yes,DSL,No,Yes,Yes,No,No,No,Month-to-month,No,Credit card (automatic),53.73,3588.25,No
CUST-07020,Female,0,No,No,38,Yes,Yes,Fiber optic,No,No,No,No,Yes,No,Two year,Yes,Electronic check,71.17,2705.93,Yes
CUST-07021,Female,0,No,No,34,Yes,No,DSL,No,No,No,Yes,No,Yes,Two year,Yes,Mailed check,62.79,2129.59,No
CUST-07022,Female,0,No,No,13,No,No phone service,Fiber optic,No,No,Yes,No,No,No,Month-to-month,Yes,Mailed check,59.92,841.04,No
CUST-07023,Male,0,Yes,No,5,Yes,Yes,Fiber optic,No,No,Yes,No,No,No,Month-to-month,Yes,Electronic check,74.99,425.62,Yes
CUST-07024,Male,0,No,No,60,Yes,Yes,Fiber optic,Yes,Yes,No,No,Yes,Yes,One year,Yes,Bank transfer (automatic),89.7,5423.38,No
CUST-07025,Male,0,No,Yes,17,Yes,Yes,DSL,Yes,No,Yes,No,Yes,No,Two year,No,Bank transfer (automatic),67.41,1199.22,No
CUST-07026,Female,0,No,No,57,Yes,Yes,Fiber optic,No,No,No,No,No,No,One year,Yes,Credit card (automatic),60.47,3366.11,Yes
CUST-07027,Male,0,Yes,Yes,31,Yes,No,No,No internet service,No internet service,No internet service,No internet service,No internet service,No internet service,Month-to-month,Yes,Bank transfer (automatic),24.6,743.71,No
CUST-07028,Male,0,No,Yes,65,Yes,No,DSL,No,No,No,No,Yes,Yes,Month-to-month,No,Electronic check,55.87,3642.79,Yes
CUST-07029,Female,0,No,No,66,Yes,No,Fiber optic,No,Yes,No,No,Yes,Yes,One year,No,Credit card (automatic),83.88,5536.59,No
CUST-07030,Female,0,No,No,33,Yes,Yes,Fiber optic,Yes,No,No,Yes,No,No,Month-to-month,Yes,Electronic check,66.71,2203.18,Yes
CUST-07031,Female,0,No,Yes,4,No,No phone service,DSL,No,Yes,Yes,No,No,Yes,One year,Yes,Bank transfer (automatic),58.5,146.8,No
CUST-07032,Male,0,Yes,No,55,Yes,Yes,Fiber optic,No,No,No,No,No,No,One year,No,Bank transfer (automatic),64.8,3515.72,No
CUST-07033,Male,0,Yes,No,24,Yes,No,Fiber optic,No,No,Yes,Yes,No,Yes,Month-to-month,Yes,Electronic check,71.65,1645.58,Yes
CUST-07034,Female,0,No,No,32,Yes,No,Fiber optic,No,No,Yes,No,No,No,One year,Yes,Mailed check,63.6,2125.16,No
CUST-07035,Male,0,No,Yes,47,Yes,Yes,Fiber optic,No,Yes,Yes,No,No,No,Month-to-month,Yes,Electronic check,67.09,3146.23,Yes
CUST-07036,Female,0,No,No,16,No,No phone service,Fiber optic,No,No,No,No,No,No,Month-to-month,Yes,Bank transfer (automatic),47.89,737.97,Yes
CUST-07037,Female,0,Yes,No,21,Yes,No,Fiber optic,No,No,No,No,No,Yes,Two year,Yes,Bank transfer (automatic),64.58,1379.67,No
CUST-07038,Male,0,No,No,67,Yes,No,DSL,No,Yes,Yes,No,Yes,Yes,One year,Yes,Mailed check,64.68,4373.84,No
CUST-07039,Female,0,Yes,No,31,Yes,No,Fiber optic,No,No,No,No,Yes,No,One year,Yes,Electronic check,61.17,1953.02,No
CUST-07040,Female,0,No,No,14,Yes,Yes,DSL,No,Yes,Yes,No,No,Yes,Month-to-month,Yes,Bank transfer (automatic),57.29,826.83,Yes
CUST-07041,Female,0,Yes,Yes,6,No,No phone service,Fiber optic,No,Yes,No,No,No,No,One year,Yes,Credit card (automatic),56.5,429.05,Yes
CUST-07042,Male,1,No,No,69,Yes,Yes,DSL,No,Yes,No,No,No,No,One year,No,Bank transfer (automatic),47.77,3256.79,No
CUST-07043,Female,0,Yes,No,29,Yes,Yes,No,No internet service,No internet service,No internet service,No internet service,No internet service,No internet service,Month-to-month,Yes,Credit card (automatic),32.75,884.1,Yes
